ISO-10303-21;
HEADER;
FILE_DESCRIPTION (( 'STEP AP214' ),
    '1' );
FILE_NAME ('2EDB7259YXUMA1.STEP',
    '2024-06-29T15:20:50',
    ( '' ),
    ( '' ),
    'SwSTEP 2.0',
    'SolidWorks 2023',
    '' );
FILE_SCHEMA (( 'AUTOMOTIVE_DESIGN' ));
ENDSEC;

DATA;
#1 = ORIENTED_EDGE ( 'NONE', *, *, #3583, .F. ) ;
#2 = CARTESIAN_POINT ( 'NONE',  ( -0.4300000000000007150, 0.1000000000000000056, 3.000000000000000000 ) ) ;
#3 = CARTESIAN_POINT ( 'NONE',  ( -2.110000000000000764, 0.6426742005207811692, -2.260000000000000231 ) ) ;
#4 = CARTESIAN_POINT ( 'NONE',  ( 2.109999999999999432, 0.7249999999999999778, -2.000000000000000000 ) ) ;
#5 = CARTESIAN_POINT ( 'NONE',  ( 3.379999999999999449, 0.1823257994792188419, -2.459999999999999964 ) ) ;
#6 = CARTESIAN_POINT ( 'NONE',  ( -4.650000000000000355, 0.7249999999999999778, -2.000000000000000000 ) ) ;
#7 = CARTESIAN_POINT ( 'NONE',  ( -1.700000000000001066, 0.6426742005207811692, -2.459999999999999964 ) ) ;
#8 =( GEOMETRIC_REPRESENTATION_CONTEXT ( 3 ) GLOBAL_UNCERTAINTY_ASSIGNED_CONTEXT ( ( #7918 ) ) GLOBAL_UNIT_ASSIGNED_CONTEXT ( ( #5074, #8460, #2808 ) ) REPRESENTATION_CONTEXT ( 'NONE', 'WORKASPACE' ) );
#9 = PLANE ( 'NONE',  #8021 ) ;
#10 = CARTESIAN_POINT ( 'NONE',  ( 3.379999999999999449, 0.1823257994792188419, 2.459999999999999964 ) ) ;
#11 = AXIS2_PLACEMENT_3D ( 'NONE', #248, #8996, #5022 ) ;
#12 = DIRECTION ( 'NONE',  ( -1.000000000000000000, 0.000000000000000000, 0.000000000000000000 ) ) ;
#13 = LINE ( 'NONE', #4213, #8112 ) ;
#14 = CARTESIAN_POINT ( 'NONE',  ( -4.240000000000001101, 0.7249999999999999778, -2.000000000000000000 ) ) ;
#15 = ORIENTED_EDGE ( 'NONE', *, *, #2169, .T. ) ;
#16 = EDGE_CURVE ( 'NONE', #6315, #1760, #675, .T. ) ;
#17 = CARTESIAN_POINT ( 'NONE',  ( 0.8399999999999996358, 0.9249999999999998224, -2.177674200520781422 ) ) ;
#18 = VECTOR ( 'NONE', #5194, 1000.000000000000000 ) ;
#19 = CARTESIAN_POINT ( 'NONE',  ( 4.649999999999999467, -0.1000000000000000056, -3.000000000000000000 ) ) ;
#20 = FILL_AREA_STYLE ('',( #4177 ) ) ;
#21 = LINE ( 'NONE', #4111, #10395 ) ;
#22 = VERTEX_POINT ( 'NONE', #3895 ) ;
#23 = ORIENTED_EDGE ( 'NONE', *, *, #3493, .T. ) ;
#24 =( LENGTH_UNIT ( ) NAMED_UNIT ( * ) SI_UNIT ( .MILLI., .METRE. ) );
#25 = ORIENTED_EDGE ( 'NONE', *, *, #3733, .T. ) ;
#26 = VECTOR ( 'NONE', #6071, 1000.000000000000000 ) ;
#27 = ADVANCED_FACE ( 'NONE', ( #10383 ), #2467, .T. ) ;
#28 = DIRECTION ( 'NONE',  ( -1.000000000000000000, -0.000000000000000000, -0.000000000000000000 ) ) ;
#29 = EDGE_CURVE ( 'NONE', #722, #6580, #5035, .T. ) ;
#30 = CARTESIAN_POINT ( 'NONE',  ( -4.650000000000000355, 0.7249999999999999778, -2.000000000000000000 ) ) ;
#31 = COLOUR_RGB ( '',0.7529411764705882248, 0.7529411764705882248, 0.7529411764705882248 ) ;
#32 =( NAMED_UNIT ( * ) SI_UNIT ( $, .STERADIAN. ) SOLID_ANGLE_UNIT ( ) );
#33 = CARTESIAN_POINT ( 'NONE',  ( -5.000000000000000888, 0.7000000000000166089, 2.000000000000000000 ) ) ;
#34 = ORIENTED_EDGE ( 'NONE', *, *, #9953, .T. ) ;
#35 = ORIENTED_EDGE ( 'NONE', *, *, #5062, .T. ) ;
#36 = DIRECTION ( 'NONE',  ( 0.000000000000000000, 0.000000000000000000, 1.000000000000000000 ) ) ;
#37 = EDGE_CURVE ( 'NONE', #3796, #7573, #7319, .T. ) ;
#38 =( NAMED_UNIT ( * ) PLANE_ANGLE_UNIT ( ) SI_UNIT ( $, .RADIAN. ) );
#39 = CARTESIAN_POINT ( 'NONE',  ( -0.8400000000000005240, 0.6426742005207811692, -2.177674200520781422 ) ) ;
#40 = SURFACE_STYLE_USAGE ( .BOTH. , #9666 ) ;
#41 = ORIENTED_EDGE ( 'NONE', *, *, #3877, .F. ) ;
#42 = CARTESIAN_POINT ( 'NONE',  ( -4.240000000000001101, 0.1823257994792188419, -2.542325799479218773 ) ) ;
#43 = CARTESIAN_POINT ( 'NONE',  ( 1.699999999999999734, 0.1823257994792188419, 2.459999999999999964 ) ) ;
#44 = ORIENTED_EDGE ( 'NONE', *, *, #8686, .F. ) ;
#45 = DIRECTION ( 'NONE',  ( -1.000000000000000000, -0.000000000000000000, -0.000000000000000000 ) ) ;
#46 = CARTESIAN_POINT ( 'NONE',  ( -4.240000000000001101, 0.7249999999999999778, 2.000000000000000000 ) ) ;
#47 =( NAMED_UNIT ( * ) SI_UNIT ( $, .STERADIAN. ) SOLID_ANGLE_UNIT ( ) );
#48 = EDGE_CURVE ( 'NONE', #1843, #3698, #8370, .T. ) ;
#49 = FILL_AREA_STYLE ('',( #9578 ) ) ;
#50 =( LENGTH_UNIT ( ) NAMED_UNIT ( * ) SI_UNIT ( .MILLI., .METRE. ) );
#51 = DIRECTION ( 'NONE',  ( -1.000000000000000000, -0.000000000000000000, -0.000000000000000000 ) ) ;
#52 = DIRECTION ( 'NONE',  ( 0.000000000000000000, -0.000000000000000000, 1.000000000000000000 ) ) ;
#53 = CARTESIAN_POINT ( 'NONE',  ( 4.649999999999999467, 0.9250000000000000444, 2.000000000000000000 ) ) ;
#54 = FILL_AREA_STYLE_COLOUR ( '', #7620 ) ;
#55 = EDGE_CURVE ( 'NONE', #5858, #647, #9119, .T. ) ;
#56 = DIRECTION ( 'NONE',  ( -1.000000000000000000, -0.000000000000000000, -0.000000000000000000 ) ) ;
#57 = VERTEX_POINT ( 'NONE', #6660 ) ;
#58 = UNCERTAINTY_MEASURE_WITH_UNIT (LENGTH_MEASURE( 1.000000000000000082E-05 ), #1158, 'distance_accuracy_value', 'NONE');
#59 = DIRECTION ( 'NONE',  ( -1.000000000000000000, -0.000000000000000000, -0.000000000000000000 ) ) ;
#60 = CARTESIAN_POINT ( 'NONE',  ( -4.876571113504073907, 1.325013441505971779, 1.933875012134159244 ) ) ;
#61 = CARTESIAN_POINT ( 'NONE',  ( -2.970000000000000639, 0.1823257994792188696, -2.259999999999999787 ) ) ;
#62 = EDGE_CURVE ( 'NONE', #7945, #4018, #2720, .T. ) ;
#63 = SURFACE_SIDE_STYLE ('',( #1632 ) ) ;
#64 = VERTEX_POINT ( 'NONE', #1885 ) ;
#65 = LINE ( 'NONE', #9810, #1436 ) ;
#66 = VERTEX_POINT ( 'NONE', #4984 ) ;
#67 = VECTOR ( 'NONE', #2736, 1000.000000000000000 ) ;
#68 = UNCERTAINTY_MEASURE_WITH_UNIT (LENGTH_MEASURE( 1.000000000000000082E-05 ), #4999, 'distance_accuracy_value', 'NONE');
#69 = FILL_AREA_STYLE_COLOUR ( '', #603 ) ;
#70 =( LENGTH_UNIT ( ) NAMED_UNIT ( * ) SI_UNIT ( .MILLI., .METRE. ) );
#71 = SURFACE_STYLE_FILL_AREA ( #2489 ) ;
#72 = FACE_OUTER_BOUND ( 'NONE', #5493, .T. ) ;
#73 = PRESENTATION_LAYER_ASSIGNMENT (  '', '', ( #8652 ) ) ;
#74 = LINE ( 'NONE', #9031, #3273 ) ;
#75 = VECTOR ( 'NONE', #9509, 1000.000000000000000 ) ;
#76 = EDGE_CURVE ( 'NONE', #961, #9619, #5980, .T. ) ;
#77 = SURFACE_STYLE_FILL_AREA ( #1859 ) ;
#78 = ORIENTED_EDGE ( 'NONE', *, *, #6266, .T. ) ;
#79 = STYLED_ITEM ( 'NONE', ( #7411 ), #7610 ) ;
#80 = ORIENTED_EDGE ( 'NONE', *, *, #1853, .F. ) ;
#81 = SURFACE_SIDE_STYLE ('',( #2699 ) ) ;
#82 = MECHANICAL_DESIGN_GEOMETRIC_PRESENTATION_REPRESENTATION (  '', ( #1575 ), #5942 ) ;
#83 = SURFACE_STYLE_FILL_AREA ( #7228 ) ;
#84 = VECTOR ( 'NONE', #10314, 1000.000000000000000 ) ;
#85 = PRESENTATION_LAYER_ASSIGNMENT (  '', '', ( #9834 ) ) ;
#86 = FACE_OUTER_BOUND ( 'NONE', #5731, .T. ) ;
#87 = FILL_AREA_STYLE_COLOUR ( '', #9681 ) ;
#88 = LINE ( 'NONE', #3080, #10341 ) ;
#89 = PRESENTATION_STYLE_ASSIGNMENT (( #40 ) ) ;
#90 = LINE ( 'NONE', #9726, #6861 ) ;
#91 = EDGE_CURVE ( 'NONE', #7390, #3630, #1021, .T. ) ;
#92 = ORIENTED_EDGE ( 'NONE', *, *, #5796, .T. ) ;
#93 = AXIS2_PLACEMENT_3D ( 'NONE', #2545, #1902, #4188 ) ;
#94 = VECTOR ( 'NONE', #4701, 1000.000000000000000 ) ;
#95 = SURFACE_SIDE_STYLE ('',( #2507 ) ) ;
#96 = PRESENTATION_LAYER_ASSIGNMENT (  '', '', ( #10361 ) ) ;
#97 = PLANE ( 'NONE',  #9454 ) ;
#98 = ADVANCED_FACE ( 'NONE', ( #5921 ), #367, .T. ) ;
#99 = EDGE_LOOP ( 'NONE', ( #8288, #8765, #782, #4705 ) ) ;
#100 = CARTESIAN_POINT ( 'NONE',  ( 4.240000000000000213, 0.9250000000000000444, 2.000000000000000000 ) ) ;
#101 = DIRECTION ( 'NONE',  ( 0.000000000000000000, -0.000000000000000000, 1.000000000000000000 ) ) ;
#102 = CARTESIAN_POINT ( 'NONE',  ( -1.700000000000001066, 0.6426742005207811692, 2.177674200520781422 ) ) ;
#103 = DIRECTION ( 'NONE',  ( -1.000000000000000000, -0.000000000000000000, -0.000000000000000000 ) ) ;
#104 = SURFACE_SIDE_STYLE ('',( #2398 ) ) ;
#105 = VECTOR ( 'NONE', #7799, 1000.000000000000000 ) ;
#106 = VECTOR ( 'NONE', #10345, 1000.000000000000000 ) ;
#107 =( LENGTH_UNIT ( ) NAMED_UNIT ( * ) SI_UNIT ( .MILLI., .METRE. ) );
#108 = SURFACE_SIDE_STYLE ('',( #5665 ) ) ;
#109 = CIRCLE ( 'NONE', #9191, 0.2823257994792188752 ) ;
#110 = SURFACE_SIDE_STYLE ('',( #4891 ) ) ;
#111 = CARTESIAN_POINT ( 'NONE',  ( 4.649999999999999467, 0.9250000000000000444, -2.000000000000000000 ) ) ;
#112 = EDGE_CURVE ( 'NONE', #5011, #439, #9997, .T. ) ;
#113 = EDGE_CURVE ( 'NONE', #1430, #3372, #7350, .T. ) ;
#114 = ORIENTED_EDGE ( 'NONE', *, *, #836, .F. ) ;
#115 =( NAMED_UNIT ( * ) SI_UNIT ( $, .STERADIAN. ) SOLID_ANGLE_UNIT ( ) );
#116 = STYLED_ITEM ( 'NONE', ( #5875 ), #98 ) ;
#117 = SURFACE_STYLE_USAGE ( .BOTH. , #929 ) ;
#118 = AXIS2_PLACEMENT_3D ( 'NONE', #2685, #5730, #5679 ) ;
#119 = EDGE_CURVE ( 'NONE', #3944, #2940, #923, .T. ) ;
#120 = PRESENTATION_STYLE_ASSIGNMENT (( #4744 ) ) ;
#121 = VECTOR ( 'NONE', #6004, 1000.000000000000000 ) ;
#122 = AXIS2_PLACEMENT_3D ( 'NONE', #2, #815, #5603 ) ;
#123 = CARTESIAN_POINT ( 'NONE',  ( 0.8399999999999996358, 0.1000000000000000056, 3.000000000000000000 ) ) ;
#124 = AXIS2_PLACEMENT_3D ( 'NONE', #2817, #6032, #9273 ) ;
#125 = ORIENTED_EDGE ( 'NONE', *, *, #1273, .F. ) ;
#126 = VECTOR ( 'NONE', #1413, 1000.000000000000000 ) ;
#127 = DIRECTION ( 'NONE',  ( -0.000000000000000000, -1.000000000000000000, -0.000000000000000000 ) ) ;
#128 = ORIENTED_EDGE ( 'NONE', *, *, #9166, .F. ) ;
#129 = CARTESIAN_POINT ( 'NONE',  ( -1.700000000000001510, 0.7249999999999999778, -2.000000000000000000 ) ) ;
#130 = DIRECTION ( 'NONE',  ( 1.000000000000000000, 0.000000000000000000, 0.000000000000000000 ) ) ;
#131 = MECHANICAL_DESIGN_GEOMETRIC_PRESENTATION_REPRESENTATION (  '', ( #9209 ), #3483 ) ;
#132 = DIRECTION ( 'NONE',  ( -0.000000000000000000, 1.000000000000000000, 0.000000000000000000 ) ) ;
#133 = EDGE_CURVE ( 'NONE', #8651, #2620, #3804, .T. ) ;
#134 = LINE ( 'NONE', #6461, #5460 ) ;
#135 = PRESENTATION_LAYER_ASSIGNMENT (  '', '', ( #9216 ) ) ;
#136 = SURFACE_STYLE_USAGE ( .BOTH. , #8285 ) ;
#137 = DIRECTION ( 'NONE',  ( -1.000000000000000000, -0.000000000000000000, -0.000000000000000000 ) ) ;
#138 =( NAMED_UNIT ( * ) SI_UNIT ( $, .STERADIAN. ) SOLID_ANGLE_UNIT ( ) );
#139 = EDGE_LOOP ( 'NONE', ( #3773, #5639, #5654, #2684 ) ) ;
#140 = VECTOR ( 'NONE', #6190, 1000.000000000000000 ) ;
#141 = ORIENTED_EDGE ( 'NONE', *, *, #3413, .T. ) ;
#142 = LINE ( 'NONE', #4078, #749 ) ;
#143 = DIRECTION ( 'NONE',  ( 0.000000000000000000, 0.000000000000000000, 1.000000000000000000 ) ) ;
#144 = EDGE_CURVE ( 'NONE', #5834, #9286, #9838, .T. ) ;
#145 = DIRECTION ( 'NONE',  ( 0.000000000000000000, 0.000000000000000000, 1.000000000000000000 ) ) ;
#146 = FILL_AREA_STYLE ('',( #9041 ) ) ;
#147 = PRESENTATION_LAYER_ASSIGNMENT (  '', '', ( #4000 ) ) ;
#148 = FACE_OUTER_BOUND ( 'NONE', #10074, .T. ) ;
#149 = DIRECTION ( 'NONE',  ( -1.000000000000000000, -0.000000000000000000, -0.000000000000000000 ) ) ;
#150 = ORIENTED_EDGE ( 'NONE', *, *, #8746, .F. ) ;
#151 = ORIENTED_EDGE ( 'NONE', *, *, #988, .T. ) ;
#152 =( GEOMETRIC_REPRESENTATION_CONTEXT ( 3 ) GLOBAL_UNCERTAINTY_ASSIGNED_CONTEXT ( ( #9211 ) ) GLOBAL_UNIT_ASSIGNED_CONTEXT ( ( #3526, #8271, #7552 ) ) REPRESENTATION_CONTEXT ( 'NONE', 'WORKASPACE' ) );
#153 = FILL_AREA_STYLE_COLOUR ( '', #10098 ) ;
#154 = MECHANICAL_DESIGN_GEOMETRIC_PRESENTATION_REPRESENTATION (  '', ( #2148 ), #9735 ) ;
#155 =( NAMED_UNIT ( * ) SI_UNIT ( $, .STERADIAN. ) SOLID_ANGLE_UNIT ( ) );
#156 = ADVANCED_FACE ( 'NONE', ( #9063 ), #1832, .T. ) ;
#157 =( NAMED_UNIT ( * ) PLANE_ANGLE_UNIT ( ) SI_UNIT ( $, .RADIAN. ) );
#158 = EDGE_CURVE ( 'NONE', #2207, #1688, #8422, .T. ) ;
#159 = CARTESIAN_POINT ( 'NONE',  ( -4.650000000000000355, 0.6426742005207811692, -2.260000000000000231 ) ) ;
#160 = UNCERTAINTY_MEASURE_WITH_UNIT (LENGTH_MEASURE( 1.000000000000000082E-05 ), #218, 'distance_accuracy_value', 'NONE');
#161 = SURFACE_SIDE_STYLE ('',( #6431 ) ) ;
#162 = LINE ( 'NONE', #5867, #3421 ) ;
#163 = SURFACE_STYLE_USAGE ( .BOTH. , #7346 ) ;
#164 = SURFACE_STYLE_FILL_AREA ( #1931 ) ;
#165 = COLOUR_RGB ( '',0.7529411764705882248, 0.7529411764705882248, 0.7529411764705882248 ) ;
#166 = STYLED_ITEM ( 'NONE', ( #8990 ), #8331 ) ;
#167 = FACE_OUTER_BOUND ( 'NONE', #7752, .T. ) ;
#168 = SURFACE_STYLE_USAGE ( .BOTH. , #110 ) ;
#169 = CARTESIAN_POINT ( 'NONE',  ( -4.650000000000000355, 0.9250000000000000444, 2.000000000000000000 ) ) ;
#170 = AXIS2_PLACEMENT_3D ( 'NONE', #7144, #9636, #3161 ) ;
#171 = ORIENTED_EDGE ( 'NONE', *, *, #6769, .F. ) ;
#172 = DIRECTION ( 'NONE',  ( 0.000000000000000000, 0.000000000000000000, -1.000000000000000000 ) ) ;
#173 =( LENGTH_UNIT ( ) NAMED_UNIT ( * ) SI_UNIT ( .MILLI., .METRE. ) );
#174 = UNCERTAINTY_MEASURE_WITH_UNIT (LENGTH_MEASURE( 1.000000000000000082E-05 ), #505, 'distance_accuracy_value', 'NONE');
#175 = DIRECTION ( 'NONE',  ( -1.000000000000000000, -0.000000000000000000, -0.000000000000000000 ) ) ;
#176 = VECTOR ( 'NONE', #2133, 1000.000000000000000 ) ;
#177 = LINE ( 'NONE', #2677, #8945 ) ;
#178 = AXIS2_PLACEMENT_3D ( 'NONE', #3260, #9691, #3798 ) ;
#179 = SURFACE_STYLE_FILL_AREA ( #6614 ) ;
#180 = SURFACE_STYLE_USAGE ( .BOTH. , #7361 ) ;
#181 = DIRECTION ( 'NONE',  ( 0.000000000000000000, 0.000000000000000000, 1.000000000000000000 ) ) ;
#182 = ORIENTED_EDGE ( 'NONE', *, *, #3555, .T. ) ;
#183 = CARTESIAN_POINT ( 'NONE',  ( 4.649999999999999467, 0.9250000000000000444, -2.000000000000000000 ) ) ;
#184 = ORIENTED_EDGE ( 'NONE', *, *, #7156, .T. ) ;
#185 = UNCERTAINTY_MEASURE_WITH_UNIT (LENGTH_MEASURE( 1.000000000000000082E-05 ), #5164, 'distance_accuracy_value', 'NONE');
#186 = CARTESIAN_POINT ( 'NONE',  ( 2.969999999999999751, 0.7249999999999999778, -2.000000000000000000 ) ) ;
#187 = STYLED_ITEM ( 'NONE', ( #3946 ), #3046 ) ;
#188 = DIRECTION ( 'NONE',  ( 0.000000000000000000, 0.000000000000000000, 1.000000000000000000 ) ) ;
#189 = DIRECTION ( 'NONE',  ( 0.000000000000000000, -0.000000000000000000, -1.000000000000000000 ) ) ;
#190 = VECTOR ( 'NONE', #1221, 1000.000000000000000 ) ;
#191 =( GEOMETRIC_REPRESENTATION_CONTEXT ( 3 ) GLOBAL_UNCERTAINTY_ASSIGNED_CONTEXT ( ( #234 ) ) GLOBAL_UNIT_ASSIGNED_CONTEXT ( ( #9138, #9971, #1001 ) ) REPRESENTATION_CONTEXT ( 'NONE', 'WORKASPACE' ) );
#192 = PLANE ( 'NONE',  #1794 ) ;
#193 =( GEOMETRIC_REPRESENTATION_CONTEXT ( 3 ) GLOBAL_UNCERTAINTY_ASSIGNED_CONTEXT ( ( #9715 ) ) GLOBAL_UNIT_ASSIGNED_CONTEXT ( ( #8360, #5075, #4206 ) ) REPRESENTATION_CONTEXT ( 'NONE', 'WORKASPACE' ) );
#194 = EDGE_CURVE ( 'NONE', #3704, #5007, #7169, .T. ) ;
#195 = ORIENTED_EDGE ( 'NONE', *, *, #1389, .F. ) ;
#196 = SURFACE_SIDE_STYLE ('',( #8292 ) ) ;
#197 =( NAMED_UNIT ( * ) SI_UNIT ( $, .STERADIAN. ) SOLID_ANGLE_UNIT ( ) );
#198 = CARTESIAN_POINT ( 'NONE',  ( 4.240000000000000213, 0.7249999999999999778, 2.000000000000000000 ) ) ;
#199 = CARTESIAN_POINT ( 'NONE',  ( 1.699999999999999734, -0.1000000000000000056, -2.542325799479218773 ) ) ;
#200 = EDGE_LOOP ( 'NONE', ( #1955, #9539, #2653, #9047 ) ) ;
#201 = ADVANCED_FACE ( 'NONE', ( #7592 ), #6813, .T. ) ;
#202 = PRESENTATION_STYLE_ASSIGNMENT (( #4926 ) ) ;
#203 = VERTEX_POINT ( 'NONE', #7060 ) ;
#204 = FILL_AREA_STYLE_COLOUR ( '', #5638 ) ;
#205 = CYLINDRICAL_SURFACE ( 'NONE', #821, 0.2823257994792188752 ) ;
#206 =( LENGTH_UNIT ( ) NAMED_UNIT ( * ) SI_UNIT ( .MILLI., .METRE. ) );
#207 =( NAMED_UNIT ( * ) PLANE_ANGLE_UNIT ( ) SI_UNIT ( $, .RADIAN. ) );
#208 = LINE ( 'NONE', #3404, #315 ) ;
#209 = CARTESIAN_POINT ( 'NONE',  ( -0.4300000000000007150, 0.7249999999999999778, 2.000000000000000000 ) ) ;
#210 = DIRECTION ( 'NONE',  ( 0.000000000000000000, 0.000000000000000000, -1.000000000000000000 ) ) ;
#211 = EDGE_CURVE ( 'NONE', #1010, #6299, #5240, .T. ) ;
#212 = DIRECTION ( 'NONE',  ( 1.000000000000000000, 0.000000000000000000, 0.000000000000000000 ) ) ;
#213 = ADVANCED_FACE ( 'NONE', ( #7645 ), #463, .F. ) ;
#214 = SURFACE_STYLE_FILL_AREA ( #5819 ) ;
#215 = VERTEX_POINT ( 'NONE', #3384 ) ;
#216 =( NAMED_UNIT ( * ) SI_UNIT ( $, .STERADIAN. ) SOLID_ANGLE_UNIT ( ) );
#217 = FACE_OUTER_BOUND ( 'NONE', #1372, .T. ) ;
#218 =( LENGTH_UNIT ( ) NAMED_UNIT ( * ) SI_UNIT ( .MILLI., .METRE. ) );
#219 = CARTESIAN_POINT ( 'NONE',  ( -4.882915763303059542, 0.03598229705682233492, -1.882915763303058654 ) ) ;
#220 = DIRECTION ( 'NONE',  ( -1.000000000000000000, -0.000000000000000000, -0.000000000000000000 ) ) ;
#221 = SURFACE_STYLE_USAGE ( .BOTH. , #3577 ) ;
#222 = ORIENTED_EDGE ( 'NONE', *, *, #7121, .F. ) ;
#223 = ORIENTED_EDGE ( 'NONE', *, *, #2279, .T. ) ;
#224 = ORIENTED_EDGE ( 'NONE', *, *, #633, .T. ) ;
#225 = ADVANCED_FACE ( 'NONE', ( #7422 ), #10313, .F. ) ;
#226 = SURFACE_STYLE_USAGE ( .BOTH. , #1799 ) ;
#227 = EDGE_CURVE ( 'NONE', #1797, #1932, #8096, .T. ) ;
#228 = FILL_AREA_STYLE ('',( #9766 ) ) ;
#229 = SURFACE_STYLE_FILL_AREA ( #4233 ) ;
#230 =( NAMED_UNIT ( * ) SI_UNIT ( $, .STERADIAN. ) SOLID_ANGLE_UNIT ( ) );
#231 = CARTESIAN_POINT ( 'NONE',  ( -3.380000000000000338, 0.7249999999999999778, -2.000000000000000000 ) ) ;
#232 = CARTESIAN_POINT ( 'NONE',  ( -4.876571113504073907, 1.649999999999999911, 1.714668810570630475 ) ) ;
#233 = ORIENTED_EDGE ( 'NONE', *, *, #6107, .T. ) ;
#234 = UNCERTAINTY_MEASURE_WITH_UNIT (LENGTH_MEASURE( 1.000000000000000082E-05 ), #9138, 'distance_accuracy_value', 'NONE');
#235 = ADVANCED_FACE ( 'NONE', ( #4716 ), #6321, .T. ) ;
#236 = DIRECTION ( 'NONE',  ( 0.000000000000000000, 1.000000000000000000, 0.000000000000000000 ) ) ;
#237 = ADVANCED_FACE ( 'NONE', ( #4762 ), #6218, .T. ) ;
#238 = AXIS2_PLACEMENT_3D ( 'NONE', #33, #3180, #801 ) ;
#239 = PRESENTATION_LAYER_ASSIGNMENT (  '', '', ( #1044 ) ) ;
#240 = CARTESIAN_POINT ( 'NONE',  ( 2.969999999999999751, 0.6426742005207811692, -2.459999999999999964 ) ) ;
#241 =( NAMED_UNIT ( * ) SI_UNIT ( $, .STERADIAN. ) SOLID_ANGLE_UNIT ( ) );
#242 = ORIENTED_EDGE ( 'NONE', *, *, #2169, .F. ) ;
#243 = COLOUR_RGB ( '',0.7529411764705882248, 0.7529411764705882248, 0.7529411764705882248 ) ;
#244 = FACE_OUTER_BOUND ( 'NONE', #5111, .T. ) ;
#245 = STYLED_ITEM ( 'NONE', ( #7232 ), #1097 ) ;
#246 = ORIENTED_EDGE ( 'NONE', *, *, #10127, .T. ) ;
#247 = CARTESIAN_POINT ( 'NONE',  ( 2.109999999999999432, 0.7249999999999998668, 2.177674200520781422 ) ) ;
#248 = CARTESIAN_POINT ( 'NONE',  ( -0.4300000000000007150, -0.1000000000000000056, -2.542325799479218773 ) ) ;
#249 = CARTESIAN_POINT ( 'NONE',  ( -2.110000000000000764, 0.6426742005207811692, -2.177674200520781422 ) ) ;
#250 = SURFACE_STYLE_USAGE ( .BOTH. , #8256 ) ;
#251 = UNCERTAINTY_MEASURE_WITH_UNIT (LENGTH_MEASURE( 1.000000000000000082E-05 ), #5825, 'distance_accuracy_value', 'NONE');
#252 = EDGE_CURVE ( 'NONE', #3023, #5179, #1910, .T. ) ;
#253 =( GEOMETRIC_REPRESENTATION_CONTEXT ( 3 ) GLOBAL_UNCERTAINTY_ASSIGNED_CONTEXT ( ( #6238 ) ) GLOBAL_UNIT_ASSIGNED_CONTEXT ( ( #9922, #5105, #1092 ) ) REPRESENTATION_CONTEXT ( 'NONE', 'WORKASPACE' ) );
#254 = DIRECTION ( 'NONE',  ( 0.000000000000000000, 0.000000000000000000, -1.000000000000000000 ) ) ;
#255 =( NAMED_UNIT ( * ) PLANE_ANGLE_UNIT ( ) SI_UNIT ( $, .RADIAN. ) );
#256 = CARTESIAN_POINT ( 'NONE',  ( 3.379999999999999449, 0.1823257994792188419, -2.542325799479218773 ) ) ;
#257 = LINE ( 'NONE', #8308, #949 ) ;
#258 = VECTOR ( 'NONE', #3628, 1000.000000000000000 ) ;
#259 = VECTOR ( 'NONE', #236, 1000.000000000000000 ) ;
#260 =( LENGTH_UNIT ( ) NAMED_UNIT ( * ) SI_UNIT ( .MILLI., .METRE. ) );
#261 = CARTESIAN_POINT ( 'NONE',  ( 0.8399999999999996358, 0.1823257994792188696, -2.259999999999999787 ) ) ;
#262 = CARTESIAN_POINT ( 'NONE',  ( -3.380000000000000338, 0.1000000000000000056, -2.542325799479218773 ) ) ;
#263 = ORIENTED_EDGE ( 'NONE', *, *, #3086, .T. ) ;
#264 =( NAMED_UNIT ( * ) PLANE_ANGLE_UNIT ( ) SI_UNIT ( $, .RADIAN. ) );
#265 = PLANE ( 'NONE',  #9575 ) ;
#266 = DIRECTION ( 'NONE',  ( 0.000000000000000000, -0.000000000000000000, -1.000000000000000000 ) ) ;
#267 = COLOUR_RGB ( '',0.7529411764705882248, 0.7529411764705882248, 0.7529411764705882248 ) ;
#268 = CARTESIAN_POINT ( 'NONE',  ( -4.240000000000001101, -0.1000000000000000056, -2.542325799479218773 ) ) ;
#269 = UNCERTAINTY_MEASURE_WITH_UNIT (LENGTH_MEASURE( 1.000000000000000082E-05 ), #7224, 'distance_accuracy_value', 'NONE');
#270 = EDGE_CURVE ( 'NONE', #6302, #9236, #9933, .T. ) ;
#271 = COLOUR_RGB ( '',0.7529411764705882248, 0.7529411764705882248, 0.7529411764705882248 ) ;
#272 = DIRECTION ( 'NONE',  ( 0.000000000000000000, 0.000000000000000000, -1.000000000000000000 ) ) ;
#273 = CARTESIAN_POINT ( 'NONE',  ( 4.240000000000000213, 0.1000000000000000056, 3.000000000000000000 ) ) ;
#274 = EDGE_LOOP ( 'NONE', ( #5097, #9500, #9245, #9081 ) ) ;
#275 = PRESENTATION_LAYER_ASSIGNMENT (  '', '', ( #7630 ) ) ;
#276 =( NAMED_UNIT ( * ) SI_UNIT ( $, .STERADIAN. ) SOLID_ANGLE_UNIT ( ) );
#277 = ORIENTED_EDGE ( 'NONE', *, *, #7981, .T. ) ;
#278 = ORIENTED_EDGE ( 'NONE', *, *, #2641, .F. ) ;
#279 =( GEOMETRIC_REPRESENTATION_CONTEXT ( 3 ) GLOBAL_UNCERTAINTY_ASSIGNED_CONTEXT ( ( #68 ) ) GLOBAL_UNIT_ASSIGNED_CONTEXT ( ( #4999, #6886, #1188 ) ) REPRESENTATION_CONTEXT ( 'NONE', 'WORKASPACE' ) );
#280 = LINE ( 'NONE', #3422, #1597 ) ;
#281 = COLOUR_RGB ( '',0.7529411764705882248, 0.7529411764705882248, 0.7529411764705882248 ) ;
#282 = PRESENTATION_LAYER_ASSIGNMENT (  '', '', ( #7148 ) ) ;
#283 = CARTESIAN_POINT ( 'NONE',  ( -4.240000000000001101, 0.6426742005207811692, 2.260000000000000231 ) ) ;
#284 =( NAMED_UNIT ( * ) PLANE_ANGLE_UNIT ( ) SI_UNIT ( $, .RADIAN. ) );
#285 = MECHANICAL_DESIGN_GEOMETRIC_PRESENTATION_REPRESENTATION (  '', ( #9040 ), #6307 ) ;
#286 = CARTESIAN_POINT ( 'NONE',  ( 3.379999999999999449, 0.9250000000000000444, -2.000000000000000000 ) ) ;
#287 =( NAMED_UNIT ( * ) PLANE_ANGLE_UNIT ( ) SI_UNIT ( $, .RADIAN. ) );
#288 = ORIENTED_EDGE ( 'NONE', *, *, #2641, .T. ) ;
#289 = ORIENTED_EDGE ( 'NONE', *, *, #6909, .T. ) ;
#290 =( GEOMETRIC_REPRESENTATION_CONTEXT ( 3 ) GLOBAL_UNCERTAINTY_ASSIGNED_CONTEXT ( ( #3000 ) ) GLOBAL_UNIT_ASSIGNED_CONTEXT ( ( #1572, #7988, #1441 ) ) REPRESENTATION_CONTEXT ( 'NONE', 'WORKASPACE' ) );
#291 = STYLED_ITEM ( 'NONE', ( #9661 ), #237 ) ;
#292 = DIRECTION ( 'NONE',  ( -1.000000000000000000, -0.000000000000000000, -0.000000000000000000 ) ) ;
#293 = DIRECTION ( 'NONE',  ( 0.000000000000000000, 0.000000000000000000, 1.000000000000000000 ) ) ;
#294 = EDGE_CURVE ( 'NONE', #215, #1843, #4964, .T. ) ;
#295 = EDGE_CURVE ( 'NONE', #5011, #4061, #3290, .T. ) ;
#296 = FILL_AREA_STYLE_COLOUR ( '', #2826 ) ;
#297 = VERTEX_POINT ( 'NONE', #6637 ) ;
#298 = STYLED_ITEM ( 'NONE', ( #3357 ), #5995 ) ;
#299 = VECTOR ( 'NONE', #3018, 1000.000000000000000 ) ;
#300 = DIRECTION ( 'NONE',  ( 0.000000000000000000, 0.000000000000000000, 1.000000000000000000 ) ) ;
#301 = VERTEX_POINT ( 'NONE', #5740 ) ;
#302 =( NAMED_UNIT ( * ) PLANE_ANGLE_UNIT ( ) SI_UNIT ( $, .RADIAN. ) );
#303 = DIRECTION ( 'NONE',  ( -1.000000000000000000, -0.000000000000000000, -0.000000000000000000 ) ) ;
#304 = CARTESIAN_POINT ( 'NONE',  ( 0.4299999999999998268, 0.1823257994792188419, 2.459999999999999964 ) ) ;
#305 =( GEOMETRIC_REPRESENTATION_CONTEXT ( 3 ) GLOBAL_UNCERTAINTY_ASSIGNED_CONTEXT ( ( #9449 ) ) GLOBAL_UNIT_ASSIGNED_CONTEXT ( ( #4110, #1731, #8914 ) ) REPRESENTATION_CONTEXT ( 'NONE', 'WORKASPACE' ) );
#306 = FILL_AREA_STYLE ('',( #7394 ) ) ;
#307 = SURFACE_STYLE_USAGE ( .BOTH. , #9828 ) ;
#308 = CARTESIAN_POINT ( 'NONE',  ( -0.8400000000000005240, 0.6426742005207811692, 2.459999999999999964 ) ) ;
#309 = LINE ( 'NONE', #7347, #9065 ) ;
#310 = VERTEX_POINT ( 'NONE', #955 ) ;
#311 =( NAMED_UNIT ( * ) SI_UNIT ( $, .STERADIAN. ) SOLID_ANGLE_UNIT ( ) );
#312 = CARTESIAN_POINT ( 'NONE',  ( -0.4300000000000007150, 0.6426742005207811692, 2.459999999999999964 ) ) ;
#313 = MECHANICAL_DESIGN_GEOMETRIC_PRESENTATION_REPRESENTATION (  '', ( #4024 ), #8411 ) ;
#314 = DIRECTION ( 'NONE',  ( -1.000000000000000000, -0.000000000000000000, -0.000000000000000000 ) ) ;
#315 = VECTOR ( 'NONE', #6599, 1000.000000000000000 ) ;
#316 = ORIENTED_EDGE ( 'NONE', *, *, #4630, .F. ) ;
#317 = ADVANCED_FACE ( 'NONE', ( #86 ), #4918, .T. ) ;
#318 = LINE ( 'NONE', #6714, #350 ) ;
#319 = CARTESIAN_POINT ( 'NONE',  ( 4.649999999999999467, 0.1000000000000000056, 2.542325799479218773 ) ) ;
#320 = DIRECTION ( 'NONE',  ( -0.000000000000000000, -1.000000000000000000, -0.000000000000000000 ) ) ;
#321 = DIRECTION ( 'NONE',  ( -0.000000000000000000, -1.000000000000000000, -0.000000000000000000 ) ) ;
#322 = CARTESIAN_POINT ( 'NONE',  ( -4.240000000000001101, 0.1823257994792188419, -2.542325799479218773 ) ) ;
#323 = CARTESIAN_POINT ( 'NONE',  ( 4.649999999999999467, -0.1000000000000000056, 2.542325799479218773 ) ) ;
#324 = DIRECTION ( 'NONE',  ( -1.000000000000000000, -0.000000000000000000, -0.000000000000000000 ) ) ;
#325 = CARTESIAN_POINT ( 'NONE',  ( 4.649999999999999467, -0.1000000000000000056, -2.542325799479218773 ) ) ;
#326 = ORIENTED_EDGE ( 'NONE', *, *, #423, .T. ) ;
#327 = ORIENTED_EDGE ( 'NONE', *, *, #4909, .T. ) ;
#328 = EDGE_LOOP ( 'NONE', ( #342, #5051, #6747, #582 ) ) ;
#329 = ADVANCED_FACE ( 'NONE', ( #2552 ), #900, .T. ) ;
#330 = ORIENTED_EDGE ( 'NONE', *, *, #8810, .F. ) ;
#331 = PRESENTATION_LAYER_ASSIGNMENT (  '', '', ( #7704 ) ) ;
#332 = FILL_AREA_STYLE_COLOUR ( '', #2283 ) ;
#333 = COLOUR_RGB ( '',0.7529411764705882248, 0.7529411764705882248, 0.7529411764705882248 ) ;
#334 = FACE_OUTER_BOUND ( 'NONE', #1917, .T. ) ;
#335 = CARTESIAN_POINT ( 'NONE',  ( -3.380000000000000338, 0.7249999999999998668, 2.177674200520781422 ) ) ;
#336 = SURFACE_STYLE_USAGE ( .BOTH. , #5647 ) ;
#337 = SURFACE_STYLE_USAGE ( .BOTH. , #8337 ) ;
#338 = FILL_AREA_STYLE ('',( #434 ) ) ;
#339 = STYLED_ITEM ( 'NONE', ( #4859 ), #8775 ) ;
#340 = LINE ( 'NONE', #2738, #4377 ) ;
#341 = LINE ( 'NONE', #4425, #4476 ) ;
#342 = ORIENTED_EDGE ( 'NONE', *, *, #5027, .T. ) ;
#343 = VECTOR ( 'NONE', #4397, 1000.000000000000000 ) ;
#344 =( NAMED_UNIT ( * ) PLANE_ANGLE_UNIT ( ) SI_UNIT ( $, .RADIAN. ) );
#345 = EDGE_CURVE ( 'NONE', #5680, #4545, #5155, .T. ) ;
#346 = EDGE_CURVE ( 'NONE', #8437, #1414, #8552, .T. ) ;
#347 = MECHANICAL_DESIGN_GEOMETRIC_PRESENTATION_REPRESENTATION (  '', ( #3867 ), #7905 ) ;
#348 = SURFACE_STYLE_USAGE ( .BOTH. , #1254 ) ;
#349 = VECTOR ( 'NONE', #324, 1000.000000000000000 ) ;
#350 = VECTOR ( 'NONE', #7550, 1000.000000000000000 ) ;
#351 =( NAMED_UNIT ( * ) SI_UNIT ( $, .STERADIAN. ) SOLID_ANGLE_UNIT ( ) );
#352 = SURFACE_STYLE_USAGE ( .BOTH. , #5741 ) ;
#353 = VECTOR ( 'NONE', #5807, 999.9999999999998863 ) ;
#354 = DIRECTION ( 'NONE',  ( -0.000000000000000000, -1.000000000000000000, -0.000000000000000000 ) ) ;
#355 =( NAMED_UNIT ( * ) SI_UNIT ( $, .STERADIAN. ) SOLID_ANGLE_UNIT ( ) );
#356 = EDGE_LOOP ( 'NONE', ( #9190, #3140, #780, #3584, #1418, #6327, #5564, #451, #2098, #4226, #2047, #7311 ) ) ;
#357 = ORIENTED_EDGE ( 'NONE', *, *, #3151, .F. ) ;
#358 = FILL_AREA_STYLE ('',( #5020 ) ) ;
#359 = DIRECTION ( 'NONE',  ( 0.000000000000000000, 0.000000000000000000, -1.000000000000000000 ) ) ;
#360 = ADVANCED_FACE ( 'NONE', ( #1312 ), #1201, .T. ) ;
#361 = DIRECTION ( 'NONE',  ( -1.000000000000000000, -0.000000000000000000, -0.000000000000000000 ) ) ;
#362 = VECTOR ( 'NONE', #361, 1000.000000000000000 ) ;
#363 = DIRECTION ( 'NONE',  ( 1.000000000000000000, 0.000000000000000000, 0.000000000000000000 ) ) ;
#364 = FACE_OUTER_BOUND ( 'NONE', #3591, .T. ) ;
#365 =( GEOMETRIC_REPRESENTATION_CONTEXT ( 3 ) GLOBAL_UNCERTAINTY_ASSIGNED_CONTEXT ( ( #8549 ) ) GLOBAL_UNIT_ASSIGNED_CONTEXT ( ( #770, #1660, #3985 ) ) REPRESENTATION_CONTEXT ( 'NONE', 'WORKASPACE' ) );
#366 = ORIENTED_EDGE ( 'NONE', *, *, #8110, .T. ) ;
#367 = PLANE ( 'NONE',  #5800 ) ;
#368 = VERTEX_POINT ( 'NONE', #2062 ) ;
#369 = CARTESIAN_POINT ( 'NONE',  ( 4.240000000000000213, 0.9250000000000000444, -2.000000000000000000 ) ) ;
#370 = VECTOR ( 'NONE', #9797, 1000.000000000000000 ) ;
#371 = DIRECTION ( 'NONE',  ( 0.000000000000000000, 1.000000000000000000, 0.000000000000000000 ) ) ;
#372 = DIRECTION ( 'NONE',  ( 0.000000000000000000, -0.000000000000000000, 1.000000000000000000 ) ) ;
#373 = DIRECTION ( 'NONE',  ( -1.000000000000000000, -0.000000000000000000, -0.000000000000000000 ) ) ;
#374 = UNCERTAINTY_MEASURE_WITH_UNIT (LENGTH_MEASURE( 1.000000000000000082E-05 ), #7106, 'distance_accuracy_value', 'NONE');
#375 = ADVANCED_FACE ( 'NONE', ( #9977 ), #6897, .T. ) ;
#376 = FILL_AREA_STYLE ('',( #9074 ) ) ;
#377 = DIRECTION ( 'NONE',  ( -1.000000000000000000, -0.000000000000000000, -0.000000000000000000 ) ) ;
#378 = LINE ( 'NONE', #2043, #1229 ) ;
#379 = CARTESIAN_POINT ( 'NONE',  ( 3.379999999999999449, 0.1000000000000000056, -3.000000000000000000 ) ) ;
#380 = VERTEX_POINT ( 'NONE', #9253 ) ;
#381 = ORIENTED_EDGE ( 'NONE', *, *, #9097, .T. ) ;
#382 = ORIENTED_EDGE ( 'NONE', *, *, #6077, .F. ) ;
#383 = ORIENTED_EDGE ( 'NONE', *, *, #4100, .F. ) ;
#384 = CARTESIAN_POINT ( 'NONE',  ( -4.650000000000000355, 0.1823257994792188696, 2.259999999999999787 ) ) ;
#385 = LINE ( 'NONE', #9135, #2238 ) ;
#386 = EDGE_CURVE ( 'NONE', #6137, #10401, #8835, .T. ) ;
#387 = CARTESIAN_POINT ( 'NONE',  ( 3.379999999999999449, 0.1823257994792188696, 2.259999999999999787 ) ) ;
#388 =( NAMED_UNIT ( * ) SI_UNIT ( $, .STERADIAN. ) SOLID_ANGLE_UNIT ( ) );
#389 = SURFACE_STYLE_FILL_AREA ( #1143 ) ;
#390 = ORIENTED_EDGE ( 'NONE', *, *, #10320, .T. ) ;
#391 = FILL_AREA_STYLE_COLOUR ( '', #9018 ) ;
#392 = DIRECTION ( 'NONE',  ( -1.000000000000000000, -0.000000000000000000, -0.000000000000000000 ) ) ;
#393 =( LENGTH_UNIT ( ) NAMED_UNIT ( * ) SI_UNIT ( .MILLI., .METRE. ) );
#394 = EDGE_CURVE ( 'NONE', #9459, #4696, #1412, .T. ) ;
#395 = CARTESIAN_POINT ( 'NONE',  ( 0.8399999999999996358, -0.1000000000000000056, 2.542325799479218773 ) ) ;
#396 = ORIENTED_EDGE ( 'NONE', *, *, #9198, .F. ) ;
#397 = ORIENTED_EDGE ( 'NONE', *, *, #4300, .T. ) ;
#398 = FILL_AREA_STYLE ('',( #2861 ) ) ;
#399 = ORIENTED_EDGE ( 'NONE', *, *, #4092, .T. ) ;
#400 = DIRECTION ( 'NONE',  ( -1.000000000000000000, -0.000000000000000000, -0.000000000000000000 ) ) ;
#401 =( NAMED_UNIT ( * ) SI_UNIT ( $, .STERADIAN. ) SOLID_ANGLE_UNIT ( ) );
#402 = FILL_AREA_STYLE_COLOUR ( '', #8602 ) ;
#403 = DIRECTION ( 'NONE',  ( 0.000000000000000000, -1.000000000000000000, 0.000000000000000000 ) ) ;
#404 = EDGE_CURVE ( 'NONE', #5785, #9559, #2378, .T. ) ;
#405 = DIRECTION ( 'NONE',  ( 0.000000000000000000, 0.000000000000000000, -1.000000000000000000 ) ) ;
#406 = ADVANCED_FACE ( 'NONE', ( #8811 ), #3228, .F. ) ;
#407 = CARTESIAN_POINT ( 'NONE',  ( -2.970000000000000639, 0.1823257994792188419, -2.459999999999999964 ) ) ;
#408 = SURFACE_STYLE_USAGE ( .BOTH. , #5286 ) ;
#409 = ORIENTED_EDGE ( 'NONE', *, *, #3097, .F. ) ;
#410 = VECTOR ( 'NONE', #2978, 1000.000000000000000 ) ;
#411 =( NAMED_UNIT ( * ) SI_UNIT ( $, .STERADIAN. ) SOLID_ANGLE_UNIT ( ) );
#412 = VECTOR ( 'NONE', #10117, 1000.000000000000000 ) ;
#413 = FILL_AREA_STYLE ('',( #1218 ) ) ;
#414 = ORIENTED_EDGE ( 'NONE', *, *, #7855, .T. ) ;
#415 = SURFACE_SIDE_STYLE ('',( #9320 ) ) ;
#416 = CARTESIAN_POINT ( 'NONE',  ( 2.109999999999999432, 0.1000000000000000056, 2.542325799479218773 ) ) ;
#417 = CIRCLE ( 'NONE', #9829, 0.2823257994792188752 ) ;
#418 = VECTOR ( 'NONE', #1913, 1000.000000000000000 ) ;
#419 = FILL_AREA_STYLE_COLOUR ( '', #10331 ) ;
#420 = DIRECTION ( 'NONE',  ( 0.000000000000000000, 0.000000000000000000, 1.000000000000000000 ) ) ;
#421 = COLOUR_RGB ( '',0.7529411764705882248, 0.7529411764705882248, 0.7529411764705882248 ) ;
#422 = LINE ( 'NONE', #8382, #258 ) ;
#423 = EDGE_CURVE ( 'NONE', #566, #9616, #2422, .T. ) ;
#424 = CARTESIAN_POINT ( 'NONE',  ( 4.240000000000000213, -0.1000000000000000056, -2.542325799479218773 ) ) ;
#425 = FILL_AREA_STYLE ('',( #9127 ) ) ;
#426 = ORIENTED_EDGE ( 'NONE', *, *, #714, .F. ) ;
#427 =( NAMED_UNIT ( * ) PLANE_ANGLE_UNIT ( ) SI_UNIT ( $, .RADIAN. ) );
#428 = ORIENTED_EDGE ( 'NONE', *, *, #2392, .F. ) ;
#429 = ORIENTED_EDGE ( 'NONE', *, *, #9936, .F. ) ;
#430 = STYLED_ITEM ( 'NONE', ( #2918 ), #6640 ) ;
#431 = ORIENTED_EDGE ( 'NONE', *, *, #506, .F. ) ;
#432 = AXIS2_PLACEMENT_3D ( 'NONE', #4539, #2850, #540 ) ;
#433 = STYLED_ITEM ( 'NONE', ( #4282 ), #5197 ) ;
#434 = FILL_AREA_STYLE_COLOUR ( '', #997 ) ;
#435 = PRESENTATION_LAYER_ASSIGNMENT (  '', '', ( #5301 ) ) ;
#436 = COLOUR_RGB ( '',0.7529411764705882248, 0.7529411764705882248, 0.7529411764705882248 ) ;
#437 = DIRECTION ( 'NONE',  ( 0.000000000000000000, 0.000000000000000000, -1.000000000000000000 ) ) ;
#438 = DIRECTION ( 'NONE',  ( 0.000000000000000000, -1.000000000000000000, 0.000000000000000000 ) ) ;
#439 = VERTEX_POINT ( 'NONE', #3806 ) ;
#440 = VECTOR ( 'NONE', #9348, 1000.000000000000000 ) ;
#441 = SURFACE_STYLE_FILL_AREA ( #538 ) ;
#442 = ADVANCED_FACE ( 'NONE', ( #9646 ), #8660, .F. ) ;
#443 = AXIS2_PLACEMENT_3D ( 'NONE', #8772, #4858, #8977 ) ;
#444 = VECTOR ( 'NONE', #1629, 1000.000000000000000 ) ;
#445 = FILL_AREA_STYLE_COLOUR ( '', #7341 ) ;
#446 = DIRECTION ( 'NONE',  ( 0.000000000000000000, 0.000000000000000000, 1.000000000000000000 ) ) ;
#447 = EDGE_LOOP ( 'NONE', ( #5156, #4574, #4987, #10124 ) ) ;
#448 = COLOUR_RGB ( '',0.2509803921568627416, 0.2509803921568627416, 0.2509803921568627416 ) ;
#449 = AXIS2_PLACEMENT_3D ( 'NONE', #4626, #8640, #6589 ) ;
#450 = DIRECTION ( 'NONE',  ( 0.000000000000000000, 0.000000000000000000, 1.000000000000000000 ) ) ;
#451 = ORIENTED_EDGE ( 'NONE', *, *, #4761, .F. ) ;
#452 = ADVANCED_FACE ( 'NONE', ( #945 ), #6575, .T. ) ;
#453 = LINE ( 'NONE', #2070, #2851 ) ;
#454 = CARTESIAN_POINT ( 'NONE',  ( -2.970000000000000639, 0.1000000000000000056, 3.000000000000000000 ) ) ;
#455 = AXIS2_PLACEMENT_3D ( 'NONE', #7734, #1303, #4530 ) ;
#456 = UNCERTAINTY_MEASURE_WITH_UNIT (LENGTH_MEASURE( 1.000000000000000082E-05 ), #10350, 'distance_accuracy_value', 'NONE');
#457 = VECTOR ( 'NONE', #4081, 1000.000000000000000 ) ;
#458 = MECHANICAL_DESIGN_GEOMETRIC_PRESENTATION_REPRESENTATION (  '', ( #2630 ), #3478 ) ;
#459 = DIRECTION ( 'NONE',  ( -1.000000000000000000, -0.000000000000000000, -0.000000000000000000 ) ) ;
#460 = CARTESIAN_POINT ( 'NONE',  ( -4.650000000000000355, 0.6426742005207811692, 2.459999999999999964 ) ) ;
#461 = ORIENTED_EDGE ( 'NONE', *, *, #3669, .F. ) ;
#462 = SURFACE_SIDE_STYLE ('',( #7546 ) ) ;
#463 = PLANE ( 'NONE',  #5808 ) ;
#464 = CARTESIAN_POINT ( 'NONE',  ( -1.700000000000001066, 0.6426742005207811692, -2.260000000000000231 ) ) ;
#465 = ORIENTED_EDGE ( 'NONE', *, *, #55, .F. ) ;
#466 = EDGE_CURVE ( 'NONE', #5602, #2371, #2587, .T. ) ;
#467 = DIRECTION ( 'NONE',  ( 0.000000000000000000, 0.000000000000000000, -1.000000000000000000 ) ) ;
#468 = AXIS2_PLACEMENT_3D ( 'NONE', #6436, #9687, #8266 ) ;
#469 = ADVANCED_FACE ( 'NONE', ( #1800 ), #7465, .T. ) ;
#470 = CARTESIAN_POINT ( 'NONE',  ( 2.969999999999999751, 0.6426742005207811692, -2.177674200520781422 ) ) ;
#471 = CARTESIAN_POINT ( 'NONE',  ( 0.8399999999999996358, 0.1000000000000000056, 3.000000000000000000 ) ) ;
#472 = EDGE_LOOP ( 'NONE', ( #263, #8838, #1506, #2836 ) ) ;
#473 = SURFACE_STYLE_USAGE ( .BOTH. , #4468 ) ;
#474 =( NAMED_UNIT ( * ) PLANE_ANGLE_UNIT ( ) SI_UNIT ( $, .RADIAN. ) );
#475 = CIRCLE ( 'NONE', #2486, 0.2823257994792188752 ) ;
#476 = DIRECTION ( 'NONE',  ( 1.000000000000000000, 0.000000000000000000, 0.000000000000000000 ) ) ;
#477 = FILL_AREA_STYLE ('',( #4317 ) ) ;
#478 = ORIENTED_EDGE ( 'NONE', *, *, #931, .T. ) ;
#479 = ORIENTED_EDGE ( 'NONE', *, *, #76, .F. ) ;
#480 = VECTOR ( 'NONE', #9315, 1000.000000000000000 ) ;
#481 = EDGE_CURVE ( 'NONE', #8522, #6869, #890, .T. ) ;
#482 = EDGE_CURVE ( 'NONE', #1510, #3630, #134, .T. ) ;
#483 =( LENGTH_UNIT ( ) NAMED_UNIT ( * ) SI_UNIT ( .MILLI., .METRE. ) );
#484 = DIRECTION ( 'NONE',  ( 1.000000000000000000, 0.000000000000000000, 0.000000000000000000 ) ) ;
#485 = ORIENTED_EDGE ( 'NONE', *, *, #7869, .F. ) ;
#486 = AXIS2_PLACEMENT_3D ( 'NONE', #586, #363, #2115 ) ;
#487 = COLOUR_RGB ( '',0.2509803921568627416, 0.2509803921568627416, 0.2509803921568627416 ) ;
#488 = DIRECTION ( 'NONE',  ( -1.000000000000000000, -0.000000000000000000, -0.000000000000000000 ) ) ;
#489 = PRESENTATION_LAYER_ASSIGNMENT (  '', '', ( #9579 ) ) ;
#490 = SURFACE_STYLE_USAGE ( .BOTH. , #4651 ) ;
#491 = STYLED_ITEM ( 'NONE', ( #7353 ), #3469 ) ;
#492 = DIRECTION ( 'NONE',  ( -1.000000000000000000, -0.000000000000000000, -0.000000000000000000 ) ) ;
#493 = ADVANCED_FACE ( 'NONE', ( #2488 ), #8927, .T. ) ;
#494 = LINE ( 'NONE', #2903, #6022 ) ;
#495 = DIRECTION ( 'NONE',  ( -1.000000000000000000, -0.000000000000000000, -0.000000000000000000 ) ) ;
#496 = EDGE_LOOP ( 'NONE', ( #9962, #5068, #9284, #7185, #5923, #4849, #10142, #10166, #4473, #2300, #2954, #839 ) ) ;
#497 = PRESENTATION_LAYER_ASSIGNMENT (  '', '', ( #2847 ) ) ;
#498 = CARTESIAN_POINT ( 'NONE',  ( -4.240000000000001101, 0.1823257994792188419, -2.459999999999999964 ) ) ;
#499 = ORIENTED_EDGE ( 'NONE', *, *, #1289, .F. ) ;
#500 = PLANE ( 'NONE',  #8006 ) ;
#501 = COLOUR_RGB ( '',0.7529411764705882248, 0.7529411764705882248, 0.7529411764705882248 ) ;
#502 = STYLED_ITEM ( 'NONE', ( #8169 ), #3160 ) ;
#503 = PRESENTATION_LAYER_ASSIGNMENT (  '', '', ( #8245 ) ) ;
#504 = LINE ( 'NONE', #704, #6653 ) ;
#505 =( LENGTH_UNIT ( ) NAMED_UNIT ( * ) SI_UNIT ( .MILLI., .METRE. ) );
#506 = EDGE_CURVE ( 'NONE', #9960, #2109, #8814, .T. ) ;
#507 = CARTESIAN_POINT ( 'NONE',  ( -4.650000000000000355, 0.6426742005207811692, 2.260000000000000231 ) ) ;
#508 =( GEOMETRIC_REPRESENTATION_CONTEXT ( 3 ) GLOBAL_UNCERTAINTY_ASSIGNED_CONTEXT ( ( #5281 ) ) GLOBAL_UNIT_ASSIGNED_CONTEXT ( ( #1887, #3619, #9167 ) ) REPRESENTATION_CONTEXT ( 'NONE', 'WORKASPACE' ) );
#509 = ORIENTED_EDGE ( 'NONE', *, *, #1310, .T. ) ;
#510 = DIRECTION ( 'NONE',  ( 0.000000000000000000, 0.000000000000000000, 1.000000000000000000 ) ) ;
#511 = ORIENTED_EDGE ( 'NONE', *, *, #158, .F. ) ;
#512 = STYLED_ITEM ( 'NONE', ( #8954 ), #2543 ) ;
#513 = LINE ( 'NONE', #5924, #9932 ) ;
#514 = FACE_OUTER_BOUND ( 'NONE', #10150, .T. ) ;
#515 = FACE_OUTER_BOUND ( 'NONE', #1862, .T. ) ;
#516 = VECTOR ( 'NONE', #5058, 1000.000000000000000 ) ;
#517 = DIRECTION ( 'NONE',  ( -0.000000000000000000, 0.000000000000000000, -1.000000000000000000 ) ) ;
#518 = MECHANICAL_DESIGN_GEOMETRIC_PRESENTATION_REPRESENTATION (  '', ( #8262 ), #529 ) ;
#519 = VERTEX_POINT ( 'NONE', #1961 ) ;
#520 = EDGE_CURVE ( 'NONE', #3023, #7390, #9153, .T. ) ;
#521 = CARTESIAN_POINT ( 'NONE',  ( -0.4300000000000007150, 0.6426742005207811692, -2.260000000000000231 ) ) ;
#522 = CARTESIAN_POINT ( 'NONE',  ( -0.4300000000000007150, 0.9249999999999998224, -2.177674200520781422 ) ) ;
#523 = FACE_OUTER_BOUND ( 'NONE', #4332, .T. ) ;
#524 = ORIENTED_EDGE ( 'NONE', *, *, #10126, .T. ) ;
#525 = ORIENTED_EDGE ( 'NONE', *, *, #5702, .T. ) ;
#526 = MECHANICAL_DESIGN_GEOMETRIC_PRESENTATION_REPRESENTATION (  '', ( #4232 ), #365 ) ;
#527 = FACE_OUTER_BOUND ( 'NONE', #4739, .T. ) ;
#528 = ORIENTED_EDGE ( 'NONE', *, *, #10413, .F. ) ;
#529 =( GEOMETRIC_REPRESENTATION_CONTEXT ( 3 ) GLOBAL_UNCERTAINTY_ASSIGNED_CONTEXT ( ( #9816 ) ) GLOBAL_UNIT_ASSIGNED_CONTEXT ( ( #4383, #8445, #388 ) ) REPRESENTATION_CONTEXT ( 'NONE', 'WORKASPACE' ) );
#530 = ORIENTED_EDGE ( 'NONE', *, *, #795, .F. ) ;
#531 = VERTEX_POINT ( 'NONE', #9340 ) ;
#532 = DIRECTION ( 'NONE',  ( 1.000000000000000000, 0.000000000000000000, 0.000000000000000000 ) ) ;
#533 = LINE ( 'NONE', #4328, #67 ) ;
#534 = EDGE_CURVE ( 'NONE', #6606, #6256, #7567, .T. ) ;
#535 = CARTESIAN_POINT ( 'NONE',  ( 3.379999999999999449, 0.6426742005207811692, 2.260000000000000231 ) ) ;
#536 = PRESENTATION_STYLE_ASSIGNMENT (( #2163 ) ) ;
#537 = ORIENTED_EDGE ( 'NONE', *, *, #3213, .F. ) ;
#538 = FILL_AREA_STYLE ('',( #391 ) ) ;
#539 = EDGE_CURVE ( 'NONE', #1966, #3916, #8492, .T. ) ;
#540 = DIRECTION ( 'NONE',  ( 0.000000000000000000, 0.000000000000000000, -1.000000000000000000 ) ) ;
#541 = CARTESIAN_POINT ( 'NONE',  ( -0.4300000000000007150, 0.1823257994792188419, -2.542325799479218773 ) ) ;
#542 = SURFACE_STYLE_FILL_AREA ( #2275 ) ;
#543 =( NAMED_UNIT ( * ) SI_UNIT ( $, .STERADIAN. ) SOLID_ANGLE_UNIT ( ) );
#544 =( LENGTH_UNIT ( ) NAMED_UNIT ( * ) SI_UNIT ( .MILLI., .METRE. ) );
#545 = SURFACE_STYLE_FILL_AREA ( #6104 ) ;
#546 = EDGE_LOOP ( 'NONE', ( #9914, #10243, #2593, #8181 ) ) ;
#547 = EDGE_CURVE ( 'NONE', #9982, #10367, #533, .T. ) ;
#548 = ORIENTED_EDGE ( 'NONE', *, *, #8426, .T. ) ;
#549 = ORIENTED_EDGE ( 'NONE', *, *, #8666, .F. ) ;
#550 = CARTESIAN_POINT ( 'NONE',  ( 4.649999999999999467, 0.7249999999999999778, -2.000000000000000000 ) ) ;
#551 = FILL_AREA_STYLE ('',( #10311 ) ) ;
#552 = EDGE_CURVE ( 'NONE', #2470, #5529, #385, .T. ) ;
#553 = CARTESIAN_POINT ( 'NONE',  ( 2.969999999999999751, -0.1000000000000000056, 3.000000000000000000 ) ) ;
#554 = DIRECTION ( 'NONE',  ( 0.000000000000000000, 0.000000000000000000, -1.000000000000000000 ) ) ;
#555 = VERTEX_POINT ( 'NONE', #335 ) ;
#556 = PRESENTATION_STYLE_ASSIGNMENT (( #8734 ) ) ;
#557 = ORIENTED_EDGE ( 'NONE', *, *, #520, .F. ) ;
#558 = DIRECTION ( 'NONE',  ( -0.000000000000000000, 1.000000000000000000, 0.000000000000000000 ) ) ;
#559 = FILL_AREA_STYLE_COLOUR ( '', #9260 ) ;
#560 = SURFACE_STYLE_FILL_AREA ( #1388 ) ;
#561 = CIRCLE ( 'NONE', #5439, 0.2823257994792188752 ) ;
#562 = DIRECTION ( 'NONE',  ( -0.000000000000000000, 0.000000000000000000, -1.000000000000000000 ) ) ;
#563 = ORIENTED_EDGE ( 'NONE', *, *, #2081, .T. ) ;
#564 = DIRECTION ( 'NONE',  ( -0.000000000000000000, 1.000000000000000000, 0.000000000000000000 ) ) ;
#565 = EDGE_LOOP ( 'NONE', ( #1345, #1553, #92, #5743 ) ) ;
#566 = VERTEX_POINT ( 'NONE', #3543 ) ;
#567 = VECTOR ( 'NONE', #7938, 1000.000000000000000 ) ;
#568 = UNCERTAINTY_MEASURE_WITH_UNIT (LENGTH_MEASURE( 1.000000000000000082E-05 ), #70, 'distance_accuracy_value', 'NONE');
#569 = FILL_AREA_STYLE_COLOUR ( '', #5026 ) ;
#570 = EDGE_CURVE ( 'NONE', #4596, #8356, #6734, .T. ) ;
#571 = UNCERTAINTY_MEASURE_WITH_UNIT (LENGTH_MEASURE( 1.000000000000000082E-05 ), #5284, 'distance_accuracy_value', 'NONE');
#572 = SURFACE_SIDE_STYLE ('',( #9393 ) ) ;
#573 = AXIS2_PLACEMENT_3D ( 'NONE', #10162, #4521, #9387 ) ;
#574 = LINE ( 'NONE', #6243, #6826 ) ;
#575 = DIRECTION ( 'NONE',  ( 0.000000000000000000, 0.000000000000000000, 1.000000000000000000 ) ) ;
#576 = PRESENTATION_LAYER_ASSIGNMENT (  '', '', ( #2927 ) ) ;
#577 = VERTEX_POINT ( 'NONE', #5941 ) ;
#578 = ORIENTED_EDGE ( 'NONE', *, *, #8581, .F. ) ;
#579 = VECTOR ( 'NONE', #10410, 1000.000000000000000 ) ;
#580 = CARTESIAN_POINT ( 'NONE',  ( 0.8399999999999996358, 0.7249999999999999778, -2.000000000000000000 ) ) ;
#581 = AXIS2_PLACEMENT_3D ( 'NONE', #6939, #1970, #8550 ) ;
#582 = ORIENTED_EDGE ( 'NONE', *, *, #194, .T. ) ;
#583 = ADVANCED_FACE ( 'NONE', ( #9186 ), #5160, .T. ) ;
#584 = CARTESIAN_POINT ( 'NONE',  ( 0.4299999999999998268, 0.9249999999999998224, 2.177674200520781422 ) ) ;
#585 = EDGE_CURVE ( 'NONE', #8557, #203, #1618, .T. ) ;
#586 = CARTESIAN_POINT ( 'NONE',  ( 0.8399999999999996358, 0.1823257994792188419, -2.542325799479218773 ) ) ;
#587 = VECTOR ( 'NONE', #3082, 1000.000000000000000 ) ;
#588 = DIRECTION ( 'NONE',  ( 0.000000000000000000, 0.000000000000000000, 1.000000000000000000 ) ) ;
#589 = FILL_AREA_STYLE_COLOUR ( '', #1049 ) ;
#590 = MECHANICAL_DESIGN_GEOMETRIC_PRESENTATION_REPRESENTATION (  '', ( #5966 ), #7821 ) ;
#591 = FILL_AREA_STYLE ('',( #6368 ) ) ;
#592 = ORIENTED_EDGE ( 'NONE', *, *, #8176, .F. ) ;
#593 = ORIENTED_EDGE ( 'NONE', *, *, #5299, .F. ) ;
#594 =( GEOMETRIC_REPRESENTATION_CONTEXT ( 3 ) GLOBAL_UNCERTAINTY_ASSIGNED_CONTEXT ( ( #4578 ) ) GLOBAL_UNIT_ASSIGNED_CONTEXT ( ( #5488, #5270, #9710 ) ) REPRESENTATION_CONTEXT ( 'NONE', 'WORKASPACE' ) );
#595 = MECHANICAL_DESIGN_GEOMETRIC_PRESENTATION_REPRESENTATION (  '', ( #9029 ), #7315 ) ;
#596 = VERTEX_POINT ( 'NONE', #6241 ) ;
#597 = DIRECTION ( 'NONE',  ( 0.000000000000000000, 0.000000000000000000, 1.000000000000000000 ) ) ;
#598 = VECTOR ( 'NONE', #4306, 1000.000000000000000 ) ;
#599 = CARTESIAN_POINT ( 'NONE',  ( 0.4299999999999998268, 0.1000000000000000056, 3.000000000000000000 ) ) ;
#600 = FILL_AREA_STYLE ('',( #402 ) ) ;
#601 = CARTESIAN_POINT ( 'NONE',  ( -2.110000000000000764, -0.1000000000000000056, 2.542325799479218773 ) ) ;
#602 = FILL_AREA_STYLE ('',( #2187 ) ) ;
#603 = COLOUR_RGB ( '',0.7529411764705882248, 0.7529411764705882248, 0.7529411764705882248 ) ;
#604 = DIRECTION ( 'NONE',  ( -0.000000000000000000, -1.000000000000000000, -0.000000000000000000 ) ) ;
#605 = EDGE_LOOP ( 'NONE', ( #9869, #9149, #9120, #6120 ) ) ;
#606 =( GEOMETRIC_REPRESENTATION_CONTEXT ( 3 ) GLOBAL_UNCERTAINTY_ASSIGNED_CONTEXT ( ( #794 ) ) GLOBAL_UNIT_ASSIGNED_CONTEXT ( ( #1248, #9244, #4533 ) ) REPRESENTATION_CONTEXT ( 'NONE', 'WORKASPACE' ) );
#607 = DIRECTION ( 'NONE',  ( -1.000000000000000000, -0.000000000000000000, -0.000000000000000000 ) ) ;
#608 = EDGE_LOOP ( 'NONE', ( #4535, #7474, #7080, #3100, #5016, #10056, #2225, #326, #8610, #2450, #9343, #3927 ) ) ;
#609 = DIRECTION ( 'NONE',  ( 0.000000000000000000, -0.000000000000000000, 1.000000000000000000 ) ) ;
#610 = DIRECTION ( 'NONE',  ( -1.000000000000000000, -0.000000000000000000, -0.000000000000000000 ) ) ;
#611 =( GEOMETRIC_REPRESENTATION_CONTEXT ( 3 ) GLOBAL_UNCERTAINTY_ASSIGNED_CONTEXT ( ( #6763 ) ) GLOBAL_UNIT_ASSIGNED_CONTEXT ( ( #6582, #7478, #2646 ) ) REPRESENTATION_CONTEXT ( 'NONE', 'WORKASPACE' ) );
#612 = LINE ( 'NONE', #5513, #4194 ) ;
#613 = PRESENTATION_LAYER_ASSIGNMENT (  '', '', ( #1102 ) ) ;
#614 = CARTESIAN_POINT ( 'NONE',  ( -0.4300000000000007150, 0.1000000000000000056, 2.542325799479218773 ) ) ;
#615 = VECTOR ( 'NONE', #492, 1000.000000000000000 ) ;
#616 = VERTEX_POINT ( 'NONE', #5662 ) ;
#617 =( NAMED_UNIT ( * ) PLANE_ANGLE_UNIT ( ) SI_UNIT ( $, .RADIAN. ) );
#618 = FACE_OUTER_BOUND ( 'NONE', #6951, .T. ) ;
#619 = EDGE_CURVE ( 'NONE', #5572, #7967, #5373, .T. ) ;
#620 = FILL_AREA_STYLE_COLOUR ( '', #1275 ) ;
#621 = ORIENTED_EDGE ( 'NONE', *, *, #3609, .T. ) ;
#622 = VERTEX_POINT ( 'NONE', #2257 ) ;
#623 = DIRECTION ( 'NONE',  ( 0.000000000000000000, 0.000000000000000000, 1.000000000000000000 ) ) ;
#624 = ORIENTED_EDGE ( 'NONE', *, *, #37, .F. ) ;
#625 = ORIENTED_EDGE ( 'NONE', *, *, #5138, .T. ) ;
#626 = ORIENTED_EDGE ( 'NONE', *, *, #539, .T. ) ;
#627 = SURFACE_SIDE_STYLE ('',( #2999 ) ) ;
#628 = FACE_OUTER_BOUND ( 'NONE', #2078, .T. ) ;
#629 = STYLED_ITEM ( 'NONE', ( #2634 ), #9143 ) ;
#630 = CARTESIAN_POINT ( 'NONE',  ( -0.4300000000000007150, 0.6426742005207811692, -2.260000000000000231 ) ) ;
#631 = DIRECTION ( 'NONE',  ( 0.000000000000000000, -1.000000000000000000, 0.000000000000000000 ) ) ;
#632 = DIRECTION ( 'NONE',  ( 0.000000000000000000, 0.000000000000000000, 1.000000000000000000 ) ) ;
#633 = EDGE_CURVE ( 'NONE', #8576, #2647, #3003, .T. ) ;
#634 = LINE ( 'NONE', #8760, #7484 ) ;
#635 = ORIENTED_EDGE ( 'NONE', *, *, #1243, .F. ) ;
#636 = CYLINDRICAL_SURFACE ( 'NONE', #9195, 0.2823257994792188752 ) ;
#637 = AXIS2_PLACEMENT_3D ( 'NONE', #256, #4933, #1773 ) ;
#638 = PLANE ( 'NONE',  #2512 ) ;
#639 = UNCERTAINTY_MEASURE_WITH_UNIT (LENGTH_MEASURE( 1.000000000000000082E-05 ), #6952, 'distance_accuracy_value', 'NONE');
#640 = FILL_AREA_STYLE ('',( #2274 ) ) ;
#641 = PRESENTATION_LAYER_ASSIGNMENT (  '', '', ( #6020 ) ) ;
#642 = DIRECTION ( 'NONE',  ( 1.000000000000000000, 0.000000000000000000, -0.000000000000000000 ) ) ;
#643 = ORIENTED_EDGE ( 'NONE', *, *, #2911, .F. ) ;
#644 = CARTESIAN_POINT ( 'NONE',  ( 0.4299999999999998268, 0.1000000000000000056, 3.000000000000000000 ) ) ;
#645 = EDGE_CURVE ( 'NONE', #3294, #5312, #9496, .T. ) ;
#646 = SURFACE_STYLE_FILL_AREA ( #9467 ) ;
#647 = VERTEX_POINT ( 'NONE', #915 ) ;
#648 = STYLED_ITEM ( 'NONE', ( #1546 ), #3317 ) ;
#649 = PRESENTATION_STYLE_ASSIGNMENT (( #5444 ) ) ;
#650 = ORIENTED_EDGE ( 'NONE', *, *, #1203, .T. ) ;
#651 = ORIENTED_EDGE ( 'NONE', *, *, #9951, .T. ) ;
#652 = CARTESIAN_POINT ( 'NONE',  ( -4.240000000000001101, -0.1000000000000000056, 2.542325799479218773 ) ) ;
#653 = MECHANICAL_DESIGN_GEOMETRIC_PRESENTATION_REPRESENTATION (  '', ( #8743 ), #983 ) ;
#654 = PRESENTATION_STYLE_ASSIGNMENT (( #6115 ) ) ;
#655 = MECHANICAL_DESIGN_GEOMETRIC_PRESENTATION_REPRESENTATION (  '', ( #9754 ), #6871 ) ;
#656 = SURFACE_SIDE_STYLE ('',( #7986 ) ) ;
#657 = LINE ( 'NONE', #8730, #5486 ) ;
#658 = DIRECTION ( 'NONE',  ( 0.000000000000000000, 0.000000000000000000, 1.000000000000000000 ) ) ;
#659 = EDGE_CURVE ( 'NONE', #1805, #1797, #5476, .T. ) ;
#661 = ORIENTED_EDGE ( 'NONE', *, *, #1164, .F. ) ;
#660 = DIRECTION ( 'NONE',  ( -1.000000000000000000, -0.000000000000000000, -0.000000000000000000 ) ) ;
#662 = DIRECTION ( 'NONE',  ( 0.000000000000000000, 0.000000000000000000, 1.000000000000000000 ) ) ;
#663 = PRESENTATION_LAYER_ASSIGNMENT (  '', '', ( #6878 ) ) ;
#664 = CARTESIAN_POINT ( 'NONE',  ( -0.8400000000000005240, 0.6426742005207811692, -2.459999999999999964 ) ) ;
#665 = ORIENTED_EDGE ( 'NONE', *, *, #6312, .F. ) ;
#666 = FILL_AREA_STYLE_COLOUR ( '', #333 ) ;
#668 = PRESENTATION_LAYER_ASSIGNMENT (  '', '', ( #7721 ) ) ;
#667 = DIRECTION ( 'NONE',  ( -1.000000000000000000, 0.000000000000000000, -0.000000000000000000 ) ) ;
#669 = DIRECTION ( 'NONE',  ( 0.000000000000000000, -1.000000000000000000, 0.000000000000000000 ) ) ;
#670 = DIRECTION ( 'NONE',  ( -1.000000000000000000, -0.000000000000000000, -0.000000000000000000 ) ) ;
#671 = CARTESIAN_POINT ( 'NONE',  ( -2.110000000000000764, 0.6426742005207811692, -2.459999999999999964 ) ) ;
#672 = DIRECTION ( 'NONE',  ( 0.000000000000000000, -0.000000000000000000, -1.000000000000000000 ) ) ;
#673 = COLOUR_RGB ( '',0.7529411764705882248, 0.7529411764705882248, 0.7529411764705882248 ) ;
#674 = ORIENTED_EDGE ( 'NONE', *, *, #4742, .T. ) ;
#675 = LINE ( 'NONE', #8748, #9859 ) ;
#676 =( NAMED_UNIT ( * ) PLANE_ANGLE_UNIT ( ) SI_UNIT ( $, .RADIAN. ) );
#677 = ORIENTED_EDGE ( 'NONE', *, *, #863, .T. ) ;
#678 = EDGE_CURVE ( 'NONE', #3698, #10204, #561, .T. ) ;
#679 = ORIENTED_EDGE ( 'NONE', *, *, #4273, .F. ) ;
#680 = VERTEX_POINT ( 'NONE', #1668 ) ;
#681 = UNCERTAINTY_MEASURE_WITH_UNIT (LENGTH_MEASURE( 1.000000000000000082E-05 ), #107, 'distance_accuracy_value', 'NONE');
#682 = EDGE_CURVE ( 'NONE', #9092, #9809, #7290, .T. ) ;
#683 = CARTESIAN_POINT ( 'NONE',  ( 4.649999999999999467, 0.1823257994792188419, 2.459999999999999964 ) ) ;
#684 = PRESENTATION_LAYER_ASSIGNMENT (  '', '', ( #4732 ) ) ;
#685 = LINE ( 'NONE', #2210, #5864 ) ;
#686 = SURFACE_STYLE_FILL_AREA ( #1573 ) ;
#687 =( NAMED_UNIT ( * ) PLANE_ANGLE_UNIT ( ) SI_UNIT ( $, .RADIAN. ) );
#688 = VERTEX_POINT ( 'NONE', #8115 ) ;
#689 = CARTESIAN_POINT ( 'NONE',  ( 2.969999999999999751, 0.1823257994792188419, -2.542325799479218773 ) ) ;
#690 = ADVANCED_FACE ( 'NONE', ( #5713 ), #4832, .F. ) ;
#691 = SURFACE_STYLE_FILL_AREA ( #3176 ) ;
#692 = DIRECTION ( 'NONE',  ( -1.000000000000000000, -0.000000000000000000, -0.000000000000000000 ) ) ;
#693 = DIRECTION ( 'NONE',  ( -1.000000000000000000, -0.000000000000000000, -0.000000000000000000 ) ) ;
#694 = CARTESIAN_POINT ( 'NONE',  ( -5.000000000000000888, 1.649999999999999911, -2.000000000000000000 ) ) ;
#695 = ORIENTED_EDGE ( 'NONE', *, *, #5979, .F. ) ;
#696 = FILL_AREA_STYLE ('',( #1543 ) ) ;
#697 = ORIENTED_EDGE ( 'NONE', *, *, #9198, .T. ) ;
#698 = LINE ( 'NONE', #10258, #5511 ) ;
#699 = LINE ( 'NONE', #3921, #3842 ) ;
#700 =( LENGTH_UNIT ( ) NAMED_UNIT ( * ) SI_UNIT ( .MILLI., .METRE. ) );
#701 = EDGE_CURVE ( 'NONE', #7261, #64, #3255, .T. ) ;
#702 = UNCERTAINTY_MEASURE_WITH_UNIT (LENGTH_MEASURE( 1.000000000000000082E-05 ), #483, 'distance_accuracy_value', 'NONE');
#703 = SURFACE_STYLE_USAGE ( .BOTH. , #7935 ) ;
#704 = CARTESIAN_POINT ( 'NONE',  ( 3.379999999999999449, 0.6426742005207811692, 2.459999999999999964 ) ) ;
#705 = DIRECTION ( 'NONE',  ( -0.000000000000000000, -1.000000000000000000, -0.000000000000000000 ) ) ;
#706 = CARTESIAN_POINT ( 'NONE',  ( -0.4300000000000007150, 0.1000000000000000056, 3.000000000000000000 ) ) ;
#707 = ORIENTED_EDGE ( 'NONE', *, *, #8939, .F. ) ;
#708 = PLANE ( 'NONE',  #1647 ) ;
#709 = CARTESIAN_POINT ( 'NONE',  ( 4.649999999999999467, 0.1000000000000000056, -3.000000000000000000 ) ) ;
#710 = ORIENTED_EDGE ( 'NONE', *, *, #5891, .F. ) ;
#711 =( NAMED_UNIT ( * ) SI_UNIT ( $, .STERADIAN. ) SOLID_ANGLE_UNIT ( ) );
#712 = EDGE_LOOP ( 'NONE', ( #3282, #5295, #3135, #5579, #2481 ) ) ;
#713 = CARTESIAN_POINT ( 'NONE',  ( -4.240000000000001101, 0.6426742005207811692, -2.459999999999999964 ) ) ;
#714 = EDGE_CURVE ( 'NONE', #1661, #7272, #1117, .T. ) ;
#715 =( LENGTH_UNIT ( ) NAMED_UNIT ( * ) SI_UNIT ( .MILLI., .METRE. ) );
#716 = EDGE_CURVE ( 'NONE', #1601, #3375, #6764, .T. ) ;
#717 = PRESENTATION_STYLE_ASSIGNMENT (( #7129 ) ) ;
#718 = LINE ( 'NONE', #3995, #5765 ) ;
#719 = DIRECTION ( 'NONE',  ( -0.000000000000000000, 0.000000000000000000, -1.000000000000000000 ) ) ;
#720 =( NAMED_UNIT ( * ) PLANE_ANGLE_UNIT ( ) SI_UNIT ( $, .RADIAN. ) );
#721 = ORIENTED_EDGE ( 'NONE', *, *, #7077, .F. ) ;
#722 = VERTEX_POINT ( 'NONE', #3512 ) ;
#723 = VECTOR ( 'NONE', #4992, 999.9999999999998863 ) ;
#724 = LINE ( 'NONE', #1405, #5701 ) ;
#725 = CARTESIAN_POINT ( 'NONE',  ( 4.649999999999999467, 0.1823257994792188419, -2.542325799479218773 ) ) ;
#726 = PRESENTATION_LAYER_ASSIGNMENT (  '', '', ( #4934 ) ) ;
#727 = COLOUR_RGB ( '',0.7529411764705882248, 0.7529411764705882248, 0.7529411764705882248 ) ;
#728 = EDGE_CURVE ( 'NONE', #2540, #297, #162, .T. ) ;
#729 = SURFACE_SIDE_STYLE ('',( #6347 ) ) ;
#730 = DIRECTION ( 'NONE',  ( 0.000000000000000000, 0.000000000000000000, 1.000000000000000000 ) ) ;
#731 = CARTESIAN_POINT ( 'NONE',  ( 0.8399999999999996358, -0.1000000000000000056, -2.542325799479218773 ) ) ;
#732 = CARTESIAN_POINT ( 'NONE',  ( -1.700000000000001066, 0.6426742005207811692, 2.459999999999999964 ) ) ;
#733 = ORIENTED_EDGE ( 'NONE', *, *, #3074, .T. ) ;
#734 = MECHANICAL_DESIGN_GEOMETRIC_PRESENTATION_REPRESENTATION (  '', ( #7796 ), #5268 ) ;
#735 = AXIS2_PLACEMENT_3D ( 'NONE', #958, #3553, #2601 ) ;
#736 = EDGE_LOOP ( 'NONE', ( #9466, #1592, #2313, #10266 ) ) ;
#737 = CARTESIAN_POINT ( 'NONE',  ( -4.650000000000000355, 0.1823257994792188419, 2.542325799479218773 ) ) ;
#738 = ORIENTED_EDGE ( 'NONE', *, *, #2896, .T. ) ;
#739 = COLOUR_RGB ( '',0.2509803921568627416, 0.2509803921568627416, 0.2509803921568627416 ) ;
#740 = SURFACE_SIDE_STYLE ('',( #7921 ) ) ;
#741 = DIRECTION ( 'NONE',  ( 0.000000000000000000, 0.000000000000000000, 1.000000000000000000 ) ) ;
#742 =( GEOMETRIC_REPRESENTATION_CONTEXT ( 3 ) GLOBAL_UNCERTAINTY_ASSIGNED_CONTEXT ( ( #1404 ) ) GLOBAL_UNIT_ASSIGNED_CONTEXT ( ( #2491, #7420, #230 ) ) REPRESENTATION_CONTEXT ( 'NONE', 'WORKASPACE' ) );
#743 = AXIS2_PLACEMENT_3D ( 'NONE', #283, #3486, #4069 ) ;
#744 = SURFACE_SIDE_STYLE ('',( #4012 ) ) ;
#745 = DIRECTION ( 'NONE',  ( -0.000000000000000000, -1.000000000000000000, -0.000000000000000000 ) ) ;
#746 = CARTESIAN_POINT ( 'NONE',  ( -2.970000000000000639, -0.1000000000000000056, -2.542325799479218773 ) ) ;
#747 = LINE ( 'NONE', #3231, #7118 ) ;
#748 = VECTOR ( 'NONE', #9044, 1000.000000000000000 ) ;
#749 = VECTOR ( 'NONE', #3286, 1000.000000000000000 ) ;
#750 = SURFACE_STYLE_FILL_AREA ( #7975 ) ;
#751 = ORIENTED_EDGE ( 'NONE', *, *, #2361, .T. ) ;
#752 = PRESENTATION_STYLE_ASSIGNMENT (( #7979 ) ) ;
#753 = ORIENTED_EDGE ( 'NONE', *, *, #1900, .T. ) ;
#754 = EDGE_CURVE ( 'NONE', #1699, #10027, #9650, .T. ) ;
#755 = ORIENTED_EDGE ( 'NONE', *, *, #6277, .T. ) ;
#756 = PLANE ( 'NONE',  #10184 ) ;
#757 = STYLED_ITEM ( 'NONE', ( #9200 ), #6540 ) ;
#758 = VECTOR ( 'NONE', #3142, 1000.000000000000000 ) ;
#759 = PRESENTATION_STYLE_ASSIGNMENT (( #703 ) ) ;
#760 = LINE ( 'NONE', #7068, #5944 ) ;
#761 = VERTEX_POINT ( 'NONE', #5135 ) ;
#762 = PRESENTATION_STYLE_ASSIGNMENT (( #6326 ) ) ;
#763 =( NAMED_UNIT ( * ) PLANE_ANGLE_UNIT ( ) SI_UNIT ( $, .RADIAN. ) );
#764 = ORIENTED_EDGE ( 'NONE', *, *, #6685, .T. ) ;
#765 = PRESENTATION_LAYER_ASSIGNMENT (  '', '', ( #6285 ) ) ;
#766 = CIRCLE ( 'NONE', #5137, 0.2823257994792188752 ) ;
#767 = EDGE_CURVE ( 'NONE', #7324, #7114, #1879, .T. ) ;
#768 = COLOUR_RGB ( '',0.7529411764705882248, 0.7529411764705882248, 0.7529411764705882248 ) ;
#769 = AXIS2_PLACEMENT_3D ( 'NONE', #6047, #5691, #2493 ) ;
#770 =( LENGTH_UNIT ( ) NAMED_UNIT ( * ) SI_UNIT ( .MILLI., .METRE. ) );
#771 = EDGE_LOOP ( 'NONE', ( #8232, #9179, #3917, #4522 ) ) ;
#772 = PLANE ( 'NONE',  #122 ) ;
#773 = CARTESIAN_POINT ( 'NONE',  ( 0.4299999999999998268, 0.6426742005207811692, -2.177674200520781422 ) ) ;
#774 = SURFACE_SIDE_STYLE ('',( #4930 ) ) ;
#775 = MECHANICAL_DESIGN_GEOMETRIC_PRESENTATION_REPRESENTATION (  '', ( #4808 ), #6470 ) ;
#776 = CIRCLE ( 'NONE', #1448, 0.08232579947921878083 ) ;
#777 =( NAMED_UNIT ( * ) SI_UNIT ( $, .STERADIAN. ) SOLID_ANGLE_UNIT ( ) );
#778 =( NAMED_UNIT ( * ) PLANE_ANGLE_UNIT ( ) SI_UNIT ( $, .RADIAN. ) );
#779 = ADVANCED_FACE ( 'NONE', ( #1170, #2757 ), #2713, .F. ) ;
#780 = ORIENTED_EDGE ( 'NONE', *, *, #4839, .F. ) ;
#781 = EDGE_CURVE ( 'NONE', #2188, #9457, #6597, .T. ) ;
#782 = ORIENTED_EDGE ( 'NONE', *, *, #3199, .T. ) ;
#783 = PRESENTATION_LAYER_ASSIGNMENT (  '', '', ( #291 ) ) ;
#784 = CIRCLE ( 'NONE', #3650, 0.08232579947921878083 ) ;
#785 = FACE_OUTER_BOUND ( 'NONE', #4484, .T. ) ;
#786 = UNCERTAINTY_MEASURE_WITH_UNIT (LENGTH_MEASURE( 1.000000000000000082E-05 ), #9849, 'distance_accuracy_value', 'NONE');
#787 = CARTESIAN_POINT ( 'NONE',  ( 3.379999999999999449, 0.6426742005207811692, 2.459999999999999964 ) ) ;
#788 = DIRECTION ( 'NONE',  ( -1.000000000000000000, -0.000000000000000000, -0.000000000000000000 ) ) ;
#789 = AXIS2_PLACEMENT_3D ( 'NONE', #4680, #3777, #6975 ) ;
#790 = SURFACE_STYLE_USAGE ( .BOTH. , #1687 ) ;
#791 = EDGE_LOOP ( 'NONE', ( #1144, #9954, #6039, #2889 ) ) ;
#792 = CARTESIAN_POINT ( 'NONE',  ( -4.240000000000001101, 0.1000000000000000056, 2.542325799479218773 ) ) ;
#793 = ORIENTED_EDGE ( 'NONE', *, *, #10335, .T. ) ;
#794 = UNCERTAINTY_MEASURE_WITH_UNIT (LENGTH_MEASURE( 1.000000000000000082E-05 ), #1248, 'distance_accuracy_value', 'NONE');
#795 = EDGE_CURVE ( 'NONE', #4021, #2164, #3565, .T. ) ;
#796 = DIRECTION ( 'NONE',  ( -0.000000000000000000, -1.000000000000000000, -0.000000000000000000 ) ) ;
#797 = VECTOR ( 'NONE', #5527, 1000.000000000000000 ) ;
#798 = MECHANICAL_DESIGN_GEOMETRIC_PRESENTATION_REPRESENTATION (  '', ( #4000 ), #2986 ) ;
#799 = SURFACE_SIDE_STYLE ('',( #71 ) ) ;
#800 = LINE ( 'NONE', #10408, #8493 ) ;
#801 = DIRECTION ( 'NONE',  ( 0.000000000000000000, 0.000000000000000000, -1.000000000000000000 ) ) ;
#802 =( NAMED_UNIT ( * ) SI_UNIT ( $, .STERADIAN. ) SOLID_ANGLE_UNIT ( ) );
#803 =( GEOMETRIC_REPRESENTATION_CONTEXT ( 3 ) GLOBAL_UNCERTAINTY_ASSIGNED_CONTEXT ( ( #8170 ) ) GLOBAL_UNIT_ASSIGNED_CONTEXT ( ( #3192, #2441, #9667 ) ) REPRESENTATION_CONTEXT ( 'NONE', 'WORKASPACE' ) );
#804 = ORIENTED_EDGE ( 'NONE', *, *, #8673, .F. ) ;
#805 = VECTOR ( 'NONE', #5709, 1000.000000000000000 ) ;
#806 = DIRECTION ( 'NONE',  ( -1.000000000000000000, -0.000000000000000000, -0.000000000000000000 ) ) ;
#807 = ADVANCED_FACE ( 'NONE', ( #6754 ), #7436, .F. ) ;
#808 = AXIS2_PLACEMENT_3D ( 'NONE', #3853, #5672, #9749 ) ;
#809 = SURFACE_STYLE_USAGE ( .BOTH. , #2388 ) ;
#810 = FACE_BOUND ( 'NONE', #2951, .T. ) ;
#811 = ORIENTED_EDGE ( 'NONE', *, *, #9477, .T. ) ;
#812 = CYLINDRICAL_SURFACE ( 'NONE', #1946, 0.2823257994792188752 ) ;
#813 = VECTOR ( 'NONE', #7437, 1000.000000000000000 ) ;
#814 = ORIENTED_EDGE ( 'NONE', *, *, #10297, .T. ) ;
#815 = DIRECTION ( 'NONE',  ( 0.000000000000000000, 0.000000000000000000, -1.000000000000000000 ) ) ;
#816 = DIRECTION ( 'NONE',  ( -0.000000000000000000, 0.000000000000000000, -1.000000000000000000 ) ) ;
#817 = CIRCLE ( 'NONE', #8912, 0.2823257994792188752 ) ;
#818 = CARTESIAN_POINT ( 'NONE',  ( 3.379999999999999449, 0.6426742005207811692, 2.177674200520781422 ) ) ;
#819 =( LENGTH_UNIT ( ) NAMED_UNIT ( * ) SI_UNIT ( .MILLI., .METRE. ) );
#820 =( LENGTH_UNIT ( ) NAMED_UNIT ( * ) SI_UNIT ( .MILLI., .METRE. ) );
#821 = AXIS2_PLACEMENT_3D ( 'NONE', #102, #3351, #6546 ) ;
#822 = FACE_OUTER_BOUND ( 'NONE', #3055, .T. ) ;
#823 = ADVANCED_FACE ( 'NONE', ( #10148 ), #10103, .F. ) ;
#824 =( NAMED_UNIT ( * ) PLANE_ANGLE_UNIT ( ) SI_UNIT ( $, .RADIAN. ) );
#825 = VECTOR ( 'NONE', #9507, 1000.000000000000000 ) ;
#826 = CARTESIAN_POINT ( 'NONE',  ( -0.8400000000000005240, 0.7249999999999999778, 2.000000000000000000 ) ) ;
#827 = DIRECTION ( 'NONE',  ( 0.000000000000000000, 0.000000000000000000, -1.000000000000000000 ) ) ;
#828 = FILL_AREA_STYLE ('',( #2150 ) ) ;
#829 = ORIENTED_EDGE ( 'NONE', *, *, #7476, .T. ) ;
#830 = SURFACE_SIDE_STYLE ('',( #214 ) ) ;
#831 = PRESENTATION_LAYER_ASSIGNMENT (  '', '', ( #1320 ) ) ;
#832 = ORIENTED_EDGE ( 'NONE', *, *, #252, .F. ) ;
#833 = MECHANICAL_DESIGN_GEOMETRIC_PRESENTATION_REPRESENTATION (  '', ( #4534 ), #2688 ) ;
#834 = FILL_AREA_STYLE ('',( #7302 ) ) ;
#835 = VECTOR ( 'NONE', #1142, 1000.000000000000000 ) ;
#836 = EDGE_CURVE ( 'NONE', #577, #3644, #5285, .T. ) ;
#837 =( GEOMETRIC_REPRESENTATION_CONTEXT ( 3 ) GLOBAL_UNCERTAINTY_ASSIGNED_CONTEXT ( ( #1700 ) ) GLOBAL_UNIT_ASSIGNED_CONTEXT ( ( #1329, #9210, #6171 ) ) REPRESENTATION_CONTEXT ( 'NONE', 'WORKASPACE' ) );
#838 = DIRECTION ( 'NONE',  ( 0.000000000000000000, 0.000000000000000000, 1.000000000000000000 ) ) ;
#839 = ORIENTED_EDGE ( 'NONE', *, *, #2911, .T. ) ;
#840 =( GEOMETRIC_REPRESENTATION_CONTEXT ( 3 ) GLOBAL_UNCERTAINTY_ASSIGNED_CONTEXT ( ( #8461 ) ) GLOBAL_UNIT_ASSIGNED_CONTEXT ( ( #978, #2568, #6437 ) ) REPRESENTATION_CONTEXT ( 'NONE', 'WORKASPACE' ) );
#841 = PRESENTATION_STYLE_ASSIGNMENT (( #8179 ) ) ;
#842 = ORIENTED_EDGE ( 'NONE', *, *, #2949, .T. ) ;
#843 = CYLINDRICAL_SURFACE ( 'NONE', #10025, 0.08232579947921878083 ) ;
#844 = DIRECTION ( 'NONE',  ( 0.000000000000000000, 0.000000000000000000, -1.000000000000000000 ) ) ;
#845 = EDGE_CURVE ( 'NONE', #3816, #9403, #6911, .T. ) ;
#846 = PRESENTATION_LAYER_ASSIGNMENT (  '', '', ( #8604 ) ) ;
#847 = SURFACE_STYLE_USAGE ( .BOTH. , #3333 ) ;
#848 =( NAMED_UNIT ( * ) SI_UNIT ( $, .STERADIAN. ) SOLID_ANGLE_UNIT ( ) );
#849 = CARTESIAN_POINT ( 'NONE',  ( -2.970000000000000639, 0.7249999999999999778, -2.000000000000000000 ) ) ;
#850 = VECTOR ( 'NONE', #4046, 1000.000000000000000 ) ;
#851 = ORIENTED_EDGE ( 'NONE', *, *, #1034, .F. ) ;
#852 = CARTESIAN_POINT ( 'NONE',  ( -4.650000000000000355, 0.7249999999999999778, 2.000000000000000000 ) ) ;
#853 = FILL_AREA_STYLE_COLOUR ( '', #5846 ) ;
#854 =( LENGTH_UNIT ( ) NAMED_UNIT ( * ) SI_UNIT ( .MILLI., .METRE. ) );
#855 =( LENGTH_UNIT ( ) NAMED_UNIT ( * ) SI_UNIT ( .MILLI., .METRE. ) );
#856 = DIRECTION ( 'NONE',  ( 0.000000000000000000, 0.000000000000000000, -1.000000000000000000 ) ) ;
#857 =( NAMED_UNIT ( * ) PLANE_ANGLE_UNIT ( ) SI_UNIT ( $, .RADIAN. ) );
#858 = CARTESIAN_POINT ( 'NONE',  ( 1.699999999999999734, 0.9250000000000000444, 2.000000000000000000 ) ) ;
#859 = DIRECTION ( 'NONE',  ( -0.000000000000000000, 0.000000000000000000, -1.000000000000000000 ) ) ;
#860 = ORIENTED_EDGE ( 'NONE', *, *, #7779, .F. ) ;
#861 = CARTESIAN_POINT ( 'NONE',  ( -2.970000000000000639, 0.7249999999999998668, 2.177674200520781422 ) ) ;
#862 = ORIENTED_EDGE ( 'NONE', *, *, #1035, .T. ) ;
#863 = EDGE_CURVE ( 'NONE', #10015, #3416, #1276, .T. ) ;
#864 = DIRECTION ( 'NONE',  ( -1.000000000000000000, 0.000000000000000000, 0.000000000000000000 ) ) ;
#865 =( NAMED_UNIT ( * ) PLANE_ANGLE_UNIT ( ) SI_UNIT ( $, .RADIAN. ) );
#866 =( NAMED_UNIT ( * ) PLANE_ANGLE_UNIT ( ) SI_UNIT ( $, .RADIAN. ) );
#867 = SURFACE_SIDE_STYLE ('',( #1353 ) ) ;
#868 = FILL_AREA_STYLE_COLOUR ( '', #1217 ) ;
#869 = FILL_AREA_STYLE_COLOUR ( '', #6835 ) ;
#870 = LINE ( 'NONE', #975, #9011 ) ;
#871 = DIRECTION ( 'NONE',  ( 0.000000000000000000, 0.000000000000000000, -1.000000000000000000 ) ) ;
#872 = ORIENTED_EDGE ( 'NONE', *, *, #10320, .F. ) ;
#873 = DIRECTION ( 'NONE',  ( -1.000000000000000000, -0.000000000000000000, -0.000000000000000000 ) ) ;
#874 = ORIENTED_EDGE ( 'NONE', *, *, #3830, .F. ) ;
#875 = EDGE_CURVE ( 'NONE', #2858, #2833, #2811, .T. ) ;
#876 = LINE ( 'NONE', #5721, #4519 ) ;
#877 = DIRECTION ( 'NONE',  ( 1.000000000000000000, 0.000000000000000000, 0.000000000000000000 ) ) ;
#878 = UNCERTAINTY_MEASURE_WITH_UNIT (LENGTH_MEASURE( 1.000000000000000082E-05 ), #2726, 'distance_accuracy_value', 'NONE');
#879 = LINE ( 'NONE', #6443, #444 ) ;
#880 =( NAMED_UNIT ( * ) PLANE_ANGLE_UNIT ( ) SI_UNIT ( $, .RADIAN. ) );
#881 = CYLINDRICAL_SURFACE ( 'NONE', #8929, 0.08232579947921878083 ) ;
#882 = CARTESIAN_POINT ( 'NONE',  ( -0.4300000000000007150, 0.1823257994792188696, 2.259999999999999787 ) ) ;
#883 = ORIENTED_EDGE ( 'NONE', *, *, #8274, .T. ) ;
#884 = ORIENTED_EDGE ( 'NONE', *, *, #4527, .F. ) ;
#885 = DIRECTION ( 'NONE',  ( 0.000000000000000000, 0.000000000000000000, 1.000000000000000000 ) ) ;
#886 = ORIENTED_EDGE ( 'NONE', *, *, #10308, .F. ) ;
#887 = EDGE_CURVE ( 'NONE', #7390, #10078, #7014, .T. ) ;
#888 = UNCERTAINTY_MEASURE_WITH_UNIT (LENGTH_MEASURE( 1.000000000000000082E-05 ), #1634, 'distance_accuracy_value', 'NONE');
#889 = CARTESIAN_POINT ( 'NONE',  ( 3.379999999999999449, -0.1000000000000000056, 2.542325799479218773 ) ) ;
#890 = LINE ( 'NONE', #7266, #5952 ) ;
#891 = LINE ( 'NONE', #231, #9821 ) ;
#892 = CARTESIAN_POINT ( 'NONE',  ( 0.4299999999999998268, 0.1823257994792188419, -2.542325799479218773 ) ) ;
#893 = ORIENTED_EDGE ( 'NONE', *, *, #270, .F. ) ;
#894 = ADVANCED_FACE ( 'NONE', ( #6221 ), #6072, .F. ) ;
#895 = EDGE_CURVE ( 'NONE', #5355, #5858, #5700, .T. ) ;
#896 = ORIENTED_EDGE ( 'NONE', *, *, #9215, .T. ) ;
#897 = CIRCLE ( 'NONE', #7982, 0.08232579947921878083 ) ;
#898 = CARTESIAN_POINT ( 'NONE',  ( 3.379999999999999449, 0.6426742005207811692, 2.177674200520781422 ) ) ;
#899 = STYLED_ITEM ( 'NONE', ( #10052 ), #894 ) ;
#900 = CYLINDRICAL_SURFACE ( 'NONE', #8873, 0.2823257994792188752 ) ;
#901 = DIRECTION ( 'NONE',  ( 0.000000000000000000, 0.000000000000000000, 1.000000000000000000 ) ) ;
#902 = FACE_OUTER_BOUND ( 'NONE', #7031, .T. ) ;
#903 = LINE ( 'NONE', #8246, #4349 ) ;
#904 =( NAMED_UNIT ( * ) SI_UNIT ( $, .STERADIAN. ) SOLID_ANGLE_UNIT ( ) );
#905 = ORIENTED_EDGE ( 'NONE', *, *, #1024, .F. ) ;
#906 = MECHANICAL_DESIGN_GEOMETRIC_PRESENTATION_REPRESENTATION (  '', ( #3956 ), #2604 ) ;
#907 = VECTOR ( 'NONE', #1004, 999.9999999999998863 ) ;
#908 = ORIENTED_EDGE ( 'NONE', *, *, #3732, .F. ) ;
#909 = DIRECTION ( 'NONE',  ( -1.000000000000000000, -0.000000000000000000, -0.000000000000000000 ) ) ;
#910 = COLOUR_RGB ( '',0.7529411764705882248, 0.7529411764705882248, 0.7529411764705882248 ) ;
#911 = DIRECTION ( 'NONE',  ( 0.000000000000000000, 0.000000000000000000, -1.000000000000000000 ) ) ;
#912 = SURFACE_SIDE_STYLE ('',( #4150 ) ) ;
#913 = LINE ( 'NONE', #5750, #353 ) ;
#914 = DIRECTION ( 'NONE',  ( -1.000000000000000000, -0.000000000000000000, -0.000000000000000000 ) ) ;
#915 = CARTESIAN_POINT ( 'NONE',  ( 0.4299999999999998268, 0.7249999999999998668, -2.177674200520781422 ) ) ;
#916 = VECTOR ( 'NONE', #901, 1000.000000000000000 ) ;
#917 = CARTESIAN_POINT ( 'NONE',  ( -4.240000000000001101, -0.1000000000000000056, 2.542325799479218773 ) ) ;
#918 = VECTOR ( 'NONE', #6359, 1000.000000000000000 ) ;
#919 =( NAMED_UNIT ( * ) SI_UNIT ( $, .STERADIAN. ) SOLID_ANGLE_UNIT ( ) );
#920 = DIRECTION ( 'NONE',  ( -0.000000000000000000, 1.000000000000000000, 0.000000000000000000 ) ) ;
#921 = CARTESIAN_POINT ( 'NONE',  ( 2.969999999999999751, 0.1823257994792188696, 2.259999999999999787 ) ) ;
#922 = DIRECTION ( 'NONE',  ( -1.000000000000000000, -0.000000000000000000, -0.000000000000000000 ) ) ;
#923 = LINE ( 'NONE', #4162, #1258 ) ;
#924 = ORIENTED_EDGE ( 'NONE', *, *, #4772, .F. ) ;
#925 = COLOUR_RGB ( '',0.7529411764705882248, 0.7529411764705882248, 0.7529411764705882248 ) ;
#926 = SURFACE_SIDE_STYLE ('',( #7050 ) ) ;
#927 = STYLED_ITEM ( 'NONE', ( #5372 ), #9897 ) ;
#928 =( NAMED_UNIT ( * ) SI_UNIT ( $, .STERADIAN. ) SOLID_ANGLE_UNIT ( ) );
#929 = SURFACE_SIDE_STYLE ('',( #4054 ) ) ;
#930 = PLANE ( 'NONE',  #5258 ) ;
#931 = EDGE_CURVE ( 'NONE', #7511, #6030, #4432, .T. ) ;
#932 = AXIS2_PLACEMENT_3D ( 'NONE', #3755, #4502, #3822 ) ;
#933 = CARTESIAN_POINT ( 'NONE',  ( 3.379999999999999449, -0.1000000000000000056, -3.000000000000000000 ) ) ;
#934 = AXIS2_PLACEMENT_3D ( 'NONE', #4037, #45, #5655 ) ;
#935 = CARTESIAN_POINT ( 'NONE',  ( -5.000000000000000888, 0.7000000000000166089, -2.000000000000000000 ) ) ;
#936 = ORIENTED_EDGE ( 'NONE', *, *, #5212, .T. ) ;
#937 = CARTESIAN_POINT ( 'NONE',  ( 2.109999999999999432, -0.1000000000000000056, -3.000000000000000000 ) ) ;
#938 = ORIENTED_EDGE ( 'NONE', *, *, #3907, .F. ) ;
#939 = DIRECTION ( 'NONE',  ( 0.000000000000000000, -1.000000000000000000, 0.000000000000000000 ) ) ;
#940 = PLANE ( 'NONE',  #3444 ) ;
#941 =( GEOMETRIC_REPRESENTATION_CONTEXT ( 3 ) GLOBAL_UNCERTAINTY_ASSIGNED_CONTEXT ( ( #3216 ) ) GLOBAL_UNIT_ASSIGNED_CONTEXT ( ( #3242, #6421, #6479 ) ) REPRESENTATION_CONTEXT ( 'NONE', 'WORKASPACE' ) );
#942 = DIRECTION ( 'NONE',  ( 0.000000000000000000, 0.000000000000000000, 1.000000000000000000 ) ) ;
#943 = VECTOR ( 'NONE', #6263, 1000.000000000000000 ) ;
#944 = COLOUR_RGB ( '',0.7529411764705882248, 0.7529411764705882248, 0.7529411764705882248 ) ;
#945 = FACE_OUTER_BOUND ( 'NONE', #3009, .T. ) ;
#946 = DIRECTION ( 'NONE',  ( 0.000000000000000000, 0.000000000000000000, 1.000000000000000000 ) ) ;
#947 = FILL_AREA_STYLE_COLOUR ( '', #6031 ) ;
#948 = EDGE_CURVE ( 'NONE', #2188, #66, #88, .T. ) ;
#949 = VECTOR ( 'NONE', #6947, 1000.000000000000000 ) ;
#950 = SURFACE_SIDE_STYLE ('',( #8979 ) ) ;
#951 = SURFACE_STYLE_USAGE ( .BOTH. , #8190 ) ;
#952 = SURFACE_SIDE_STYLE ('',( #4959 ) ) ;
#953 = VERTEX_POINT ( 'NONE', #3878 ) ;
#954 = FILL_AREA_STYLE_COLOUR ( '', #5279 ) ;
#955 = CARTESIAN_POINT ( 'NONE',  ( -4.876571113504073907, 1.649999999999999911, -1.876571113504073018 ) ) ;
#956 = CARTESIAN_POINT ( 'NONE',  ( 2.109999999999999432, 0.9249999999999998224, 2.177674200520781422 ) ) ;
#957 = EDGE_CURVE ( 'NONE', #2239, #7416, #4763, .T. ) ;
#958 = CARTESIAN_POINT ( 'NONE',  ( 2.109999999999999432, 0.7249999999999999778, 2.000000000000000000 ) ) ;
#959 = PRESENTATION_LAYER_ASSIGNMENT (  '', '', ( #1471 ) ) ;
#960 = PRESENTATION_STYLE_ASSIGNMENT (( #7427 ) ) ;
#961 = VERTEX_POINT ( 'NONE', #5557 ) ;
#962 = FILL_AREA_STYLE ('',( #8993 ) ) ;
#963 = ORIENTED_EDGE ( 'NONE', *, *, #6094, .F. ) ;
#964 = STYLED_ITEM ( 'NONE', ( #6490 ), #8905 ) ;
#965 = DIRECTION ( 'NONE',  ( -1.000000000000000000, -0.000000000000000000, -0.000000000000000000 ) ) ;
#966 = VECTOR ( 'NONE', #8366, 1000.000000000000000 ) ;
#967 = FACE_OUTER_BOUND ( 'NONE', #1237, .T. ) ;
#968 = DIRECTION ( 'NONE',  ( -1.000000000000000000, -0.000000000000000000, -0.000000000000000000 ) ) ;
#969 = UNCERTAINTY_MEASURE_WITH_UNIT (LENGTH_MEASURE( 1.000000000000000082E-05 ), #1040, 'distance_accuracy_value', 'NONE');
#970 = FILL_AREA_STYLE_COLOUR ( '', #281 ) ;
#971 =( LENGTH_UNIT ( ) NAMED_UNIT ( * ) SI_UNIT ( .MILLI., .METRE. ) );
#972 = LINE ( 'NONE', #7439, #3499 ) ;
#973 = MECHANICAL_DESIGN_GEOMETRIC_PRESENTATION_REPRESENTATION (  '', ( #7693 ), #5010 ) ;
#974 =( GEOMETRIC_REPRESENTATION_CONTEXT ( 3 ) GLOBAL_UNCERTAINTY_ASSIGNED_CONTEXT ( ( #10288 ) ) GLOBAL_UNIT_ASSIGNED_CONTEXT ( ( #5559, #6380, #8050 ) ) REPRESENTATION_CONTEXT ( 'NONE', 'WORKASPACE' ) );
#975 = CARTESIAN_POINT ( 'NONE',  ( 4.999999999999999112, 0.7000000000000166089, 2.000000000000000000 ) ) ;
#976 = CARTESIAN_POINT ( 'NONE',  ( -2.970000000000000639, 0.6426742005207811692, 2.177674200520781422 ) ) ;
#977 = MECHANICAL_DESIGN_GEOMETRIC_PRESENTATION_REPRESENTATION (  '', ( #10083 ), #7024 ) ;
#978 =( LENGTH_UNIT ( ) NAMED_UNIT ( * ) SI_UNIT ( .MILLI., .METRE. ) );
#979 = EDGE_LOOP ( 'NONE', ( #884, #5009, #6749, #1871, #8535, #9652, #4075, #6877, #10109, #478, #9747, #6407 ) ) ;
#980 = EDGE_CURVE ( 'NONE', #7606, #1352, #760, .T. ) ;
#981 = FILL_AREA_STYLE ('',( #1941 ) ) ;
#982 = LINE ( 'NONE', #2624, #8855 ) ;
#983 =( GEOMETRIC_REPRESENTATION_CONTEXT ( 3 ) GLOBAL_UNCERTAINTY_ASSIGNED_CONTEXT ( ( #3319 ) ) GLOBAL_UNIT_ASSIGNED_CONTEXT ( ( #9112, #4158, #8306 ) ) REPRESENTATION_CONTEXT ( 'NONE', 'WORKASPACE' ) );
#984 = LINE ( 'NONE', #7356, #9113 ) ;
#985 = CYLINDRICAL_SURFACE ( 'NONE', #5938, 0.08232579947921878083 ) ;
#986 =( NAMED_UNIT ( * ) PLANE_ANGLE_UNIT ( ) SI_UNIT ( $, .RADIAN. ) );
#987 = DIRECTION ( 'NONE',  ( 0.000000000000000000, 0.000000000000000000, 1.000000000000000000 ) ) ;
#988 = EDGE_CURVE ( 'NONE', #9714, #4725, #2252, .T. ) ;
#989 = COLOUR_RGB ( '',0.7529411764705882248, 0.7529411764705882248, 0.7529411764705882248 ) ;
#990 = ORIENTED_EDGE ( 'NONE', *, *, #9344, .F. ) ;
#991 = CARTESIAN_POINT ( 'NONE',  ( -4.240000000000001101, 0.1823257994792188419, 2.459999999999999964 ) ) ;
#992 = VERTEX_POINT ( 'NONE', #3924 ) ;
#993 = ORIENTED_EDGE ( 'NONE', *, *, #8788, .T. ) ;
#994 = AXIS2_PLACEMENT_3D ( 'NONE', #6695, #7584, #359 ) ;
#995 = EDGE_CURVE ( 'NONE', #8789, #6726, #6265, .T. ) ;
#996 =( NAMED_UNIT ( * ) SI_UNIT ( $, .STERADIAN. ) SOLID_ANGLE_UNIT ( ) );
#997 = COLOUR_RGB ( '',0.7529411764705882248, 0.7529411764705882248, 0.7529411764705882248 ) ;
#998 = CARTESIAN_POINT ( 'NONE',  ( -2.110000000000000764, 0.1000000000000000056, 2.542325799479218773 ) ) ;
#999 = DIRECTION ( 'NONE',  ( 0.000000000000000000, 0.000000000000000000, 1.000000000000000000 ) ) ;
#1000 = CIRCLE ( 'NONE', #2182, 0.08232579947921878083 ) ;
#1001 =( NAMED_UNIT ( * ) SI_UNIT ( $, .STERADIAN. ) SOLID_ANGLE_UNIT ( ) );
#1002 = ORIENTED_EDGE ( 'NONE', *, *, #4205, .F. ) ;
#1003 = ORIENTED_EDGE ( 'NONE', *, *, #8459, .F. ) ;
#1004 = DIRECTION ( 'NONE',  ( -0.1710878697460334052, -0.9702875252478146972, -0.1710878697460334052 ) ) ;
#1005 =( NAMED_UNIT ( * ) SI_UNIT ( $, .STERADIAN. ) SOLID_ANGLE_UNIT ( ) );
#1006 =( NAMED_UNIT ( * ) SI_UNIT ( $, .STERADIAN. ) SOLID_ANGLE_UNIT ( ) );
#1007 = CARTESIAN_POINT ( 'NONE',  ( 2.109999999999999432, 0.7249999999999999778, -2.000000000000000000 ) ) ;
#1008 = CYLINDRICAL_SURFACE ( 'NONE', #1934, 0.2823257994792188752 ) ;
#1009 = STYLED_ITEM ( 'NONE', ( #9786 ), #4600 ) ;
#1010 = VERTEX_POINT ( 'NONE', #5645 ) ;
#1011 = ORIENTED_EDGE ( 'NONE', *, *, #4908, .F. ) ;
#1012 = DIRECTION ( 'NONE',  ( 1.000000000000000000, 0.000000000000000000, -0.000000000000000000 ) ) ;
#1013 = EDGE_CURVE ( 'NONE', #2781, #6746, #10170, .T. ) ;
#1014 = PLANE ( 'NONE',  #8082 ) ;
#1015 = DIRECTION ( 'NONE',  ( -1.000000000000000000, -0.000000000000000000, -0.000000000000000000 ) ) ;
#1016 = DIRECTION ( 'NONE',  ( -1.000000000000000000, -0.000000000000000000, -0.000000000000000000 ) ) ;
#1017 = CARTESIAN_POINT ( 'NONE',  ( 0.8399999999999996358, 0.1823257994792188419, -2.459999999999999964 ) ) ;
#1018 = SURFACE_STYLE_FILL_AREA ( #6551 ) ;
#1019 = DIRECTION ( 'NONE',  ( 1.000000000000000000, 0.000000000000000000, 0.000000000000000000 ) ) ;
#1020 = PLANE ( 'NONE',  #10232 ) ;
#1021 = LINE ( 'NONE', #2670, #1954 ) ;
#1022 = EDGE_LOOP ( 'NONE', ( #4321, #2023, #8916, #10000 ) ) ;
#1023 = EDGE_CURVE ( 'NONE', #380, #7558, #4027, .T. ) ;
#1024 = EDGE_CURVE ( 'NONE', #10235, #10295, #4083, .T. ) ;
#1025 = DIRECTION ( 'NONE',  ( 0.000000000000000000, -0.000000000000000000, -1.000000000000000000 ) ) ;
#1026 = DIRECTION ( 'NONE',  ( -0.000000000000000000, 1.000000000000000000, 0.000000000000000000 ) ) ;
#1027 = DIRECTION ( 'NONE',  ( -0.1710878697460334052, -0.9702875252478146972, 0.1710878697460334052 ) ) ;
#1028 =( NAMED_UNIT ( * ) PLANE_ANGLE_UNIT ( ) SI_UNIT ( $, .RADIAN. ) );
#1029 = DIRECTION ( 'NONE',  ( -0.000000000000000000, 1.000000000000000000, 0.000000000000000000 ) ) ;
#1030 = DIRECTION ( 'NONE',  ( 0.000000000000000000, 0.000000000000000000, -1.000000000000000000 ) ) ;
#1031 = ORIENTED_EDGE ( 'NONE', *, *, #76, .T. ) ;
#1032 = ORIENTED_EDGE ( 'NONE', *, *, #4722, .T. ) ;
#1033 =( NAMED_UNIT ( * ) SI_UNIT ( $, .STERADIAN. ) SOLID_ANGLE_UNIT ( ) );
#1034 = EDGE_CURVE ( 'NONE', #8010, #7114, #3292, .T. ) ;
#1035 = EDGE_CURVE ( 'NONE', #5355, #8206, #6477, .T. ) ;
#1036 = DIRECTION ( 'NONE',  ( 1.000000000000000000, 0.000000000000000000, -0.000000000000000000 ) ) ;
#1037 = CARTESIAN_POINT ( 'NONE',  ( 3.379999999999999449, 0.1000000000000000056, 2.542325799479218773 ) ) ;
#1038 = PRESENTATION_STYLE_ASSIGNMENT (( #5784 ) ) ;
#1039 = ORIENTED_EDGE ( 'NONE', *, *, #8140, .T. ) ;
#1040 =( LENGTH_UNIT ( ) NAMED_UNIT ( * ) SI_UNIT ( .MILLI., .METRE. ) );
#1041 =( LENGTH_UNIT ( ) NAMED_UNIT ( * ) SI_UNIT ( .MILLI., .METRE. ) );
#1042 = FACE_OUTER_BOUND ( 'NONE', #9760, .T. ) ;
#1043 =( GEOMETRIC_REPRESENTATION_CONTEXT ( 3 ) GLOBAL_UNCERTAINTY_ASSIGNED_CONTEXT ( ( #8825 ) ) GLOBAL_UNIT_ASSIGNED_CONTEXT ( ( #544, #5395, #7220 ) ) REPRESENTATION_CONTEXT ( 'NONE', 'WORKASPACE' ) );
#1044 = STYLED_ITEM ( 'NONE', ( #9227 ), #7670 ) ;
#1045 = EDGE_CURVE ( 'NONE', #616, #2647, #2415, .T. ) ;
#1046 = SURFACE_STYLE_USAGE ( .BOTH. , #1868 ) ;
#1047 = PRESENTATION_STYLE_ASSIGNMENT (( #4243 ) ) ;
#1048 = ORIENTED_EDGE ( 'NONE', *, *, #6197, .F. ) ;
#1049 = COLOUR_RGB ( '',0.7529411764705882248, 0.7529411764705882248, 0.7529411764705882248 ) ;
#1050 = SURFACE_STYLE_USAGE ( .BOTH. , #6856 ) ;
#1051 = VECTOR ( 'NONE', #2290, 1000.000000000000000 ) ;
#1052 = ORIENTED_EDGE ( 'NONE', *, *, #7636, .F. ) ;
#1053 = CARTESIAN_POINT ( 'NONE',  ( -1.700000000000001066, 0.1823257994792188419, 2.542325799479218773 ) ) ;
#1054 =( NAMED_UNIT ( * ) PLANE_ANGLE_UNIT ( ) SI_UNIT ( $, .RADIAN. ) );
#1055 = PRESENTATION_LAYER_ASSIGNMENT (  '', '', ( #8826 ) ) ;
#1056 = CYLINDRICAL_SURFACE ( 'NONE', #1307, 0.2823257994792186532 ) ;
#1057 = CARTESIAN_POINT ( 'NONE',  ( 3.379999999999999449, -0.1000000000000000056, -2.542325799479218773 ) ) ;
#1058 = CARTESIAN_POINT ( 'NONE',  ( -2.970000000000000639, 0.6426742005207811692, 2.260000000000000231 ) ) ;
#1059 = SURFACE_SIDE_STYLE ('',( #9948 ) ) ;
#1060 = PLANE ( 'NONE',  #4357 ) ;
#1061 =( GEOMETRIC_REPRESENTATION_CONTEXT ( 3 ) GLOBAL_UNCERTAINTY_ASSIGNED_CONTEXT ( ( #8273 ) ) GLOBAL_UNIT_ASSIGNED_CONTEXT ( ( #10192, #6155, #7682 ) ) REPRESENTATION_CONTEXT ( 'NONE', 'WORKASPACE' ) );
#1062 = EDGE_CURVE ( 'NONE', #7049, #6621, #8731, .T. ) ;
#1063 = FILL_AREA_STYLE ('',( #9059 ) ) ;
#1064 = STYLED_ITEM ( 'NONE', ( #10084 ), #9440 ) ;
#1065 = FACE_OUTER_BOUND ( 'NONE', #4806, .T. ) ;
#1066 =( NAMED_UNIT ( * ) PLANE_ANGLE_UNIT ( ) SI_UNIT ( $, .RADIAN. ) );
#1067 = VECTOR ( 'NONE', #3763, 1000.000000000000000 ) ;
#1068 = ORIENTED_EDGE ( 'NONE', *, *, #6216, .F. ) ;
#1069 = FACE_OUTER_BOUND ( 'NONE', #9758, .T. ) ;
#1070 = DIRECTION ( 'NONE',  ( 0.000000000000000000, -0.000000000000000000, -1.000000000000000000 ) ) ;
#1071 = SURFACE_SIDE_STYLE ('',( #3573 ) ) ;
#1072 = PLANE ( 'NONE',  #7533 ) ;
#1073 = AXIS2_PLACEMENT_3D ( 'NONE', #2397, #6275, #6492 ) ;
#1074 = MECHANICAL_DESIGN_GEOMETRIC_PRESENTATION_REPRESENTATION (  '', ( #7632 ), #6962 ) ;
#1075 = CARTESIAN_POINT ( 'NONE',  ( -2.110000000000000764, 0.1823257994792188419, 2.542325799479218773 ) ) ;
#1076 = UNCERTAINTY_MEASURE_WITH_UNIT (LENGTH_MEASURE( 1.000000000000000082E-05 ), #7548, 'distance_accuracy_value', 'NONE');
#1077 = EDGE_CURVE ( 'NONE', #2540, #4307, #7113, .T. ) ;
#1078 =( NAMED_UNIT ( * ) SI_UNIT ( $, .STERADIAN. ) SOLID_ANGLE_UNIT ( ) );
#1079 = EDGE_CURVE ( 'NONE', #3069, #6914, #10366, .T. ) ;
#1080 = PRESENTATION_STYLE_ASSIGNMENT (( #221 ) ) ;
#1081 = VERTEX_POINT ( 'NONE', #6323 ) ;
#1082 = ORIENTED_EDGE ( 'NONE', *, *, #4679, .F. ) ;
#1083 = VECTOR ( 'NONE', #8215, 1000.000000000000000 ) ;
#1084 = MECHANICAL_DESIGN_GEOMETRIC_PRESENTATION_REPRESENTATION (  '', ( #6636 ), #2952 ) ;
#1085 = ORIENTED_EDGE ( 'NONE', *, *, #5596, .T. ) ;
#1086 = SURFACE_SIDE_STYLE ('',( #4525 ) ) ;
#1087 = DIRECTION ( 'NONE',  ( 0.000000000000000000, 0.000000000000000000, 1.000000000000000000 ) ) ;
#1088 = VECTOR ( 'NONE', #8812, 1000.000000000000000 ) ;
#1089 = SURFACE_STYLE_FILL_AREA ( #6678 ) ;
#1090 = CARTESIAN_POINT ( 'NONE',  ( 2.109999999999999432, 0.1823257994792188419, 2.542325799479218773 ) ) ;
#1091 = CARTESIAN_POINT ( 'NONE',  ( 2.109999999999999432, -0.1000000000000000056, -2.542325799479218773 ) ) ;
#1092 =( NAMED_UNIT ( * ) SI_UNIT ( $, .STERADIAN. ) SOLID_ANGLE_UNIT ( ) );
#1093 = AXIS2_PLACEMENT_3D ( 'NONE', #5322, #484, #2739 ) ;
#1094 = DIRECTION ( 'NONE',  ( 0.000000000000000000, -0.1736481776669281663, -0.9848077530122085754 ) ) ;
#1095 = EDGE_LOOP ( 'NONE', ( #4244, #1048, #1280, #381 ) ) ;
#1096 = CARTESIAN_POINT ( 'NONE',  ( -4.240000000000001101, 0.1823257994792188696, -2.259999999999999787 ) ) ;
#1097 = ADVANCED_FACE ( 'NONE', ( #10422 ), #3189, .T. ) ;
#1098 = ORIENTED_EDGE ( 'NONE', *, *, #957, .T. ) ;
#1099 = CIRCLE ( 'NONE', #932, 0.2823257994792188752 ) ;
#1100 = EDGE_CURVE ( 'NONE', #6140, #6256, #3498, .T. ) ;
#1101 =( LENGTH_UNIT ( ) NAMED_UNIT ( * ) SI_UNIT ( .MILLI., .METRE. ) );
#1102 = STYLED_ITEM ( 'NONE', ( #2992 ), #5876 ) ;
#1103 = SURFACE_SIDE_STYLE ('',( #1153 ) ) ;
#1104 = DIRECTION ( 'NONE',  ( -1.000000000000000000, -0.000000000000000000, -0.000000000000000000 ) ) ;
#1105 = ORIENTED_EDGE ( 'NONE', *, *, #6757, .F. ) ;
#1106 = PRESENTATION_LAYER_ASSIGNMENT (  '', '', ( #8536 ) ) ;
#1107 = EDGE_CURVE ( 'NONE', #1352, #9815, #6688, .T. ) ;
#1108 = ORIENTED_EDGE ( 'NONE', *, *, #5033, .F. ) ;
#1109 =( NAMED_UNIT ( * ) PLANE_ANGLE_UNIT ( ) SI_UNIT ( $, .RADIAN. ) );
#1110 = ORIENTED_EDGE ( 'NONE', *, *, #9557, .F. ) ;
#1111 =( LENGTH_UNIT ( ) NAMED_UNIT ( * ) SI_UNIT ( .MILLI., .METRE. ) );
#1112 = FACE_OUTER_BOUND ( 'NONE', #7965, .T. ) ;
#1113 = DIRECTION ( 'NONE',  ( 0.000000000000000000, -0.000000000000000000, 1.000000000000000000 ) ) ;
#1114 = ADVANCED_FACE ( 'NONE', ( #1706 ), #5900, .T. ) ;
#1115 = CARTESIAN_POINT ( 'NONE',  ( 4.649999999999999467, 0.1000000000000000056, 3.000000000000000000 ) ) ;
#1116 = MECHANICAL_DESIGN_GEOMETRIC_PRESENTATION_REPRESENTATION (  '', ( #629 ), #2141 ) ;
#1117 = LINE ( 'NONE', #6657, #8309 ) ;
#1118 = FILL_AREA_STYLE ('',( #1277 ) ) ;
#1119 = ORIENTED_EDGE ( 'NONE', *, *, #3043, .F. ) ;
#1120 = SURFACE_STYLE_USAGE ( .BOTH. , #2567 ) ;
#1121 =( GEOMETRIC_REPRESENTATION_CONTEXT ( 3 ) GLOBAL_UNCERTAINTY_ASSIGNED_CONTEXT ( ( #456 ) ) GLOBAL_UNIT_ASSIGNED_CONTEXT ( ( #10350, #4121, #4168 ) ) REPRESENTATION_CONTEXT ( 'NONE', 'WORKASPACE' ) );
#1122 = COLOUR_RGB ( '',1.000000000000000000, 1.000000000000000000, 1.000000000000000000 ) ;
#1123 = EDGE_LOOP ( 'NONE', ( #7388, #851, #3979, #5802 ) ) ;
#1124 = LINE ( 'NONE', #7498, #5549 ) ;
#1125 = EDGE_CURVE ( 'NONE', #6048, #3944, #3425, .T. ) ;
#1126 = SURFACE_SIDE_STYLE ('',( #4364 ) ) ;
#1127 = FILL_AREA_STYLE_COLOUR ( '', #1348 ) ;
#1128 = AXIS2_PLACEMENT_3D ( 'NONE', #470, #10113, #2881 ) ;
#1129 = STYLED_ITEM ( 'NONE', ( #2800 ), #8406 ) ;
#1130 = CARTESIAN_POINT ( 'NONE',  ( -4.251087498775063978, 1.649999999999999911, 1.065357694340216765 ) ) ;
#1131 =( GEOMETRIC_REPRESENTATION_CONTEXT ( 3 ) GLOBAL_UNCERTAINTY_ASSIGNED_CONTEXT ( ( #3066 ) ) GLOBAL_UNIT_ASSIGNED_CONTEXT ( ( #7874, #9518, #4023 ) ) REPRESENTATION_CONTEXT ( 'NONE', 'WORKASPACE' ) );
#1132 = FACE_OUTER_BOUND ( 'NONE', #2705, .T. ) ;
#1133 = CARTESIAN_POINT ( 'NONE',  ( -0.4300000000000007150, 0.6426742005207811692, 2.260000000000000231 ) ) ;
#1134 = CARTESIAN_POINT ( 'NONE',  ( 4.876571113504072130, 1.649999999999999911, -1.876571113504073018 ) ) ;
#1135 = ORIENTED_EDGE ( 'NONE', *, *, #9408, .T. ) ;
#1136 = EDGE_LOOP ( 'NONE', ( #3931, #8454, #6662, #626 ) ) ;
#1137 = EDGE_LOOP ( 'NONE', ( #4915, #5231, #3108, #9531 ) ) ;
#1138 = EDGE_CURVE ( 'NONE', #7629, #3416, #6743, .T. ) ;
#1139 = CIRCLE ( 'NONE', #178, 0.2823257994792188752 ) ;
#1140 = SURFACE_STYLE_FILL_AREA ( #8394 ) ;
#1141 = PRESENTATION_LAYER_ASSIGNMENT (  '', '', ( #6036 ) ) ;
#1142 = DIRECTION ( 'NONE',  ( 0.000000000000000000, 0.000000000000000000, -1.000000000000000000 ) ) ;
#1143 = FILL_AREA_STYLE ('',( #7615 ) ) ;
#1144 = ORIENTED_EDGE ( 'NONE', *, *, #6294, .F. ) ;
#1145 = STYLED_ITEM ( 'NONE', ( #1209 ), #4003 ) ;
#1146 = SURFACE_STYLE_FILL_AREA ( #2057 ) ;
#1147 =( GEOMETRIC_REPRESENTATION_CONTEXT ( 3 ) GLOBAL_UNCERTAINTY_ASSIGNED_CONTEXT ( ( #4601 ) ) GLOBAL_UNIT_ASSIGNED_CONTEXT ( ( #7783, #7203, #9546 ) ) REPRESENTATION_CONTEXT ( 'NONE', 'WORKASPACE' ) );
#1148 = ADVANCED_FACE ( 'NONE', ( #902 ), #4197, .F. ) ;
#1149 = CARTESIAN_POINT ( 'NONE',  ( 4.649999999999999467, 0.1823257994792188419, -2.459999999999999964 ) ) ;
#1150 = EDGE_CURVE ( 'NONE', #1533, #4271, #417, .T. ) ;
#1151 = STYLED_ITEM ( 'NONE', ( #4571 ), #1709 ) ;
#1152 = EDGE_CURVE ( 'NONE', #1475, #8623, #10250, .T. ) ;
#1153 = SURFACE_STYLE_FILL_AREA ( #3651 ) ;
#1154 = CYLINDRICAL_SURFACE ( 'NONE', #4464, 0.08232579947921878083 ) ;
#1155 = PRESENTATION_STYLE_ASSIGNMENT (( #8405 ) ) ;
#1156 = MECHANICAL_DESIGN_GEOMETRIC_PRESENTATION_REPRESENTATION (  '', ( #1682 ), #837 ) ;
#1157 = DIRECTION ( 'NONE',  ( -1.000000000000000000, 0.000000000000000000, -0.000000000000000000 ) ) ;
#1158 =( LENGTH_UNIT ( ) NAMED_UNIT ( * ) SI_UNIT ( .MILLI., .METRE. ) );
#1159 = ORIENTED_EDGE ( 'NONE', *, *, #9925, .T. ) ;
#1160 = VERTEX_POINT ( 'NONE', #5334 ) ;
#1161 = LINE ( 'NONE', #4443, #9203 ) ;
#1162 = DIRECTION ( 'NONE',  ( 0.000000000000000000, -1.000000000000000000, 0.000000000000000000 ) ) ;
#1163 = DIRECTION ( 'NONE',  ( 0.000000000000000000, 0.000000000000000000, 1.000000000000000000 ) ) ;
#1164 = EDGE_CURVE ( 'NONE', #7004, #301, #897, .T. ) ;
#1165 = UNCERTAINTY_MEASURE_WITH_UNIT (LENGTH_MEASURE( 1.000000000000000082E-05 ), #9490, 'distance_accuracy_value', 'NONE');
#1166 = ADVANCED_FACE ( 'NONE', ( #10089 ), #6100, .T. ) ;
#1167 = LINE ( 'NONE', #2809, #5555 ) ;
#1168 = UNCERTAINTY_MEASURE_WITH_UNIT (LENGTH_MEASURE( 1.000000000000000082E-05 ), #7513, 'distance_accuracy_value', 'NONE');
#1169 = SURFACE_STYLE_USAGE ( .BOTH. , #2870 ) ;
#1170 = FACE_BOUND ( 'NONE', #8891, .T. ) ;
#1171 = DIRECTION ( 'NONE',  ( 1.000000000000000000, -0.000000000000000000, 0.000000000000000000 ) ) ;
#1172 = DIRECTION ( 'NONE',  ( -1.000000000000000000, 0.000000000000000000, 0.000000000000000000 ) ) ;
#1173 = ORIENTED_EDGE ( 'NONE', *, *, #6696, .T. ) ;
#1174 = DIRECTION ( 'NONE',  ( -1.000000000000000000, -0.000000000000000000, -0.000000000000000000 ) ) ;
#1175 =( LENGTH_UNIT ( ) NAMED_UNIT ( * ) SI_UNIT ( .MILLI., .METRE. ) );
#1176 = LINE ( 'NONE', #2766, #7743 ) ;
#1177 = ORIENTED_EDGE ( 'NONE', *, *, #7201, .T. ) ;
#1178 = PRESENTATION_LAYER_ASSIGNMENT (  '', '', ( #1702 ) ) ;
#1179 = SURFACE_STYLE_FILL_AREA ( #981 ) ;
#1180 = LINE ( 'NONE', #2038, #3341 ) ;
#1181 = SURFACE_STYLE_USAGE ( .BOTH. , #1126 ) ;
#1182 = DIRECTION ( 'NONE',  ( 0.000000000000000000, 0.000000000000000000, 1.000000000000000000 ) ) ;
#1183 = UNCERTAINTY_MEASURE_WITH_UNIT (LENGTH_MEASURE( 1.000000000000000082E-05 ), #1676, 'distance_accuracy_value', 'NONE');
#1184 = FILL_AREA_STYLE ('',( #3627 ) ) ;
#1185 = LINE ( 'NONE', #9327, #349 ) ;
#1186 = CARTESIAN_POINT ( 'NONE',  ( 0.8399999999999996358, 0.1823257994792188419, 2.542325799479218773 ) ) ;
#1187 = ORIENTED_EDGE ( 'NONE', *, *, #2827, .F. ) ;
#1188 =( NAMED_UNIT ( * ) SI_UNIT ( $, .STERADIAN. ) SOLID_ANGLE_UNIT ( ) );
#1189 = EDGE_LOOP ( 'NONE', ( #6163, #4421, #10011, #9037 ) ) ;
#1190 = ORIENTED_EDGE ( 'NONE', *, *, #8716, .F. ) ;
#1191 = EDGE_LOOP ( 'NONE', ( #9250, #4562, #1264, #10231 ) ) ;
#1192 =( NAMED_UNIT ( * ) PLANE_ANGLE_UNIT ( ) SI_UNIT ( $, .RADIAN. ) );
#1193 = DIRECTION ( 'NONE',  ( 0.000000000000000000, 0.000000000000000000, 1.000000000000000000 ) ) ;
#1194 = CARTESIAN_POINT ( 'NONE',  ( 4.240000000000000213, -0.1000000000000000056, 3.000000000000000000 ) ) ;
#1195 = EDGE_CURVE ( 'NONE', #7573, #1475, #2120, .T. ) ;
#1196 = ORIENTED_EDGE ( 'NONE', *, *, #4920, .F. ) ;
#1197 = EDGE_LOOP ( 'NONE', ( #7197, #8884, #6845, #1590, #6992, #6511, #2874, #651, #9130, #9379, #4477, #3165 ) ) ;
#1198 = DIRECTION ( 'NONE',  ( 0.000000000000000000, 0.000000000000000000, -1.000000000000000000 ) ) ;
#1199 = ORIENTED_EDGE ( 'NONE', *, *, #7998, .T. ) ;
#1200 = DIRECTION ( 'NONE',  ( -1.000000000000000000, -0.000000000000000000, -0.000000000000000000 ) ) ;
#1201 = PLANE ( 'NONE',  #2642 ) ;
#1202 = FACE_BOUND ( 'NONE', #4479, .T. ) ;
#1203 = EDGE_CURVE ( 'NONE', #9287, #9105, #2854, .T. ) ;
#1204 = ORIENTED_EDGE ( 'NONE', *, *, #16, .T. ) ;
#1205 = STYLED_ITEM ( 'NONE', ( #6231 ), #2382 ) ;
#1206 = CARTESIAN_POINT ( 'NONE',  ( -4.650000000000000355, 0.6426742005207811692, 2.177674200520781422 ) ) ;
#1207 = EDGE_LOOP ( 'NONE', ( #4115, #5706, #9217, #4863 ) ) ;
#1208 =( GEOMETRIC_REPRESENTATION_CONTEXT ( 3 ) GLOBAL_UNCERTAINTY_ASSIGNED_CONTEXT ( ( #1524 ) ) GLOBAL_UNIT_ASSIGNED_CONTEXT ( ( #7611, #3252, #2461 ) ) REPRESENTATION_CONTEXT ( 'NONE', 'WORKASPACE' ) );
#1209 = PRESENTATION_STYLE_ASSIGNMENT (( #2183 ) ) ;
#1210 = AXIS2_PLACEMENT_3D ( 'NONE', #3232, #2492, #4756 ) ;
#1211 = FILL_AREA_STYLE_COLOUR ( '', #2855 ) ;
#1212 = CARTESIAN_POINT ( 'NONE',  ( 4.876571113504073018, 0.000000000000000000, 1.876571113504073907 ) ) ;
#1213 = DIRECTION ( 'NONE',  ( -1.000000000000000000, -0.000000000000000000, -0.000000000000000000 ) ) ;
#1214 =( NAMED_UNIT ( * ) PLANE_ANGLE_UNIT ( ) SI_UNIT ( $, .RADIAN. ) );
#1215 = LINE ( 'NONE', #4453, #8896 ) ;
#1216 = ORIENTED_EDGE ( 'NONE', *, *, #3722, .F. ) ;
#1217 = COLOUR_RGB ( '',0.7529411764705882248, 0.7529411764705882248, 0.7529411764705882248 ) ;
#1218 = FILL_AREA_STYLE_COLOUR ( '', #9446 ) ;
#1219 = ADVANCED_FACE ( 'NONE', ( #4544 ), #1974, .F. ) ;
#1220 = ORIENTED_EDGE ( 'NONE', *, *, #10308, .T. ) ;
#1221 = DIRECTION ( 'NONE',  ( 0.000000000000000000, 0.000000000000000000, -1.000000000000000000 ) ) ;
#1222 = LINE ( 'NONE', #7710, #4864 ) ;
#1223 =( LENGTH_UNIT ( ) NAMED_UNIT ( * ) SI_UNIT ( .MILLI., .METRE. ) );
#1224 = DIRECTION ( 'NONE',  ( 0.000000000000000000, -0.000000000000000000, -1.000000000000000000 ) ) ;
#1225 = PRESENTATION_LAYER_ASSIGNMENT (  '', '', ( #1575 ) ) ;
#1226 =( GEOMETRIC_REPRESENTATION_CONTEXT ( 3 ) GLOBAL_UNCERTAINTY_ASSIGNED_CONTEXT ( ( #7842 ) ) GLOBAL_UNIT_ASSIGNED_CONTEXT ( ( #5838, #9864, #1744 ) ) REPRESENTATION_CONTEXT ( 'NONE', 'WORKASPACE' ) );
#1227 = DIRECTION ( 'NONE',  ( 0.000000000000000000, -1.000000000000000000, 0.000000000000000000 ) ) ;
#1228 = ORIENTED_EDGE ( 'NONE', *, *, #5702, .F. ) ;
#1229 = VECTOR ( 'NONE', #5250, 1000.000000000000000 ) ;
#1230 =( GEOMETRIC_REPRESENTATION_CONTEXT ( 3 ) GLOBAL_UNCERTAINTY_ASSIGNED_CONTEXT ( ( #9001 ) ) GLOBAL_UNIT_ASSIGNED_CONTEXT ( ( #7063, #4712, #4759 ) ) REPRESENTATION_CONTEXT ( 'NONE', 'WORKASPACE' ) );
#1231 = PLANE ( 'NONE',  #10097 ) ;
#1232 = VECTOR ( 'NONE', #827, 1000.000000000000000 ) ;
#1233 = CARTESIAN_POINT ( 'NONE',  ( -2.110000000000000764, -0.1000000000000000056, -2.542325799479218773 ) ) ;
#1234 = FILL_AREA_STYLE_COLOUR ( '', #448 ) ;
#1235 = SURFACE_STYLE_USAGE ( .BOTH. , #2832 ) ;
#1236 = ORIENTED_EDGE ( 'NONE', *, *, #3174, .T. ) ;
#1237 = EDGE_LOOP ( 'NONE', ( #3212, #8580, #1319, #1882 ) ) ;
#1238 = PRODUCT_DEFINITION_FORMATION_WITH_SPECIFIED_SOURCE ( 'ANY', '', #5187, .NOT_KNOWN. ) ;
#1239 = EDGE_LOOP ( 'NONE', ( #5854, #5141, #2402, #751 ) ) ;
#1240 = CIRCLE ( 'NONE', #4135, 0.2823257994792188752 ) ;
#1241 = CARTESIAN_POINT ( 'NONE',  ( -4.240000000000001101, 0.1823257994792188419, -2.459999999999999964 ) ) ;
#1242 = VECTOR ( 'NONE', #8547, 1000.000000000000000 ) ;
#1243 = EDGE_CURVE ( 'NONE', #7272, #3416, #747, .T. ) ;
#1244 = FILL_AREA_STYLE_COLOUR ( '', #6537 ) ;
#1245 = AXIS2_PLACEMENT_3D ( 'NONE', #8144, #6534, #1812 ) ;
#1246 = AXIS2_PLACEMENT_3D ( 'NONE', #9494, #6928, #8600 ) ;
#1247 = ORIENTED_EDGE ( 'NONE', *, *, #9748, .T. ) ;
#1248 =( LENGTH_UNIT ( ) NAMED_UNIT ( * ) SI_UNIT ( .MILLI., .METRE. ) );
#1249 = ORIENTED_EDGE ( 'NONE', *, *, #7500, .F. ) ;
#1250 = MECHANICAL_DESIGN_GEOMETRIC_PRESENTATION_REPRESENTATION (  '', ( #4641 ), #6973 ) ;
#1251 = ORIENTED_EDGE ( 'NONE', *, *, #3377, .T. ) ;
#1252 = CARTESIAN_POINT ( 'NONE',  ( 4.240000000000000213, 0.1000000000000000056, 3.000000000000000000 ) ) ;
#1253 = ORIENTED_EDGE ( 'NONE', *, *, #3174, .F. ) ;
#1254 = SURFACE_SIDE_STYLE ('',( #6788 ) ) ;
#1255 = MECHANICAL_DESIGN_GEOMETRIC_PRESENTATION_REPRESENTATION (  '', ( #2780 ), #594 ) ;
#1256 = CIRCLE ( 'NONE', #6139, 0.08232579947921878083 ) ;
#1257 = EDGE_CURVE ( 'NONE', #2815, #1818, #5769, .T. ) ;
#1258 = VECTOR ( 'NONE', #9798, 1000.000000000000000 ) ;
#1259 =( GEOMETRIC_REPRESENTATION_CONTEXT ( 3 ) GLOBAL_UNCERTAINTY_ASSIGNED_CONTEXT ( ( #2583 ) ) GLOBAL_UNIT_ASSIGNED_CONTEXT ( ( #1355, #10242, #9498 ) ) REPRESENTATION_CONTEXT ( 'NONE', 'WORKASPACE' ) );
#1260 = PRESENTATION_STYLE_ASSIGNMENT (( #10132 ) ) ;
#1261 = CARTESIAN_POINT ( 'NONE',  ( 1.699999999999999734, 0.1823257994792188419, -2.542325799479218773 ) ) ;
#1262 = DIRECTION ( 'NONE',  ( -1.000000000000000000, -0.000000000000000000, -0.000000000000000000 ) ) ;
#1263 = FACE_BOUND ( 'NONE', #4656, .T. ) ;
#1264 = ORIENTED_EDGE ( 'NONE', *, *, #5490, .F. ) ;
#1265 = COLOUR_RGB ( '',0.7529411764705882248, 0.7529411764705882248, 0.7529411764705882248 ) ;
#1266 = PRESENTATION_LAYER_ASSIGNMENT (  '', '', ( #5997 ) ) ;
#1267 = DIRECTION ( 'NONE',  ( 0.000000000000000000, 0.000000000000000000, 1.000000000000000000 ) ) ;
#1268 = VERTEX_POINT ( 'NONE', #8035 ) ;
#1269 = SURFACE_STYLE_USAGE ( .BOTH. , #7753 ) ;
#1270 = SURFACE_SIDE_STYLE ('',( #6217 ) ) ;
#1271 = EDGE_CURVE ( 'NONE', #10235, #5785, #8658, .T. ) ;
#1272 = PRESENTATION_LAYER_ASSIGNMENT (  '', '', ( #10393 ) ) ;
#1273 = EDGE_CURVE ( 'NONE', #3727, #2227, #800, .T. ) ;
#1274 = UNCERTAINTY_MEASURE_WITH_UNIT (LENGTH_MEASURE( 1.000000000000000082E-05 ), #5489, 'distance_accuracy_value', 'NONE');
#1275 = COLOUR_RGB ( '',0.7529411764705882248, 0.7529411764705882248, 0.7529411764705882248 ) ;
#1276 = LINE ( 'NONE', #5349, #410 ) ;
#1277 = FILL_AREA_STYLE_COLOUR ( '', #5849 ) ;
#1278 = LINE ( 'NONE', #507, #5836 ) ;
#1279 = MECHANICAL_DESIGN_GEOMETRIC_PRESENTATION_REPRESENTATION (  '', ( #7173 ), #5331 ) ;
#1280 = ORIENTED_EDGE ( 'NONE', *, *, #5830, .F. ) ;
#1281 = DIRECTION ( 'NONE',  ( 0.000000000000000000, 0.000000000000000000, -1.000000000000000000 ) ) ;
#1282 = SURFACE_STYLE_USAGE ( .BOTH. , #415 ) ;
#1283 =( GEOMETRIC_REPRESENTATION_CONTEXT ( 3 ) GLOBAL_UNCERTAINTY_ASSIGNED_CONTEXT ( ( #7502 ) ) GLOBAL_UNIT_ASSIGNED_CONTEXT ( ( #7574, #2172, #9303 ) ) REPRESENTATION_CONTEXT ( 'NONE', 'WORKASPACE' ) );
#1284 = AXIS2_PLACEMENT_3D ( 'NONE', #8695, #7079, #3096 ) ;
#1285 = DIRECTION ( 'NONE',  ( 1.000000000000000000, 0.000000000000000000, 0.000000000000000000 ) ) ;
#1286 = COLOUR_RGB ( '',0.7529411764705882248, 0.7529411764705882248, 0.7529411764705882248 ) ;
#1287 = EDGE_CURVE ( 'NONE', #4906, #8606, #6609, .T. ) ;
#1288 = SURFACE_SIDE_STYLE ('',( #560 ) ) ;
#1289 = EDGE_CURVE ( 'NONE', #1160, #7184, #5104, .T. ) ;
#1290 = LINE ( 'NONE', #4518, #1569 ) ;
#1291 = CARTESIAN_POINT ( 'NONE',  ( -0.4300000000000007150, 0.1000000000000000056, -3.000000000000000000 ) ) ;
#1292 = FILL_AREA_STYLE ('',( #5649 ) ) ;
#1293 = STYLED_ITEM ( 'NONE', ( #9525 ), #8143 ) ;
#1294 = CARTESIAN_POINT ( 'NONE',  ( 0.8399999999999996358, 0.7249999999999998668, -2.177674200520781422 ) ) ;
#1295 =( NAMED_UNIT ( * ) SI_UNIT ( $, .STERADIAN. ) SOLID_ANGLE_UNIT ( ) );
#1296 = VERTEX_POINT ( 'NONE', #4015 ) ;
#1297 = VERTEX_POINT ( 'NONE', #2221 ) ;
#1298 = VERTEX_POINT ( 'NONE', #7219 ) ;
#1299 = MECHANICAL_DESIGN_GEOMETRIC_PRESENTATION_REPRESENTATION (  '', ( #1819 ), #2158 ) ;
#1300 = PRESENTATION_LAYER_ASSIGNMENT (  '', '', ( #166 ) ) ;
#1301 = CIRCLE ( 'NONE', #4689, 0.08232579947921878083 ) ;
#1302 = DIRECTION ( 'NONE',  ( 0.000000000000000000, -0.000000000000000000, 1.000000000000000000 ) ) ;
#1303 = DIRECTION ( 'NONE',  ( -1.000000000000000000, -0.000000000000000000, -0.000000000000000000 ) ) ;
#1304 = CARTESIAN_POINT ( 'NONE',  ( 3.379999999999999449, 0.1823257994792188419, -2.542325799479218773 ) ) ;
#1305 = DIRECTION ( 'NONE',  ( 0.000000000000000000, 0.000000000000000000, -1.000000000000000000 ) ) ;
#1306 = ORIENTED_EDGE ( 'NONE', *, *, #7706, .F. ) ;
#1307 = AXIS2_PLACEMENT_3D ( 'NONE', #4299, #5329, #7488 ) ;
#1308 =( GEOMETRIC_REPRESENTATION_CONTEXT ( 3 ) GLOBAL_UNCERTAINTY_ASSIGNED_CONTEXT ( ( #4990 ) ) GLOBAL_UNIT_ASSIGNED_CONTEXT ( ( #3456, #255, #7398 ) ) REPRESENTATION_CONTEXT ( 'NONE', 'WORKASPACE' ) );
#1309 = ORIENTED_EDGE ( 'NONE', *, *, #2633, .T. ) ;
#1310 = EDGE_CURVE ( 'NONE', #6869, #203, #9335, .T. ) ;
#1311 = DIRECTION ( 'NONE',  ( -1.000000000000000000, -0.000000000000000000, -0.000000000000000000 ) ) ;
#1312 = FACE_OUTER_BOUND ( 'NONE', #2065, .T. ) ;
#1313 = FILL_AREA_STYLE ('',( #2962 ) ) ;
#1314 = MECHANICAL_DESIGN_GEOMETRIC_PRESENTATION_REPRESENTATION (  '', ( #5698 ), #2173 ) ;
#1315 = CARTESIAN_POINT ( 'NONE',  ( -3.380000000000000338, 0.7249999999999999778, -2.000000000000000000 ) ) ;
#1316 = SURFACE_SIDE_STYLE ('',( #5919 ) ) ;
#1317 = DIRECTION ( 'NONE',  ( -0.000000000000000000, -1.000000000000000000, -0.000000000000000000 ) ) ;
#1318 = CARTESIAN_POINT ( 'NONE',  ( -4.240000000000001101, 0.1823257994792188419, 2.542325799479218773 ) ) ;
#1319 = ORIENTED_EDGE ( 'NONE', *, *, #10335, .F. ) ;
#1320 = STYLED_ITEM ( 'NONE', ( #1498 ), #3030 ) ;
#1321 = CIRCLE ( 'NONE', #7216, 0.2823257994792188752 ) ;
#1322 = VERTEX_POINT ( 'NONE', #9606 ) ;
#1323 = ADVANCED_FACE ( 'NONE', ( #2276 ), #5634, .T. ) ;
#1324 = VERTEX_POINT ( 'NONE', #3068 ) ;
#1325 = FACE_OUTER_BOUND ( 'NONE', #6438, .T. ) ;
#1326 = STYLED_ITEM ( 'NONE', ( #2079 ), #4222 ) ;
#1327 =( NAMED_UNIT ( * ) SI_UNIT ( $, .STERADIAN. ) SOLID_ANGLE_UNIT ( ) );
#1328 = DIRECTION ( 'NONE',  ( -1.000000000000000000, -0.000000000000000000, -0.000000000000000000 ) ) ;
#1329 =( LENGTH_UNIT ( ) NAMED_UNIT ( * ) SI_UNIT ( .MILLI., .METRE. ) );
#1330 = AXIS2_PLACEMENT_3D ( 'NONE', #7145, #631, #10338 ) ;
#1331 = DIRECTION ( 'NONE',  ( 0.000000000000000000, -1.000000000000000000, 0.000000000000000000 ) ) ;
#1332 = CARTESIAN_POINT ( 'NONE',  ( 1.699999999999999734, 0.6426742005207811692, 2.459999999999999964 ) ) ;
#1333 = CARTESIAN_POINT ( 'NONE',  ( 2.109999999999999432, 0.7249999999999999778, -2.000000000000000000 ) ) ;
#1334 = ORIENTED_EDGE ( 'NONE', *, *, #539, .F. ) ;
#1335 = EDGE_CURVE ( 'NONE', #3075, #9913, #5586, .T. ) ;
#1336 = ORIENTED_EDGE ( 'NONE', *, *, #7892, .F. ) ;
#1337 = PRESENTATION_LAYER_ASSIGNMENT (  '', '', ( #1682 ) ) ;
#1338 = SURFACE_SIDE_STYLE ('',( #8524 ) ) ;
#1339 = DIRECTION ( 'NONE',  ( 0.000000000000000000, 0.000000000000000000, -1.000000000000000000 ) ) ;
#1340 = DIRECTION ( 'NONE',  ( -0.000000000000000000, -1.000000000000000000, -0.000000000000000000 ) ) ;
#1341 = MECHANICAL_DESIGN_GEOMETRIC_PRESENTATION_REPRESENTATION (  '', ( #4552 ), #840 ) ;
#1342 = VERTEX_POINT ( 'NONE', #2329 ) ;
#1343 = FILL_AREA_STYLE_COLOUR ( '', #5652 ) ;
#1344 = ADVANCED_FACE ( 'NONE', ( #8089 ), #8773, .F. ) ;
#1345 = ORIENTED_EDGE ( 'NONE', *, *, #754, .F. ) ;
#1346 = AXIS2_PLACEMENT_3D ( 'NONE', #9939, #3443, #2805 ) ;
#1347 = FILL_AREA_STYLE ('',( #10233 ) ) ;
#1348 = COLOUR_RGB ( '',0.7529411764705882248, 0.7529411764705882248, 0.7529411764705882248 ) ;
#1349 = EDGE_LOOP ( 'NONE', ( #3110, #485, #1735, #2993, #924, #1082, #7375, #2606, #10411, #9131, #793, #6771 ) ) ;
#1350 = ORIENTED_EDGE ( 'NONE', *, *, #2455, .T. ) ;
#1351 = CARTESIAN_POINT ( 'NONE',  ( -1.700000000000001066, 0.1823257994792188419, 2.459999999999999964 ) ) ;
#1352 = VERTEX_POINT ( 'NONE', #6464 ) ;
#1353 = SURFACE_STYLE_FILL_AREA ( #8060 ) ;
#1354 = CARTESIAN_POINT ( 'NONE',  ( 0.8399999999999996358, -0.1000000000000000056, -2.542325799479218773 ) ) ;
#1355 =( LENGTH_UNIT ( ) NAMED_UNIT ( * ) SI_UNIT ( .MILLI., .METRE. ) );
#1356 = ORIENTED_EDGE ( 'NONE', *, *, #346, .T. ) ;
#1357 = CARTESIAN_POINT ( 'NONE',  ( 1.699999999999999734, 0.9250000000000000444, -2.000000000000000000 ) ) ;
#1358 = UNCERTAINTY_MEASURE_WITH_UNIT (LENGTH_MEASURE( 1.000000000000000082E-05 ), #6441, 'distance_accuracy_value', 'NONE');
#1359 = ORIENTED_EDGE ( 'NONE', *, *, #2508, .F. ) ;
#1360 = EDGE_CURVE ( 'NONE', #4460, #5834, #74, .T. ) ;
#1361 = ADVANCED_FACE ( 'NONE', ( #2636 ), #6627, .T. ) ;
#1362 = DIRECTION ( 'NONE',  ( -1.000000000000000000, -0.000000000000000000, -0.000000000000000000 ) ) ;
#1363 = UNCERTAINTY_MEASURE_WITH_UNIT (LENGTH_MEASURE( 1.000000000000000082E-05 ), #3572, 'distance_accuracy_value', 'NONE');
#1364 = CARTESIAN_POINT ( 'NONE',  ( 2.109999999999999432, 0.6426742005207811692, -2.459999999999999964 ) ) ;
#1365 = DIRECTION ( 'NONE',  ( 0.000000000000000000, 0.000000000000000000, 1.000000000000000000 ) ) ;
#1366 =( LENGTH_UNIT ( ) NAMED_UNIT ( * ) SI_UNIT ( .MILLI., .METRE. ) );
#1367 = LINE ( 'NONE', #6999, #8043 ) ;
#1368 =( LENGTH_UNIT ( ) NAMED_UNIT ( * ) SI_UNIT ( .MILLI., .METRE. ) );
#1369 = CARTESIAN_POINT ( 'NONE',  ( 1.699999999999999734, 0.7249999999999998668, -2.177674200520781422 ) ) ;
#1370 = ORIENTED_EDGE ( 'NONE', *, *, #3429, .F. ) ;
#1371 = ORIENTED_EDGE ( 'NONE', *, *, #7263, .F. ) ;
#1372 = EDGE_LOOP ( 'NONE', ( #8106, #695, #5982, #10319 ) ) ;
#1373 = SURFACE_STYLE_FILL_AREA ( #6907 ) ;
#1374 = DIRECTION ( 'NONE',  ( 0.000000000000000000, -0.000000000000000000, -1.000000000000000000 ) ) ;
#1375 = CARTESIAN_POINT ( 'NONE',  ( 0.4299999999999998268, 0.6426742005207811692, 2.260000000000000231 ) ) ;
#1376 = DIRECTION ( 'NONE',  ( -0.000000000000000000, 1.000000000000000000, 0.000000000000000000 ) ) ;
#1377 = CARTESIAN_POINT ( 'NONE',  ( 4.649999999999999467, 0.6426742005207811692, 2.260000000000000231 ) ) ;
#1378 = ADVANCED_FACE ( 'NONE', ( #7320 ), #1857, .T. ) ;
#1379 =( NAMED_UNIT ( * ) SI_UNIT ( $, .STERADIAN. ) SOLID_ANGLE_UNIT ( ) );
#1380 = SURFACE_SIDE_STYLE ('',( #3810 ) ) ;
#1381 = VERTEX_POINT ( 'NONE', #1194 ) ;
#1382 = LINE ( 'NONE', #7818, #6676 ) ;
#1383 = LINE ( 'NONE', #1449, #1067 ) ;
#1384 = VERTEX_POINT ( 'NONE', #6841 ) ;
#1385 = LINE ( 'NONE', #2140, #9255 ) ;
#1386 = LINE ( 'NONE', #8741, #7051 ) ;
#1387 = DIRECTION ( 'NONE',  ( 0.000000000000000000, 0.000000000000000000, -1.000000000000000000 ) ) ;
#1388 = FILL_AREA_STYLE ('',( #8631 ) ) ;
#1389 = EDGE_CURVE ( 'NONE', #9012, #5309, #5943, .T. ) ;
#1390 = ORIENTED_EDGE ( 'NONE', *, *, #7780, .T. ) ;
#1391 =( GEOMETRIC_REPRESENTATION_CONTEXT ( 3 ) GLOBAL_UNCERTAINTY_ASSIGNED_CONTEXT ( ( #4576 ) ) GLOBAL_UNIT_ASSIGNED_CONTEXT ( ( #971, #207, #9058 ) ) REPRESENTATION_CONTEXT ( 'NONE', 'WORKASPACE' ) );
#1392 = SURFACE_SIDE_STYLE ('',( #8634 ) ) ;
#1393 = PLANE ( 'NONE',  #9548 ) ;
#1394 = COLOUR_RGB ( '',0.7529411764705882248, 0.7529411764705882248, 0.7529411764705882248 ) ;
#1395 = SURFACE_STYLE_USAGE ( .BOTH. , #9388 ) ;
#1396 = EDGE_LOOP ( 'NONE', ( #2996, #7456, #2997, #3637 ) ) ;
#1397 = ORIENTED_EDGE ( 'NONE', *, *, #1875, .F. ) ;
#1398 = ORIENTED_EDGE ( 'NONE', *, *, #7570, .F. ) ;
#1399 = ORIENTED_EDGE ( 'NONE', *, *, #4772, .T. ) ;
#1400 = AXIS2_PLACEMENT_3D ( 'NONE', #9651, #7268, #3862 ) ;
#1401 = CARTESIAN_POINT ( 'NONE',  ( -4.240000000000001101, -0.1000000000000000056, -2.542325799479218773 ) ) ;
#1402 = VERTEX_POINT ( 'NONE', #7569 ) ;
#1403 = STYLED_ITEM ( 'NONE', ( #6027 ), #823 ) ;
#1404 = UNCERTAINTY_MEASURE_WITH_UNIT (LENGTH_MEASURE( 1.000000000000000082E-05 ), #2491, 'distance_accuracy_value', 'NONE');
#1405 = CARTESIAN_POINT ( 'NONE',  ( -1.700000000000001066, 0.1823257994792188696, 2.259999999999999787 ) ) ;
#1406 = UNCERTAINTY_MEASURE_WITH_UNIT (LENGTH_MEASURE( 1.000000000000000082E-05 ), #50, 'distance_accuracy_value', 'NONE');
#1407 = AXIS2_PLACEMENT_3D ( 'NONE', #9594, #8128, #987 ) ;
#1408 = ADVANCED_FACE ( 'NONE', ( #5259 ), #2945, .T. ) ;
#1409 = DIRECTION ( 'NONE',  ( -1.000000000000000000, -0.000000000000000000, -0.000000000000000000 ) ) ;
#1410 = LINE ( 'NONE', #1571, #2007 ) ;
#1411 =( NAMED_UNIT ( * ) SI_UNIT ( $, .STERADIAN. ) SOLID_ANGLE_UNIT ( ) );
#1412 = CIRCLE ( 'NONE', #6950, 0.2823257994792188752 ) ;
#1413 = DIRECTION ( 'NONE',  ( 0.000000000000000000, 1.000000000000000000, 0.000000000000000000 ) ) ;
#1414 = VERTEX_POINT ( 'NONE', #8444 ) ;
#1415 = VECTOR ( 'NONE', #6426, 1000.000000000000000 ) ;
#1416 = PRESENTATION_LAYER_ASSIGNMENT (  '', '', ( #757 ) ) ;
#1417 = PRESENTATION_LAYER_ASSIGNMENT (  '', '', ( #1064 ) ) ;
#1418 = ORIENTED_EDGE ( 'NONE', *, *, #6919, .F. ) ;
#1419 = CARTESIAN_POINT ( 'NONE',  ( -0.8400000000000005240, 0.1000000000000000056, 2.542325799479218773 ) ) ;
#1420 = DIRECTION ( 'NONE',  ( 0.000000000000000000, 0.000000000000000000, 1.000000000000000000 ) ) ;
#1421 = SURFACE_STYLE_FILL_AREA ( #4751 ) ;
#1422 =( GEOMETRIC_REPRESENTATION_CONTEXT ( 3 ) GLOBAL_UNCERTAINTY_ASSIGNED_CONTEXT ( ( #1728 ) ) GLOBAL_UNIT_ASSIGNED_CONTEXT ( ( #393, #6792, #6013 ) ) REPRESENTATION_CONTEXT ( 'NONE', 'WORKASPACE' ) );
#1423 = STYLED_ITEM ( 'NONE', ( #7369 ), #9753 ) ;
#1424 = SURFACE_STYLE_USAGE ( .BOTH. , #5436 ) ;
#1425 = FILL_AREA_STYLE_COLOUR ( '', #9023 ) ;
#1426 = CARTESIAN_POINT ( 'NONE',  ( 1.699999999999999734, 0.1823257994792188419, 2.542325799479218773 ) ) ;
#1427 = VECTOR ( 'NONE', #7676, 1000.000000000000000 ) ;
#1428 = ADVANCED_FACE ( 'NONE', ( #5162 ), #8605, .F. ) ;
#1429 = DIRECTION ( 'NONE',  ( -1.000000000000000000, -0.000000000000000000, -0.000000000000000000 ) ) ;
#1430 = VERTEX_POINT ( 'NONE', #10023 ) ;
#1431 =( NAMED_UNIT ( * ) PLANE_ANGLE_UNIT ( ) SI_UNIT ( $, .RADIAN. ) );
#1432 = EDGE_CURVE ( 'NONE', #1953, #4927, #4382, .T. ) ;
#1433 = AXIS2_PLACEMENT_3D ( 'NONE', #2458, #1666, #1768 ) ;
#1434 = ORIENTED_EDGE ( 'NONE', *, *, #4738, .F. ) ;
#1435 = SURFACE_STYLE_USAGE ( .BOTH. , #10309 ) ;
#1436 = VECTOR ( 'NONE', #3270, 1000.000000000000000 ) ;
#1437 =( NAMED_UNIT ( * ) PLANE_ANGLE_UNIT ( ) SI_UNIT ( $, .RADIAN. ) );
#1438 = CARTESIAN_POINT ( 'NONE',  ( -2.970000000000000639, 0.6426742005207811692, -2.260000000000000231 ) ) ;
#1439 = CARTESIAN_POINT ( 'NONE',  ( -0.8400000000000005240, 0.1823257994792188419, -2.542325799479218773 ) ) ;
#1440 = STYLED_ITEM ( 'NONE', ( #6118 ), #7285 ) ;
#1441 =( NAMED_UNIT ( * ) SI_UNIT ( $, .STERADIAN. ) SOLID_ANGLE_UNIT ( ) );
#1442 = ORIENTED_EDGE ( 'NONE', *, *, #6390, .T. ) ;
#1443 = ADVANCED_FACE ( 'NONE', ( #9242 ), #7088, .F. ) ;
#1444 = SURFACE_SIDE_STYLE ('',( #4668 ) ) ;
#1445 = VECTOR ( 'NONE', #4459, 1000.000000000000000 ) ;
#1447 = ORIENTED_EDGE ( 'NONE', *, *, #9302, .T. ) ;
#1446 = CARTESIAN_POINT ( 'NONE',  ( 3.379999999999999449, 0.6426742005207811692, 2.260000000000000231 ) ) ;
#1448 = AXIS2_PLACEMENT_3D ( 'NONE', #4791, #10397, #5528 ) ;
#1449 = CARTESIAN_POINT ( 'NONE',  ( -4.650000000000000355, 0.7249999999999999778, -2.000000000000000000 ) ) ;
#1450 = CYLINDRICAL_SURFACE ( 'NONE', #2198, 0.08232579947921878083 ) ;
#1451 = ORIENTED_EDGE ( 'NONE', *, *, #3013, .F. ) ;
#1452 = ADVANCED_FACE ( 'NONE', ( #3106 ), #8863, .F. ) ;
#1453 = LINE ( 'NONE', #10374, #3537 ) ;
#1454 = AXIS2_PLACEMENT_3D ( 'NONE', #2209, #5426, #1193 ) ;
#1455 = FACE_OUTER_BOUND ( 'NONE', #7092, .T. ) ;
#1456 = SURFACE_STYLE_FILL_AREA ( #2353 ) ;
#1457 = PRESENTATION_LAYER_ASSIGNMENT (  '', '', ( #4489 ) ) ;
#1458 = SURFACE_SIDE_STYLE ('',( #5514 ) ) ;
#1459 = COLOUR_RGB ( '',0.2509803921568627416, 0.2509803921568627416, 0.2509803921568627416 ) ;
#1460 = CARTESIAN_POINT ( 'NONE',  ( -4.240000000000001101, 0.9250000000000000444, 2.000000000000000000 ) ) ;
#1461 =( NAMED_UNIT ( * ) SI_UNIT ( $, .STERADIAN. ) SOLID_ANGLE_UNIT ( ) );
#1462 = CARTESIAN_POINT ( 'NONE',  ( -1.700000000000001066, 0.6426742005207811692, 2.260000000000000231 ) ) ;
#1463 = ORIENTED_EDGE ( 'NONE', *, *, #8583, .T. ) ;
#1464 = ORIENTED_EDGE ( 'NONE', *, *, #767, .F. ) ;
#1465 = COLOUR_RGB ( '',0.7529411764705882248, 0.7529411764705882248, 0.7529411764705882248 ) ;
#1466 = CARTESIAN_POINT ( 'NONE',  ( 0.8399999999999996358, 0.1000000000000000056, 3.000000000000000000 ) ) ;
#1467 = ORIENTED_EDGE ( 'NONE', *, *, #1853, .T. ) ;
#1468 = EDGE_LOOP ( 'NONE', ( #2263, #8774, #397, #7124 ) ) ;
#1469 = FACE_OUTER_BOUND ( 'NONE', #6352, .T. ) ;
#1470 = FACE_OUTER_BOUND ( 'NONE', #8920, .T. ) ;
#1471 = STYLED_ITEM ( 'NONE', ( #4867 ), #9229 ) ;
#1472 = SURFACE_STYLE_USAGE ( .BOTH. , #729 ) ;
#1473 = DIRECTION ( 'NONE',  ( -0.000000000000000000, 0.000000000000000000, -1.000000000000000000 ) ) ;
#1474 = CARTESIAN_POINT ( 'NONE',  ( 3.379999999999999449, 0.9250000000000000444, 2.000000000000000000 ) ) ;
#1475 = VERTEX_POINT ( 'NONE', #3787 ) ;
#1476 = ORIENTED_EDGE ( 'NONE', *, *, #6314, .F. ) ;
#1477 = ORIENTED_EDGE ( 'NONE', *, *, #4126, .F. ) ;
#1478 = EDGE_CURVE ( 'NONE', #4344, #4087, #6700, .T. ) ;
#1479 = PRESENTATION_LAYER_ASSIGNMENT (  '', '', ( #339 ) ) ;
#1480 = CARTESIAN_POINT ( 'NONE',  ( 0.4299999999999998268, -0.1000000000000000056, -3.000000000000000000 ) ) ;
#1481 = CARTESIAN_POINT ( 'NONE',  ( -0.4300000000000007150, 0.1823257994792188419, -2.542325799479218773 ) ) ;
#1482 =( NAMED_UNIT ( * ) SI_UNIT ( $, .STERADIAN. ) SOLID_ANGLE_UNIT ( ) );
#1483 = SURFACE_STYLE_USAGE ( .BOTH. , #744 ) ;
#1484 = FACE_OUTER_BOUND ( 'NONE', #5999, .T. ) ;
#1485 = STYLED_ITEM ( 'NONE', ( #6652 ), #8967 ) ;
#1486 = MECHANICAL_DESIGN_GEOMETRIC_PRESENTATION_REPRESENTATION (  '', ( #3681 ), #9571 ) ;
#1487 = CARTESIAN_POINT ( 'NONE',  ( 3.379999999999999449, 0.9250000000000000444, -2.000000000000000000 ) ) ;
#1488 = DIRECTION ( 'NONE',  ( -1.000000000000000000, -0.000000000000000000, -0.000000000000000000 ) ) ;
#1489 = ORIENTED_EDGE ( 'NONE', *, *, #7779, .T. ) ;
#1490 = CARTESIAN_POINT ( 'NONE',  ( -5.000000000000000888, 0.7000000000000166089, 2.000000000000000000 ) ) ;
#1491 = ORIENTED_EDGE ( 'NONE', *, *, #5398, .T. ) ;
#1492 = EDGE_CURVE ( 'NONE', #4523, #3954, #8800, .T. ) ;
#1493 = ORIENTED_EDGE ( 'NONE', *, *, #4761, .T. ) ;
#1494 = SURFACE_STYLE_FILL_AREA ( #7227 ) ;
#1495 = CARTESIAN_POINT ( 'NONE',  ( 1.699999999999999734, 0.6426742005207811692, 2.260000000000000231 ) ) ;
#1496 = VECTOR ( 'NONE', #9158, 1000.000000000000000 ) ;
#1497 = EDGE_CURVE ( 'NONE', #7134, #9102, #685, .T. ) ;
#1498 = PRESENTATION_STYLE_ASSIGNMENT (( #8726 ) ) ;
#1499 = CIRCLE ( 'NONE', #5021, 0.2823257994792188752 ) ;
#1500 = CARTESIAN_POINT ( 'NONE',  ( 3.379999999999999449, 0.6426742005207811692, 2.177674200520781422 ) ) ;
#1501 = CARTESIAN_POINT ( 'NONE',  ( 1.699999999999999734, 0.1000000000000000056, -2.542325799479218773 ) ) ;
#1502 = CARTESIAN_POINT ( 'NONE',  ( -2.970000000000000639, -0.1000000000000000056, -2.542325799479218773 ) ) ;
#1503 =( GEOMETRIC_REPRESENTATION_CONTEXT ( 3 ) GLOBAL_UNCERTAINTY_ASSIGNED_CONTEXT ( ( #4747 ) ) GLOBAL_UNIT_ASSIGNED_CONTEXT ( ( #3202, #865, #155 ) ) REPRESENTATION_CONTEXT ( 'NONE', 'WORKASPACE' ) );
#1504 = AXIS2_PLACEMENT_3D ( 'NONE', #9695, #5827, #5884 ) ;
#1505 =( NAMED_UNIT ( * ) SI_UNIT ( $, .STERADIAN. ) SOLID_ANGLE_UNIT ( ) );
#1506 = ORIENTED_EDGE ( 'NONE', *, *, #7527, .F. ) ;
#1507 = PRESENTATION_LAYER_ASSIGNMENT (  '', '', ( #6361 ) ) ;
#1508 = MECHANICAL_DESIGN_GEOMETRIC_PRESENTATION_REPRESENTATION (  '', ( #4359 ), #9430 ) ;
#1509 = LINE ( 'NONE', #4767, #7559 ) ;
#1510 = VERTEX_POINT ( 'NONE', #8647 ) ;
#1511 = PRESENTATION_STYLE_ASSIGNMENT (( #3246 ) ) ;
#1512 = EDGE_CURVE ( 'NONE', #2000, #9287, #1410, .T. ) ;
#1513 =( GEOMETRIC_REPRESENTATION_CONTEXT ( 3 ) GLOBAL_UNCERTAINTY_ASSIGNED_CONTEXT ( ( #6300 ) ) GLOBAL_UNIT_ASSIGNED_CONTEXT ( ( #3057, #8751, #9392 ) ) REPRESENTATION_CONTEXT ( 'NONE', 'WORKASPACE' ) );
#1514 = CARTESIAN_POINT ( 'NONE',  ( 4.999999999999999112, 0.7000000000000166089, -2.000000000000000000 ) ) ;
#1515 = SURFACE_STYLE_FILL_AREA ( #3889 ) ;
#1516 = CIRCLE ( 'NONE', #8588, 0.08232579947921878083 ) ;
#1517 = LINE ( 'NONE', #10, #9653 ) ;
#1518 = FILL_AREA_STYLE_COLOUR ( '', #5379 ) ;
#1519 = SURFACE_STYLE_USAGE ( .BOTH. , #6338 ) ;
#1520 = FILL_AREA_STYLE ('',( #1621 ) ) ;
#1521 = SURFACE_SIDE_STYLE ('',( #2994 ) ) ;
#1522 = ORIENTED_EDGE ( 'NONE', *, *, #6236, .T. ) ;
#1523 = VECTOR ( 'NONE', #3779, 1000.000000000000000 ) ;
#1524 = UNCERTAINTY_MEASURE_WITH_UNIT (LENGTH_MEASURE( 1.000000000000000082E-05 ), #7611, 'distance_accuracy_value', 'NONE');
#1525 = LINE ( 'NONE', #8598, #3190 ) ;
#1526 = UNCERTAINTY_MEASURE_WITH_UNIT (LENGTH_MEASURE( 1.000000000000000082E-05 ), #5122, 'distance_accuracy_value', 'NONE');
#1527 = CARTESIAN_POINT ( 'NONE',  ( 2.109999999999999432, 0.9249999999999998224, -2.177674200520781422 ) ) ;
#1528 = PLANE ( 'NONE',  #7444 ) ;
#1529 = CIRCLE ( 'NONE', #8101, 0.2823257994792188752 ) ;
#1530 = PRESENTATION_STYLE_ASSIGNMENT (( #2368 ) ) ;
#1531 = ORIENTED_EDGE ( 'NONE', *, *, #8140, .F. ) ;
#1532 = SURFACE_SIDE_STYLE ('',( #7851 ) ) ;
#1533 = VERTEX_POINT ( 'NONE', #3219 ) ;
#1534 = SURFACE_STYLE_USAGE ( .BOTH. , #8763 ) ;
#1535 = LINE ( 'NONE', #4749, #10386 ) ;
#1536 = CARTESIAN_POINT ( 'NONE',  ( 4.649999999999999467, 0.7249999999999998668, -2.177674200520781422 ) ) ;
#1537 =( LENGTH_UNIT ( ) NAMED_UNIT ( * ) SI_UNIT ( .MILLI., .METRE. ) );
#1538 = CARTESIAN_POINT ( 'NONE',  ( -0.8400000000000005240, 0.6426742005207811692, -2.459999999999999964 ) ) ;
#1539 = EDGE_CURVE ( 'NONE', #2350, #8606, #6403, .T. ) ;
#1540 = PRESENTATION_STYLE_ASSIGNMENT (( #9556 ) ) ;
#1541 = ORIENTED_EDGE ( 'NONE', *, *, #4529, .F. ) ;
#1542 = ORIENTED_EDGE ( 'NONE', *, *, #1024, .T. ) ;
#1543 = FILL_AREA_STYLE_COLOUR ( '', #1616 ) ;
#1544 = ORIENTED_EDGE ( 'NONE', *, *, #10167, .T. ) ;
#1545 = ORIENTED_EDGE ( 'NONE', *, *, #4837, .F. ) ;
#1546 = PRESENTATION_STYLE_ASSIGNMENT (( #5551 ) ) ;
#1547 = DIRECTION ( 'NONE',  ( 0.000000000000000000, 0.000000000000000000, -1.000000000000000000 ) ) ;
#1548 = EDGE_CURVE ( 'NONE', #7428, #961, #1321, .T. ) ;
#1549 = CARTESIAN_POINT ( 'NONE',  ( 1.699999999999999734, 0.7249999999999999778, -2.000000000000000000 ) ) ;
#1550 = FILL_AREA_STYLE_COLOUR ( '', #4341 ) ;
#1551 = FACE_BOUND ( 'NONE', #736, .T. ) ;
#1553 = ORIENTED_EDGE ( 'NONE', *, *, #4742, .F. ) ;
#1552 = CYLINDRICAL_SURFACE ( 'NONE', #2774, 0.08232579947921878083 ) ;
#1554 = PRESENTATION_STYLE_ASSIGNMENT (( #5653 ) ) ;
#1555 = ORIENTED_EDGE ( 'NONE', *, *, #8205, .T. ) ;
#1556 = FILL_AREA_STYLE_COLOUR ( '', #6682 ) ;
#1557 =( NAMED_UNIT ( * ) SI_UNIT ( $, .STERADIAN. ) SOLID_ANGLE_UNIT ( ) );
#1558 = DIRECTION ( 'NONE',  ( -0.000000000000000000, -1.000000000000000000, -0.000000000000000000 ) ) ;
#1559 = FILL_AREA_STYLE ('',( #2359 ) ) ;
#1560 = EDGE_CURVE ( 'NONE', #8387, #4063, #9433, .T. ) ;
#1561 = CARTESIAN_POINT ( 'NONE',  ( 4.876571113504072130, 1.649999999999999911, 1.714668810570630475 ) ) ;
#1562 = CARTESIAN_POINT ( 'NONE',  ( 4.240000000000000213, 0.6426742005207811692, -2.177674200520781422 ) ) ;
#1563 = ORIENTED_EDGE ( 'NONE', *, *, #1742, .F. ) ;
#1564 = VERTEX_POINT ( 'NONE', #9850 ) ;
#1565 = PRODUCT_RELATED_PRODUCT_CATEGORY ( 'part', '', ( #5187 ) ) ;
#1566 = DIRECTION ( 'NONE',  ( 0.000000000000000000, 0.000000000000000000, -1.000000000000000000 ) ) ;
#1567 = PLANE ( 'NONE',  #9857 ) ;
#1568 = AXIS2_PLACEMENT_3D ( 'NONE', #2101, #1899, #1302 ) ;
#1569 = VECTOR ( 'NONE', #5416, 1000.000000000000000 ) ;
#1570 = SURFACE_SIDE_STYLE ('',( #7202 ) ) ;
#1571 = CARTESIAN_POINT ( 'NONE',  ( -2.970000000000000639, 0.7249999999999999778, -2.000000000000000000 ) ) ;
#1572 =( LENGTH_UNIT ( ) NAMED_UNIT ( * ) SI_UNIT ( .MILLI., .METRE. ) );
#1573 = FILL_AREA_STYLE ('',( #6351 ) ) ;
#1574 = ORIENTED_EDGE ( 'NONE', *, *, #8274, .F. ) ;
#1575 = STYLED_ITEM ( 'NONE', ( #2174 ), #1166 ) ;
#1576 =( GEOMETRIC_REPRESENTATION_CONTEXT ( 3 ) GLOBAL_UNCERTAINTY_ASSIGNED_CONTEXT ( ( #6342 ) ) GLOBAL_UNIT_ASSIGNED_CONTEXT ( ( #2233, #5238, #3756 ) ) REPRESENTATION_CONTEXT ( 'NONE', 'WORKASPACE' ) );
#1577 = ORIENTED_EDGE ( 'NONE', *, *, #2004, .F. ) ;
#1578 = ORIENTED_EDGE ( 'NONE', *, *, #9027, .F. ) ;
#1579 = LINE ( 'NONE', #8029, #9036 ) ;
#1580 = ADVANCED_FACE ( 'NONE', ( #1631 ), #6509, .T. ) ;
#1581 = DIRECTION ( 'NONE',  ( -1.000000000000000000, -0.000000000000000000, -0.000000000000000000 ) ) ;
#1582 = CARTESIAN_POINT ( 'NONE',  ( 4.649999999999999467, 0.9249999999999998224, 2.177674200520781422 ) ) ;
#1583 = PRESENTATION_LAYER_ASSIGNMENT (  '', '', ( #6110 ) ) ;
#1584 = DIRECTION ( 'NONE',  ( -0.000000000000000000, -1.000000000000000000, -0.000000000000000000 ) ) ;
#1585 = DIRECTION ( 'NONE',  ( 0.000000000000000000, 0.000000000000000000, 1.000000000000000000 ) ) ;
#1586 = DIRECTION ( 'NONE',  ( -1.000000000000000000, -0.000000000000000000, -0.000000000000000000 ) ) ;
#1587 = COLOUR_RGB ( '',0.7529411764705882248, 0.7529411764705882248, 0.7529411764705882248 ) ;
#1588 = AXIS2_PLACEMENT_3D ( 'NONE', #5499, #8822, #3238 ) ;
#1589 = DIRECTION ( 'NONE',  ( 0.000000000000000000, 0.000000000000000000, 1.000000000000000000 ) ) ;
#1590 = ORIENTED_EDGE ( 'NONE', *, *, #9573, .F. ) ;
#1591 = VECTOR ( 'NONE', #1776, 1000.000000000000000 ) ;
#1592 = ORIENTED_EDGE ( 'NONE', *, *, #6458, .T. ) ;
#1593 = ORIENTED_EDGE ( 'NONE', *, *, #682, .T. ) ;
#1594 = EDGE_CURVE ( 'NONE', #2000, #8629, #5766, .T. ) ;
#1595 = DIRECTION ( 'NONE',  ( 0.000000000000000000, 0.000000000000000000, 1.000000000000000000 ) ) ;
#1596 = CARTESIAN_POINT ( 'NONE',  ( -2.110000000000000764, 0.1000000000000000056, -2.542325799479218773 ) ) ;
#1597 = VECTOR ( 'NONE', #6515, 1000.000000000000000 ) ;
#1598 = VECTOR ( 'NONE', #5166, 1000.000000000000000 ) ;
#1599 = LINE ( 'NONE', #2342, #916 ) ;
#1600 = DIRECTION ( 'NONE',  ( -1.000000000000000000, -0.000000000000000000, -0.000000000000000000 ) ) ;
#1601 = VERTEX_POINT ( 'NONE', #5675 ) ;
#1602 =( LENGTH_UNIT ( ) NAMED_UNIT ( * ) SI_UNIT ( .MILLI., .METRE. ) );
#1603 = ORIENTED_EDGE ( 'NONE', *, *, #1981, .T. ) ;
#1604 = STYLED_ITEM ( 'NONE', ( #8613 ), #6800 ) ;
#1605 = FILL_AREA_STYLE_COLOUR ( '', #10363 ) ;
#1606 = EDGE_LOOP ( 'NONE', ( #3480, #5945, #1447, #5000 ) ) ;
#1607 = CARTESIAN_POINT ( 'NONE',  ( -0.8400000000000005240, 0.6426742005207811692, 2.177674200520781422 ) ) ;
#1608 = EDGE_CURVE ( 'NONE', #3567, #4848, #8275, .T. ) ;
#1609 = CARTESIAN_POINT ( 'NONE',  ( -2.110000000000000764, 0.6426742005207811692, -2.260000000000000231 ) ) ;
#1610 = SURFACE_STYLE_USAGE ( .BOTH. , #8842 ) ;
#1611 = SURFACE_SIDE_STYLE ('',( #5658 ) ) ;
#1612 = STYLED_ITEM ( 'NONE', ( #3206 ), #6938 ) ;
#1613 = VECTOR ( 'NONE', #8669, 1000.000000000000000 ) ;
#1614 = CARTESIAN_POINT ( 'NONE',  ( -0.4300000000000007150, 0.1823257994792188419, 2.542325799479218773 ) ) ;
#1615 = FILL_AREA_STYLE ('',( #6393 ) ) ;
#1616 = COLOUR_RGB ( '',0.7529411764705882248, 0.7529411764705882248, 0.7529411764705882248 ) ;
#1617 = COLOUR_RGB ( '',0.7529411764705882248, 0.7529411764705882248, 0.7529411764705882248 ) ;
#1618 = LINE ( 'NONE', #2161, #2909 ) ;
#1619 = PRESENTATION_STYLE_ASSIGNMENT (( #6496 ) ) ;
#1620 = DIRECTION ( 'NONE',  ( -1.000000000000000000, 0.000000000000000000, 0.000000000000000000 ) ) ;
#1621 = FILL_AREA_STYLE_COLOUR ( '', #768 ) ;
#1622 = VECTOR ( 'NONE', #4816, 1000.000000000000000 ) ;
#1623 = FACE_OUTER_BOUND ( 'NONE', #6799, .T. ) ;
#1624 = ORIENTED_EDGE ( 'NONE', *, *, #1656, .F. ) ;
#1625 = ADVANCED_FACE ( 'NONE', ( #4945 ), #7258, .F. ) ;
#1626 = MECHANICAL_DESIGN_GEOMETRIC_PRESENTATION_REPRESENTATION (  '', ( #5997 ), #9213 ) ;
#1627 = FILL_AREA_STYLE ('',( #5371 ) ) ;
#1628 = UNCERTAINTY_MEASURE_WITH_UNIT (LENGTH_MEASURE( 1.000000000000000082E-05 ), #3564, 'distance_accuracy_value', 'NONE');
#1629 = DIRECTION ( 'NONE',  ( 0.000000000000000000, 0.000000000000000000, -1.000000000000000000 ) ) ;
#1630 = EDGE_CURVE ( 'NONE', #9469, #7722, #8227, .T. ) ;
#1631 = FACE_OUTER_BOUND ( 'NONE', #2935, .T. ) ;
#1632 = SURFACE_STYLE_FILL_AREA ( #7259 ) ;
#1633 = STYLED_ITEM ( 'NONE', ( #1619 ), #1740 ) ;
#1634 =( LENGTH_UNIT ( ) NAMED_UNIT ( * ) SI_UNIT ( .MILLI., .METRE. ) );
#1635 = ORIENTED_EDGE ( 'NONE', *, *, #2988, .F. ) ;
#1636 = UNCERTAINTY_MEASURE_WITH_UNIT (LENGTH_MEASURE( 1.000000000000000082E-05 ), #3905, 'distance_accuracy_value', 'NONE');
#1637 = DIRECTION ( 'NONE',  ( -1.000000000000000000, -0.000000000000000000, -0.000000000000000000 ) ) ;
#1638 = VECTOR ( 'NONE', #3540, 1000.000000000000000 ) ;
#1639 = SURFACE_SIDE_STYLE ('',( #5684 ) ) ;
#1640 = DIRECTION ( 'NONE',  ( 0.000000000000000000, 1.000000000000000000, 0.000000000000000000 ) ) ;
#1641 = SURFACE_STYLE_USAGE ( .BOTH. , #2424 ) ;
#1642 = CARTESIAN_POINT ( 'NONE',  ( 1.699999999999999734, 0.1000000000000000056, 2.542325799479218773 ) ) ;
#1643 = PRESENTATION_STYLE_ASSIGNMENT (( #6412 ) ) ;
#1644 = ADVANCED_FACE ( 'NONE', ( #8127 ), #881, .F. ) ;
#1645 =( LENGTH_UNIT ( ) NAMED_UNIT ( * ) SI_UNIT ( .MILLI., .METRE. ) );
#1646 = STYLED_ITEM ( 'NONE', ( #6899 ), #8665 ) ;
#1647 = AXIS2_PLACEMENT_3D ( 'NONE', #2295, #4608, #7233 ) ;
#1648 = VERTEX_POINT ( 'NONE', #7600 ) ;
#1649 = CARTESIAN_POINT ( 'NONE',  ( 0.8399999999999996358, 0.1823257994792188419, 2.542325799479218773 ) ) ;
#1650 = FACE_OUTER_BOUND ( 'NONE', #3730, .T. ) ;
#1651 = CIRCLE ( 'NONE', #1128, 0.2823257994792188752 ) ;
#1652 =( NAMED_UNIT ( * ) SI_UNIT ( $, .STERADIAN. ) SOLID_ANGLE_UNIT ( ) );
#1653 =( NAMED_UNIT ( * ) SI_UNIT ( $, .STERADIAN. ) SOLID_ANGLE_UNIT ( ) );
#1654 = DIRECTION ( 'NONE',  ( 0.000000000000000000, 0.000000000000000000, -1.000000000000000000 ) ) ;
#1655 = PRESENTATION_STYLE_ASSIGNMENT (( #7516 ) ) ;
#1656 = EDGE_CURVE ( 'NONE', #2967, #1601, #6825, .T. ) ;
#1657 = LINE ( 'NONE', #4242, #6179 ) ;
#1658 = SURFACE_SIDE_STYLE ('',( #2090 ) ) ;
#1659 = ORIENTED_EDGE ( 'NONE', *, *, #9240, .F. ) ;
#1660 =( NAMED_UNIT ( * ) PLANE_ANGLE_UNIT ( ) SI_UNIT ( $, .RADIAN. ) );
#1661 = VERTEX_POINT ( 'NONE', #2777 ) ;
#1662 = DIRECTION ( 'NONE',  ( -1.000000000000000000, -0.000000000000000000, -0.000000000000000000 ) ) ;
#1663 = PRESENTATION_LAYER_ASSIGNMENT (  '', '', ( #491 ) ) ;
#1664 = DIRECTION ( 'NONE',  ( -0.000000000000000000, 1.000000000000000000, 0.000000000000000000 ) ) ;
#1665 = MECHANICAL_DESIGN_GEOMETRIC_PRESENTATION_REPRESENTATION (  '', ( #2193 ), #8574 ) ;
#1666 = DIRECTION ( 'NONE',  ( 1.000000000000000000, 0.000000000000000000, 0.000000000000000000 ) ) ;
#1667 = DIRECTION ( 'NONE',  ( 0.000000000000000000, -0.000000000000000000, 1.000000000000000000 ) ) ;
#1668 = CARTESIAN_POINT ( 'NONE',  ( 0.8399999999999996358, 0.9249999999999998224, 2.177674200520781422 ) ) ;
#1669 = SURFACE_SIDE_STYLE ('',( #2613 ) ) ;
#1670 = PRESENTATION_LAYER_ASSIGNMENT (  '', '', ( #7877 ) ) ;
#1671 = EDGE_CURVE ( 'NONE', #1322, #6730, #7504, .T. ) ;
#1672 =( NAMED_UNIT ( * ) PLANE_ANGLE_UNIT ( ) SI_UNIT ( $, .RADIAN. ) );
#1673 = AXIS2_PLACEMENT_3D ( 'NONE', #773, #3989, #911 ) ;
#1674 = LINE ( 'NONE', #8118, #10055 ) ;
#1675 = CYLINDRICAL_SURFACE ( 'NONE', #3484, 0.08232579947921878083 ) ;
#1676 =( LENGTH_UNIT ( ) NAMED_UNIT ( * ) SI_UNIT ( .MILLI., .METRE. ) );
#1677 = MECHANICAL_DESIGN_GEOMETRIC_PRESENTATION_REPRESENTATION (  '', ( #2527 ), #8084 ) ;
#1678 = ORIENTED_EDGE ( 'NONE', *, *, #701, .T. ) ;
#1679 = CARTESIAN_POINT ( 'NONE',  ( 4.876571113504072130, 1.649999999999999911, 0.000000000000000000 ) ) ;
#1680 = CYLINDRICAL_SURFACE ( 'NONE', #2947, 0.08232579947921878083 ) ;
#1681 = VECTOR ( 'NONE', #3298, 1000.000000000000000 ) ;
#1682 = STYLED_ITEM ( 'NONE', ( #3710 ), #2590 ) ;
#1683 = EDGE_CURVE ( 'NONE', #5214, #8594, #1185, .T. ) ;
#1684 =( NAMED_UNIT ( * ) PLANE_ANGLE_UNIT ( ) SI_UNIT ( $, .RADIAN. ) );
#1685 = CARTESIAN_POINT ( 'NONE',  ( 4.649999999999999467, 0.1823257994792188419, -2.459999999999999964 ) ) ;
#1686 = DIRECTION ( 'NONE',  ( -1.000000000000000000, -0.000000000000000000, -0.000000000000000000 ) ) ;
#1687 = SURFACE_SIDE_STYLE ('',( #5728 ) ) ;
#1688 = VERTEX_POINT ( 'NONE', #5992 ) ;
#1689 = ORIENTED_EDGE ( 'NONE', *, *, #6555, .T. ) ;
#1690 =( NAMED_UNIT ( * ) PLANE_ANGLE_UNIT ( ) SI_UNIT ( $, .RADIAN. ) );
#1691 = PLANE ( 'NONE',  #6122 ) ;
#1692 = PRESENTATION_STYLE_ASSIGNMENT (( #226 ) ) ;
#1693 = AXIS2_PLACEMENT_3D ( 'NONE', #9164, #314, #3520 ) ;
#1694 = VECTOR ( 'NONE', #321, 1000.000000000000000 ) ;
#1695 = CARTESIAN_POINT ( 'NONE',  ( -1.700000000000001066, -0.1000000000000000056, -3.000000000000000000 ) ) ;
#1696 = DIRECTION ( 'NONE',  ( 1.000000000000000000, 0.000000000000000000, 0.000000000000000000 ) ) ;
#1697 = FILL_AREA_STYLE ('',( #5687 ) ) ;
#1698 = CARTESIAN_POINT ( 'NONE',  ( 3.379999999999999449, 0.1823257994792188696, 2.259999999999999787 ) ) ;
#1699 = VERTEX_POINT ( 'NONE', #6882 ) ;
#1700 = UNCERTAINTY_MEASURE_WITH_UNIT (LENGTH_MEASURE( 1.000000000000000082E-05 ), #1329, 'distance_accuracy_value', 'NONE');
#1701 = ADVANCED_FACE ( 'NONE', ( #6723 ), #1947, .T. ) ;
#1702 = STYLED_ITEM ( 'NONE', ( #10094 ), #4728 ) ;
#1703 = VERTEX_POINT ( 'NONE', #1291 ) ;
#1704 = FACE_OUTER_BOUND ( 'NONE', #8733, .T. ) ;
#1705 = PRESENTATION_STYLE_ASSIGNMENT (( #10417 ) ) ;
#1706 = FACE_OUTER_BOUND ( 'NONE', #6200, .T. ) ;
#1707 = DIRECTION ( 'NONE',  ( -1.000000000000000000, -0.000000000000000000, -0.000000000000000000 ) ) ;
#1708 = ORIENTED_EDGE ( 'NONE', *, *, #9302, .F. ) ;
#1709 = ADVANCED_FACE ( 'NONE', ( #1132 ), #1231, .F. ) ;
#1710 =( LENGTH_UNIT ( ) NAMED_UNIT ( * ) SI_UNIT ( .MILLI., .METRE. ) );
#1711 = FILL_AREA_STYLE ('',( #3296 ) ) ;
#1712 = ORIENTED_EDGE ( 'NONE', *, *, #3797, .F. ) ;
#1713 = LINE ( 'NONE', #4088, #8194 ) ;
#1714 = SURFACE_STYLE_USAGE ( .BOTH. , #2987 ) ;
#1715 = ADVANCED_FACE ( 'NONE', ( #4734 ), #5365, .T. ) ;
#1716 = DIRECTION ( 'NONE',  ( 1.000000000000000000, 0.000000000000000000, 0.000000000000000000 ) ) ;
#1717 = DIRECTION ( 'NONE',  ( 0.000000000000000000, 1.000000000000000000, 0.000000000000000000 ) ) ;
#1718 = FILL_AREA_STYLE_COLOUR ( '', #3929 ) ;
#1719 = LINE ( 'NONE', #917, #6523 ) ;
#1720 = DIRECTION ( 'NONE',  ( -1.000000000000000000, -0.000000000000000000, -0.000000000000000000 ) ) ;
#1721 = SURFACE_STYLE_USAGE ( .BOTH. , #108 ) ;
#1722 =( LENGTH_UNIT ( ) NAMED_UNIT ( * ) SI_UNIT ( .MILLI., .METRE. ) );
#1723 = FILL_AREA_STYLE ('',( #9162 ) ) ;
#1724 = CARTESIAN_POINT ( 'NONE',  ( 4.882915763303057766, 0.03598229705682233492, -1.882915763303058654 ) ) ;
#1725 = ORIENTED_EDGE ( 'NONE', *, *, #404, .T. ) ;
#1726 = DIRECTION ( 'NONE',  ( 0.000000000000000000, 1.000000000000000000, 0.000000000000000000 ) ) ;
#1727 = ADVANCED_FACE ( 'NONE', ( #618 ), #1393, .T. ) ;
#1728 = UNCERTAINTY_MEASURE_WITH_UNIT (LENGTH_MEASURE( 1.000000000000000082E-05 ), #393, 'distance_accuracy_value', 'NONE');
#1729 = FACE_OUTER_BOUND ( 'NONE', #9938, .T. ) ;
#1730 = PRESENTATION_STYLE_ASSIGNMENT (( #1839 ) ) ;
#1731 =( NAMED_UNIT ( * ) PLANE_ANGLE_UNIT ( ) SI_UNIT ( $, .RADIAN. ) );
#1732 = ORIENTED_EDGE ( 'NONE', *, *, #10127, .F. ) ;
#1733 = STYLED_ITEM ( 'NONE', ( #1944 ), #2315 ) ;
#1734 = FACE_OUTER_BOUND ( 'NONE', #8597, .T. ) ;
#1735 = ORIENTED_EDGE ( 'NONE', *, *, #8191, .F. ) ;
#1736 = PRODUCT_DEFINITION_SHAPE ( 'NONE', 'NONE',  #7161 ) ;
#1737 = PRESENTATION_LAYER_ASSIGNMENT (  '', '', ( #8985 ) ) ;
#1738 = UNCERTAINTY_MEASURE_WITH_UNIT (LENGTH_MEASURE( 1.000000000000000082E-05 ), #1645, 'distance_accuracy_value', 'NONE');
#1739 = CARTESIAN_POINT ( 'NONE',  ( -1.700000000000001066, 0.1000000000000000056, 3.000000000000000000 ) ) ;
#1740 = ADVANCED_FACE ( 'NONE', ( #6233 ), #6433, .F. ) ;
#1741 = SURFACE_SIDE_STYLE ('',( #8281 ) ) ;
#1742 = EDGE_CURVE ( 'NONE', #6746, #8204, #7348, .T. ) ;
#1743 = LINE ( 'NONE', #998, #6669 ) ;
#1744 =( NAMED_UNIT ( * ) SI_UNIT ( $, .STERADIAN. ) SOLID_ANGLE_UNIT ( ) );
#1745 = LINE ( 'NONE', #1538, #1088 ) ;
#1746 = DIRECTION ( 'NONE',  ( -1.000000000000000000, 0.000000000000000000, 0.000000000000000000 ) ) ;
#1747 = PRESENTATION_LAYER_ASSIGNMENT (  '', '', ( #3940 ) ) ;
#1748 = CYLINDRICAL_SURFACE ( 'NONE', #7389, 0.08232579947921878083 ) ;
#1749 = DIRECTION ( 'NONE',  ( 0.000000000000000000, 0.000000000000000000, 1.000000000000000000 ) ) ;
#1750 = MECHANICAL_DESIGN_GEOMETRIC_PRESENTATION_REPRESENTATION (  '', ( #4602 ), #4107 ) ;
#1751 = ADVANCED_FACE ( 'NONE', ( #5813 ), #4045, .F. ) ;
#1752 = DIRECTION ( 'NONE',  ( 0.000000000000000000, -1.000000000000000000, 0.000000000000000000 ) ) ;
#1753 = STYLED_ITEM ( 'NONE', ( #960 ), #6424 ) ;
#1754 = EDGE_CURVE ( 'NONE', #301, #5589, #6600, .T. ) ;
#1755 = CARTESIAN_POINT ( 'NONE',  ( 2.109999999999999432, 0.1823257994792188696, 2.259999999999999787 ) ) ;
#1756 = DIRECTION ( 'NONE',  ( -1.000000000000000000, -0.000000000000000000, -0.000000000000000000 ) ) ;
#1757 =( LENGTH_UNIT ( ) NAMED_UNIT ( * ) SI_UNIT ( .MILLI., .METRE. ) );
#1758 = MECHANICAL_DESIGN_GEOMETRIC_PRESENTATION_REPRESENTATION (  '', ( #5466 ), #4296 ) ;
#1759 = DIRECTION ( 'NONE',  ( 0.000000000000000000, 0.000000000000000000, 1.000000000000000000 ) ) ;
#1760 = VERTEX_POINT ( 'NONE', #8161 ) ;
#1761 = CIRCLE ( 'NONE', #1588, 0.2823257994792188752 ) ;
#1762 = ORIENTED_EDGE ( 'NONE', *, *, #9609, .F. ) ;
#1763 = SURFACE_STYLE_USAGE ( .BOTH. , #3200 ) ;
#1764 = VECTOR ( 'NONE', #1198, 1000.000000000000000 ) ;
#1765 = CARTESIAN_POINT ( 'NONE',  ( 1.699999999999999734, 0.1000000000000000056, -3.000000000000000000 ) ) ;
#1766 = EDGE_CURVE ( 'NONE', #519, #3006, #1674, .T. ) ;
#1767 = DIRECTION ( 'NONE',  ( -0.000000000000000000, 1.000000000000000000, 0.000000000000000000 ) ) ;
#1768 = DIRECTION ( 'NONE',  ( 0.000000000000000000, 0.000000000000000000, -1.000000000000000000 ) ) ;
#1769 = CARTESIAN_POINT ( 'NONE',  ( -4.650000000000000355, 0.7249999999999998668, 2.177674200520781422 ) ) ;
#1770 = PRESENTATION_STYLE_ASSIGNMENT (( #7345 ) ) ;
#1771 = LINE ( 'NONE', #8898, #5530 ) ;
#1772 = AXIS2_PLACEMENT_3D ( 'NONE', #9601, #8768, #4586 ) ;
#1773 = DIRECTION ( 'NONE',  ( 0.000000000000000000, 0.000000000000000000, 1.000000000000000000 ) ) ;
#1774 = PRESENTATION_STYLE_ASSIGNMENT (( #4888 ) ) ;
#1775 = COLOUR_RGB ( '',0.7529411764705882248, 0.7529411764705882248, 0.7529411764705882248 ) ;
#1776 = DIRECTION ( 'NONE',  ( 0.000000000000000000, 0.000000000000000000, 1.000000000000000000 ) ) ;
#1777 = DIRECTION ( 'NONE',  ( -1.000000000000000000, -0.000000000000000000, -0.000000000000000000 ) ) ;
#1778 = CARTESIAN_POINT ( 'NONE',  ( -4.650000000000000355, 0.6426742005207811692, 2.177674200520781422 ) ) ;
#1779 = CARTESIAN_POINT ( 'NONE',  ( -0.8400000000000005240, 0.7249999999999999778, -2.000000000000000000 ) ) ;
#1780 = ORIENTED_EDGE ( 'NONE', *, *, #10249, .F. ) ;
#1781 = COLOUR_RGB ( '',0.7529411764705882248, 0.7529411764705882248, 0.7529411764705882248 ) ;
#1782 = CARTESIAN_POINT ( 'NONE',  ( 2.969999999999999751, 0.1823257994792188419, 2.542325799479218773 ) ) ;
#1783 = COLOUR_RGB ( '',0.7529411764705882248, 0.7529411764705882248, 0.7529411764705882248 ) ;
#1784 = PRESENTATION_STYLE_ASSIGNMENT (( #8125 ) ) ;
#1785 = AXIS2_PLACEMENT_3D ( 'NONE', #6832, #3685, #2093 ) ;
#1786 = LINE ( 'NONE', #219, #723 ) ;
#1787 = DIRECTION ( 'NONE',  ( 0.000000000000000000, 0.000000000000000000, 1.000000000000000000 ) ) ;
#1788 = VECTOR ( 'NONE', #5185, 1000.000000000000000 ) ;
#1789 = LINE ( 'NONE', #61, #4445 ) ;
#1790 =( GEOMETRIC_REPRESENTATION_CONTEXT ( 3 ) GLOBAL_UNCERTAINTY_ASSIGNED_CONTEXT ( ( #6753 ) ) GLOBAL_UNIT_ASSIGNED_CONTEXT ( ( #1111, #302, #5905 ) ) REPRESENTATION_CONTEXT ( 'NONE', 'WORKASPACE' ) );
#1791 = CARTESIAN_POINT ( 'NONE',  ( -0.4300000000000007150, 0.7249999999999998668, -2.177674200520781422 ) ) ;
#1792 = AXIS2_PLACEMENT_3D ( 'NONE', #3072, #1985, #2280 ) ;
#1793 = EDGE_LOOP ( 'NONE', ( #5670, #4283, #6081, #1105 ) ) ;
#1794 = AXIS2_PLACEMENT_3D ( 'NONE', #4280, #9771, #1749 ) ;
#1795 = SURFACE_STYLE_FILL_AREA ( #6671 ) ;
#1796 = ORIENTED_EDGE ( 'NONE', *, *, #7362, .T. ) ;
#1797 = VERTEX_POINT ( 'NONE', #53 ) ;
#1798 = PRESENTATION_LAYER_ASSIGNMENT (  '', '', ( #10047 ) ) ;
#1799 = SURFACE_SIDE_STYLE ('',( #7313 ) ) ;
#1800 = FACE_OUTER_BOUND ( 'NONE', #9205, .T. ) ;
#1801 = COLOUR_RGB ( '',0.7529411764705882248, 0.7529411764705882248, 0.7529411764705882248 ) ;
#1802 = DIRECTION ( 'NONE',  ( -1.000000000000000000, -0.000000000000000000, -0.000000000000000000 ) ) ;
#1803 = ADVANCED_FACE ( 'NONE', ( #9833 ), #3254, .F. ) ;
#1804 = FILL_AREA_STYLE_COLOUR ( '', #8700 ) ;
#1805 = VERTEX_POINT ( 'NONE', #4654 ) ;
#1806 = UNCERTAINTY_MEASURE_WITH_UNIT (LENGTH_MEASURE( 1.000000000000000082E-05 ), #2243, 'distance_accuracy_value', 'NONE');
#1807 = FILL_AREA_STYLE ('',( #9817 ) ) ;
#1808 = AXIS2_PLACEMENT_3D ( 'NONE', #535, #3901, #2103 ) ;
#1809 = AXIS2_PLACEMENT_3D ( 'NONE', #689, #6996, #3909 ) ;
#1810 = SURFACE_STYLE_USAGE ( .BOTH. , #81 ) ;
#1811 = VERTEX_POINT ( 'NONE', #4492 ) ;
#1812 = DIRECTION ( 'NONE',  ( 0.000000000000000000, -0.000000000000000000, 1.000000000000000000 ) ) ;
#1813 = LINE ( 'NONE', #3437, #6345 ) ;
#1814 = EDGE_CURVE ( 'NONE', #3285, #7415, #2135, .T. ) ;
#1815 = LINE ( 'NONE', #2650, #3432 ) ;
#1816 = ORIENTED_EDGE ( 'NONE', *, *, #3647, .F. ) ;
#1817 = CYLINDRICAL_SURFACE ( 'NONE', #7244, 0.2823257994792186532 ) ;
#1818 = VERTEX_POINT ( 'NONE', #10136 ) ;
#1819 = STYLED_ITEM ( 'NONE', ( #8111 ), #8926 ) ;
#1820 = DIRECTION ( 'NONE',  ( 0.000000000000000000, -1.000000000000000000, 0.000000000000000000 ) ) ;
#1821 = PRESENTATION_LAYER_ASSIGNMENT (  '', '', ( #1293 ) ) ;
#1822 =( NAMED_UNIT ( * ) SI_UNIT ( $, .STERADIAN. ) SOLID_ANGLE_UNIT ( ) );
#1823 = DIRECTION ( 'NONE',  ( 0.000000000000000000, 0.000000000000000000, -1.000000000000000000 ) ) ;
#1824 = DIRECTION ( 'NONE',  ( -1.000000000000000000, -0.000000000000000000, -0.000000000000000000 ) ) ;
#1825 = CARTESIAN_POINT ( 'NONE',  ( -2.970000000000000639, 0.6426742005207811692, 2.260000000000000231 ) ) ;
#1826 = SURFACE_SIDE_STYLE ('',( #9894 ) ) ;
#1827 = SURFACE_STYLE_FILL_AREA ( #8264 ) ;
#1828 = VECTOR ( 'NONE', #7795, 1000.000000000000000 ) ;
#1829 =( GEOMETRIC_REPRESENTATION_CONTEXT ( 3 ) GLOBAL_UNCERTAINTY_ASSIGNED_CONTEXT ( ( #7085 ) ) GLOBAL_UNIT_ASSIGNED_CONTEXT ( ( #4965, #3599, #8453 ) ) REPRESENTATION_CONTEXT ( 'NONE', 'WORKASPACE' ) );
#1830 =( NAMED_UNIT ( * ) PLANE_ANGLE_UNIT ( ) SI_UNIT ( $, .RADIAN. ) );
#1831 = FILL_AREA_STYLE_COLOUR ( '', #7342 ) ;
#1832 = PLANE ( 'NONE',  #1792 ) ;
#1833 = PRESENTATION_LAYER_ASSIGNMENT (  '', '', ( #6346 ) ) ;
#1834 = SURFACE_STYLE_FILL_AREA ( #4840 ) ;
#1835 = ORIENTED_EDGE ( 'NONE', *, *, #2437, .T. ) ;
#1836 = PRESENTATION_LAYER_ASSIGNMENT (  '', '', ( #10085 ) ) ;
#1837 = LINE ( 'NONE', #7027, #2066 ) ;
#1838 = VECTOR ( 'NONE', #4698, 1000.000000000000000 ) ;
#1839 = SURFACE_STYLE_USAGE ( .BOTH. , #7360 ) ;
#1840 = FACE_OUTER_BOUND ( 'NONE', #2895, .T. ) ;
#1841 = VECTOR ( 'NONE', #2366, 1000.000000000000000 ) ;
#1842 = CARTESIAN_POINT ( 'NONE',  ( 1.699999999999999734, 0.1823257994792188419, -2.459999999999999964 ) ) ;
#1843 = VERTEX_POINT ( 'NONE', #9359 ) ;
#1844 = DIRECTION ( 'NONE',  ( -1.000000000000000000, -0.000000000000000000, -0.000000000000000000 ) ) ;
#1845 = ORIENTED_EDGE ( 'NONE', *, *, #9732, .F. ) ;
#1846 = VERTEX_POINT ( 'NONE', #7802 ) ;
#1847 = MECHANICAL_DESIGN_GEOMETRIC_PRESENTATION_REPRESENTATION (  '', ( #1151 ), #5201 ) ;
#1848 = VECTOR ( 'NONE', #1162, 1000.000000000000000 ) ;
#1849 = PRESENTATION_STYLE_ASSIGNMENT (( #5776 ) ) ;
#1850 = MECHANICAL_DESIGN_GEOMETRIC_PRESENTATION_REPRESENTATION (  '', ( #502 ), #6339 ) ;
#1851 =( GEOMETRIC_REPRESENTATION_CONTEXT ( 3 ) GLOBAL_UNCERTAINTY_ASSIGNED_CONTEXT ( ( #2253 ) ) GLOBAL_UNIT_ASSIGNED_CONTEXT ( ( #2102, #5217, #7517 ) ) REPRESENTATION_CONTEXT ( 'NONE', 'WORKASPACE' ) );
#1852 = CARTESIAN_POINT ( 'NONE',  ( 4.240000000000000213, 0.1823257994792188419, 2.542325799479218773 ) ) ;
#1853 = EDGE_CURVE ( 'NONE', #680, #9718, #1367, .T. ) ;
#1854 = LINE ( 'NONE', #3542, #516 ) ;
#1855 =( NAMED_UNIT ( * ) PLANE_ANGLE_UNIT ( ) SI_UNIT ( $, .RADIAN. ) );
#1856 = VECTOR ( 'NONE', #4408, 1000.000000000000000 ) ;
#1857 = CYLINDRICAL_SURFACE ( 'NONE', #9670, 0.2823257994792188752 ) ;
#1858 = DIRECTION ( 'NONE',  ( 0.000000000000000000, 0.000000000000000000, -1.000000000000000000 ) ) ;
#1859 = FILL_AREA_STYLE ('',( #8931 ) ) ;
#1860 = EDGE_LOOP ( 'NONE', ( #4640, #5831, #5325, #9447 ) ) ;
#1861 = COLOUR_RGB ( '',0.7529411764705882248, 0.7529411764705882248, 0.7529411764705882248 ) ;
#1862 = EDGE_LOOP ( 'NONE', ( #3986, #3851, #5342, #2721 ) ) ;
#1863 = COLOUR_RGB ( '',0.7529411764705882248, 0.7529411764705882248, 0.7529411764705882248 ) ;
#1864 = FILL_AREA_STYLE ('',( #954 ) ) ;
#1865 = VECTOR ( 'NONE', #1027, 999.9999999999998863 ) ;
#1866 = EDGE_CURVE ( 'NONE', #7862, #7945, #10253, .T. ) ;
#1867 = SURFACE_STYLE_FILL_AREA ( #146 ) ;
#1868 = SURFACE_SIDE_STYLE ('',( #3342 ) ) ;
#1869 = FILL_AREA_STYLE_COLOUR ( '', #5455 ) ;
#1870 = CIRCLE ( 'NONE', #1693, 0.2823257994792188752 ) ;
#1871 = ORIENTED_EDGE ( 'NONE', *, *, #5690, .F. ) ;
#1872 = VECTOR ( 'NONE', #373, 1000.000000000000000 ) ;
#1873 = ORIENTED_EDGE ( 'NONE', *, *, #10394, .F. ) ;
#1874 = LINE ( 'NONE', #9106, #4367 ) ;
#1875 = EDGE_CURVE ( 'NONE', #7184, #8522, #3459, .T. ) ;
#1876 = FILL_AREA_STYLE_COLOUR ( '', #165 ) ;
#1877 = DIRECTION ( 'NONE',  ( -0.000000000000000000, -1.000000000000000000, -0.000000000000000000 ) ) ;
#1878 = CARTESIAN_POINT ( 'NONE',  ( -4.650000000000000355, -0.1000000000000000056, 2.542325799479218773 ) ) ;
#1879 = LINE ( 'NONE', #5029, #7788 ) ;
#1880 = DIRECTION ( 'NONE',  ( 0.000000000000000000, -1.000000000000000000, 0.000000000000000000 ) ) ;
#1881 = FACE_OUTER_BOUND ( 'NONE', #9201, .T. ) ;
#1882 = ORIENTED_EDGE ( 'NONE', *, *, #5225, .T. ) ;
#1883 =( NAMED_UNIT ( * ) PLANE_ANGLE_UNIT ( ) SI_UNIT ( $, .RADIAN. ) );
#1884 = CARTESIAN_POINT ( 'NONE',  ( 0.8399999999999996358, -0.1000000000000000056, 2.542325799479218773 ) ) ;
#1885 = CARTESIAN_POINT ( 'NONE',  ( -4.251087498775063978, 1.649999999999999911, 1.242103716292561222 ) ) ;
#1886 = ORIENTED_EDGE ( 'NONE', *, *, #8615, .F. ) ;
#1887 =( LENGTH_UNIT ( ) NAMED_UNIT ( * ) SI_UNIT ( .MILLI., .METRE. ) );
#1888 = SURFACE_SIDE_STYLE ('',( #1179 ) ) ;
#1889 = FILL_AREA_STYLE ('',( #5880 ) ) ;
#1890 = FACE_OUTER_BOUND ( 'NONE', #6065, .T. ) ;
#1891 = CARTESIAN_POINT ( 'NONE',  ( 0.8399999999999996358, 0.6426742005207811692, -2.459999999999999964 ) ) ;
#1892 = EDGE_CURVE ( 'NONE', #6048, #9572, #8368, .T. ) ;
#1893 = CARTESIAN_POINT ( 'NONE',  ( 4.240000000000000213, 0.6426742005207811692, 2.459999999999999964 ) ) ;
#1894 = SURFACE_STYLE_FILL_AREA ( #8322 ) ;
#1895 = VERTEX_POINT ( 'NONE', #6210 ) ;
#1896 = EDGE_LOOP ( 'NONE', ( #710, #6143, #6136, #4407, #6779, #8148, #7107, #4793, #7789, #829, #2729, #2154 ) ) ;
#1897 = ORIENTED_EDGE ( 'NONE', *, *, #7875, .F. ) ;
#1898 =( NAMED_UNIT ( * ) PLANE_ANGLE_UNIT ( ) SI_UNIT ( $, .RADIAN. ) );
#1899 = DIRECTION ( 'NONE',  ( -0.000000000000000000, 1.000000000000000000, 0.000000000000000000 ) ) ;
#1900 = EDGE_CURVE ( 'NONE', #688, #2058, #257, .T. ) ;
#1901 = SURFACE_STYLE_FILL_AREA ( #4921 ) ;
#1902 = DIRECTION ( 'NONE',  ( -1.000000000000000000, -0.000000000000000000, -0.000000000000000000 ) ) ;
#1903 = FILL_AREA_STYLE_COLOUR ( '', #5314 ) ;
#1904 = ORIENTED_EDGE ( 'NONE', *, *, #8110, .F. ) ;
#1905 =( GEOMETRIC_REPRESENTATION_CONTEXT ( 3 ) GLOBAL_UNCERTAINTY_ASSIGNED_CONTEXT ( ( #4264 ) ) GLOBAL_UNIT_ASSIGNED_CONTEXT ( ( #10405, #7798, #32 ) ) REPRESENTATION_CONTEXT ( 'NONE', 'WORKASPACE' ) );
#1906 = CYLINDRICAL_SURFACE ( 'NONE', #3447, 0.2823257994792188752 ) ;
#1907 = EDGE_LOOP ( 'NONE', ( #1762, #8471, #3035, #4875 ) ) ;
#1908 = EDGE_CURVE ( 'NONE', #7931, #6018, #7686, .T. ) ;
#1909 =( GEOMETRIC_REPRESENTATION_CONTEXT ( 3 ) GLOBAL_UNCERTAINTY_ASSIGNED_CONTEXT ( ( #8702 ) ) GLOBAL_UNIT_ASSIGNED_CONTEXT ( ( #8305, #7494, #4354 ) ) REPRESENTATION_CONTEXT ( 'NONE', 'WORKASPACE' ) );
#1910 = LINE ( 'NONE', #1755, #8709 ) ;
#1911 = DIRECTION ( 'NONE',  ( -1.000000000000000000, -0.000000000000000000, -0.000000000000000000 ) ) ;
#1912 = VECTOR ( 'NONE', #8879, 1000.000000000000000 ) ;
#1913 = DIRECTION ( 'NONE',  ( -1.000000000000000000, -0.000000000000000000, -0.000000000000000000 ) ) ;
#1914 = MECHANICAL_DESIGN_GEOMETRIC_PRESENTATION_REPRESENTATION (  '', ( #1044 ), #8997 ) ;
#1915 = CARTESIAN_POINT ( 'NONE',  ( -2.110000000000000764, 0.7249999999999998668, -2.177674200520781422 ) ) ;
#1916 = DIRECTION ( 'NONE',  ( -0.000000000000000000, -1.000000000000000000, -0.000000000000000000 ) ) ;
#1917 = EDGE_LOOP ( 'NONE', ( #4938, #9689, #6924, #9390 ) ) ;
#1918 = EDGE_CURVE ( 'NONE', #3285, #8387, #2666, .T. ) ;
#1919 = CARTESIAN_POINT ( 'NONE',  ( -1.700000000000001066, 0.6426742005207811692, -2.177674200520781422 ) ) ;
#1920 = VECTOR ( 'NONE', #3241, 1000.000000000000000 ) ;
#1921 = ORIENTED_EDGE ( 'NONE', *, *, #9329, .T. ) ;
#1922 = FILL_AREA_STYLE_COLOUR ( '', #7837 ) ;
#1923 = CARTESIAN_POINT ( 'NONE',  ( 0.8399999999999996358, -0.1000000000000000056, -2.542325799479218773 ) ) ;
#1924 = VECTOR ( 'NONE', #9174, 1000.000000000000000 ) ;
#1925 = PLANE ( 'NONE',  #8076 ) ;
#1926 = CARTESIAN_POINT ( 'NONE',  ( -1.700000000000001066, 0.1823257994792188419, -2.542325799479218773 ) ) ;
#1927 = UNCERTAINTY_MEASURE_WITH_UNIT (LENGTH_MEASURE( 1.000000000000000082E-05 ), #3065, 'distance_accuracy_value', 'NONE');
#1928 = CARTESIAN_POINT ( 'NONE',  ( 2.969999999999999751, 0.1823257994792188419, -2.542325799479218773 ) ) ;
#1929 = CARTESIAN_POINT ( 'NONE',  ( -2.970000000000000639, -0.1000000000000000056, 3.000000000000000000 ) ) ;
#1930 = MECHANICAL_DESIGN_GEOMETRIC_PRESENTATION_REPRESENTATION (  '', ( #2927 ), #5755 ) ;
#1931 = FILL_AREA_STYLE ('',( #6550 ) ) ;
#1932 = VERTEX_POINT ( 'NONE', #5872 ) ;
#1933 = CARTESIAN_POINT ( 'NONE',  ( 0.8399999999999996358, 0.1823257994792188696, -2.259999999999999787 ) ) ;
#1934 = AXIS2_PLACEMENT_3D ( 'NONE', #3600, #2857, #446 ) ;
#1935 = MECHANICAL_DESIGN_GEOMETRIC_PRESENTATION_REPRESENTATION (  '', ( #6622 ), #2426 ) ;
#1936 = PRESENTATION_STYLE_ASSIGNMENT (( #9161 ) ) ;
#1937 = EDGE_CURVE ( 'NONE', #1805, #8025, #6900, .T. ) ;
#1938 =( GEOMETRIC_REPRESENTATION_CONTEXT ( 3 ) GLOBAL_UNCERTAINTY_ASSIGNED_CONTEXT ( ( #8083 ) ) GLOBAL_UNIT_ASSIGNED_CONTEXT ( ( #3356, #778, #9629 ) ) REPRESENTATION_CONTEXT ( 'NONE', 'WORKASPACE' ) );
#1939 = EDGE_LOOP ( 'NONE', ( #9492, #4246, #7034, #1135 ) ) ;
#1940 = LINE ( 'NONE', #6874, #18 ) ;
#1941 = FILL_AREA_STYLE_COLOUR ( '', #6188 ) ;
#1942 = FACE_OUTER_BOUND ( 'NONE', #139, .T. ) ;
#1943 = STYLED_ITEM ( 'NONE', ( #7462 ), #9807 ) ;
#1944 = PRESENTATION_STYLE_ASSIGNMENT (( #9172 ) ) ;
#1945 = UNCERTAINTY_MEASURE_WITH_UNIT (LENGTH_MEASURE( 1.000000000000000082E-05 ), #3187, 'distance_accuracy_value', 'NONE');
#1946 = AXIS2_PLACEMENT_3D ( 'NONE', #8786, #8103, #4766 ) ;
#1947 = PLANE ( 'NONE',  #8587 ) ;
#1948 = DIRECTION ( 'NONE',  ( -1.000000000000000000, -0.000000000000000000, -0.000000000000000000 ) ) ;
#1949 = ADVANCED_FACE ( 'NONE', ( #4304 ), #3515, .T. ) ;
#1950 = EDGE_LOOP ( 'NONE', ( #3686, #5548, #10200, #3848 ) ) ;
#1951 =( GEOMETRIC_REPRESENTATION_CONTEXT ( 3 ) GLOBAL_UNCERTAINTY_ASSIGNED_CONTEXT ( ( #4685 ) ) GLOBAL_UNIT_ASSIGNED_CONTEXT ( ( #2327, #7218, #9647 ) ) REPRESENTATION_CONTEXT ( 'NONE', 'WORKASPACE' ) );
#1952 = LINE ( 'NONE', #3581, #4144 ) ;
#1953 = VERTEX_POINT ( 'NONE', #1698 ) ;
#1954 = VECTOR ( 'NONE', #8267, 1000.000000000000000 ) ;
#1955 = ORIENTED_EDGE ( 'NONE', *, *, #5099, .T. ) ;
#1956 = EDGE_CURVE ( 'NONE', #2793, #3836, #6937, .T. ) ;
#1957 = DIRECTION ( 'NONE',  ( 0.000000000000000000, 1.000000000000000000, 0.000000000000000000 ) ) ;
#1958 = DIRECTION ( 'NONE',  ( -1.000000000000000000, -0.000000000000000000, -0.000000000000000000 ) ) ;
#1959 = VECTOR ( 'NONE', #403, 1000.000000000000000 ) ;
#1960 = VECTOR ( 'NONE', #6544, 1000.000000000000000 ) ;
#1961 = CARTESIAN_POINT ( 'NONE',  ( -0.4300000000000007150, 0.7249999999999999778, 2.000000000000000000 ) ) ;
#1962 = VECTOR ( 'NONE', #9033, 1000.000000000000000 ) ;
#1963 = FACE_OUTER_BOUND ( 'NONE', #3886, .T. ) ;
#1964 = ORIENTED_EDGE ( 'NONE', *, *, #6126, .T. ) ;
#1965 = PLANE ( 'NONE',  #8507 ) ;
#1966 = VERTEX_POINT ( 'NONE', #3913 ) ;
#1967 = EDGE_CURVE ( 'NONE', #8105, #3325, #7863, .T. ) ;
#1968 = MECHANICAL_DESIGN_GEOMETRIC_PRESENTATION_REPRESENTATION (  '', ( #6478 ), #2127 ) ;
#1969 = PRESENTATION_LAYER_ASSIGNMENT (  '', '', ( #3476 ) ) ;
#1970 = DIRECTION ( 'NONE',  ( 1.000000000000000000, 0.000000000000000000, 0.000000000000000000 ) ) ;
#1971 = MECHANICAL_DESIGN_GEOMETRIC_PRESENTATION_REPRESENTATION (  '', ( #1102 ), #7849 ) ;
#1972 = PRESENTATION_STYLE_ASSIGNMENT (( #3388 ) ) ;
#1973 = EDGE_CURVE ( 'NONE', #3038, #22, #7057, .T. ) ;
#1974 = PLANE ( 'NONE',  #10348 ) ;
#1975 = FACE_OUTER_BOUND ( 'NONE', #1137, .T. ) ;
#1976 = ORIENTED_EDGE ( 'NONE', *, *, #570, .F. ) ;
#1977 = STYLED_ITEM ( 'NONE', ( #8747 ), #5897 ) ;
#1978 = VERTEX_POINT ( 'NONE', #3280 ) ;
#1979 = LINE ( 'NONE', #6803, #3183 ) ;
#1980 = FILL_AREA_STYLE ('',( #3665 ) ) ;
#1981 = EDGE_CURVE ( 'NONE', #9459, #1298, #8036, .T. ) ;
#1982 = PRESENTATION_STYLE_ASSIGNMENT (( #5753 ) ) ;
#1983 =( NAMED_UNIT ( * ) SI_UNIT ( $, .STERADIAN. ) SOLID_ANGLE_UNIT ( ) );
#1984 = FILL_AREA_STYLE ('',( #9218 ) ) ;
#1985 = DIRECTION ( 'NONE',  ( 0.000000000000000000, 0.000000000000000000, -1.000000000000000000 ) ) ;
#1986 = COLOUR_RGB ( '',0.7529411764705882248, 0.7529411764705882248, 0.7529411764705882248 ) ;
#1987 = VECTOR ( 'NONE', #6658, 1000.000000000000000 ) ;
#1988 = ORIENTED_EDGE ( 'NONE', *, *, #91, .T. ) ;
#1989 = FILL_AREA_STYLE_COLOUR ( '', #4220 ) ;
#1990 = LINE ( 'NONE', #5195, #3689 ) ;
#1991 = FILL_AREA_STYLE ('',( #9224 ) ) ;
#1992 = EDGE_CURVE ( 'NONE', #3765, #7496, #4017, .T. ) ;
#1993 = AXIS2_PLACEMENT_3D ( 'NONE', #2143, #7026, #6128 ) ;
#1994 = VECTOR ( 'NONE', #7277, 1000.000000000000000 ) ;
#1995 = AXIS2_PLACEMENT_3D ( 'NONE', #898, #7328, #143 ) ;
#1996 = LINE ( 'NONE', #1233, #6434 ) ;
#1997 = ORIENTED_EDGE ( 'NONE', *, *, #10201, .T. ) ;
#1998 = ORIENTED_EDGE ( 'NONE', *, *, #1034, .T. ) ;
#1999 = ORIENTED_EDGE ( 'NONE', *, *, #5087, .F. ) ;
#2000 = VERTEX_POINT ( 'NONE', #849 ) ;
#2001 = STYLED_ITEM ( 'NONE', ( #9740 ), #8481 ) ;
#2002 =( NAMED_UNIT ( * ) SI_UNIT ( $, .STERADIAN. ) SOLID_ANGLE_UNIT ( ) );
#2003 = CIRCLE ( 'NONE', #10088, 0.2823257994792188752 ) ;
#2004 = EDGE_CURVE ( 'NONE', #7134, #2888, #8930, .T. ) ;
#2005 = DIRECTION ( 'NONE',  ( 0.000000000000000000, 0.000000000000000000, 1.000000000000000000 ) ) ;
#2006 = PRESENTATION_LAYER_ASSIGNMENT (  '', '', ( #4699 ) ) ;
#2007 = VECTOR ( 'NONE', #788, 1000.000000000000000 ) ;
#2008 = CARTESIAN_POINT ( 'NONE',  ( -4.650000000000000355, -0.1000000000000000056, -2.542325799479218773 ) ) ;
#2009 = EDGE_LOOP ( 'NONE', ( #223, #6681, #7251, #8220 ) ) ;
#2010 = PRESENTATION_LAYER_ASSIGNMENT (  '', '', ( #3861 ) ) ;
#2011 = DIRECTION ( 'NONE',  ( -0.000000000000000000, 1.000000000000000000, 0.000000000000000000 ) ) ;
#2012 = ORIENTED_EDGE ( 'NONE', *, *, #9266, .T. ) ;
#2013 =( GEOMETRIC_REPRESENTATION_CONTEXT ( 3 ) GLOBAL_UNCERTAINTY_ASSIGNED_CONTEXT ( ( #3167 ) ) GLOBAL_UNIT_ASSIGNED_CONTEXT ( ( #700, #6070, #9421 ) ) REPRESENTATION_CONTEXT ( 'NONE', 'WORKASPACE' ) );
#2014 = STYLED_ITEM ( 'NONE', ( #1530 ), #1443 ) ;
#2015 = DIRECTION ( 'NONE',  ( -1.000000000000000000, -0.000000000000000000, -0.000000000000000000 ) ) ;
#2016 = PRESENTATION_LAYER_ASSIGNMENT (  '', '', ( #6373 ) ) ;
#2017 = DIRECTION ( 'NONE',  ( 1.000000000000000000, 0.000000000000000000, 0.000000000000000000 ) ) ;
#2018 = DIRECTION ( 'NONE',  ( -1.000000000000000000, 0.000000000000000000, 0.000000000000000000 ) ) ;
#2019 = EDGE_CURVE ( 'NONE', #7496, #7606, #3089, .T. ) ;
#2020 = PRESENTATION_LAYER_ASSIGNMENT (  '', '', ( #6547 ) ) ;
#2021 = ORIENTED_EDGE ( 'NONE', *, *, #2324, .F. ) ;
#2022 = AXIS2_PLACEMENT_3D ( 'NONE', #464, #5922, #6711 ) ;
#2023 = ORIENTED_EDGE ( 'NONE', *, *, #8011, .F. ) ;
#2024 = FILL_AREA_STYLE_COLOUR ( '', #7536 ) ;
#2025 = UNCERTAINTY_MEASURE_WITH_UNIT (LENGTH_MEASURE( 1.000000000000000082E-05 ), #6967, 'distance_accuracy_value', 'NONE');
#2026 =( NAMED_UNIT ( * ) SI_UNIT ( $, .STERADIAN. ) SOLID_ANGLE_UNIT ( ) );
#2027 = UNCERTAINTY_MEASURE_WITH_UNIT (LENGTH_MEASURE( 1.000000000000000082E-05 ), #2541, 'distance_accuracy_value', 'NONE');
#2028 = DIRECTION ( 'NONE',  ( 0.000000000000000000, 0.000000000000000000, -1.000000000000000000 ) ) ;
#2029 = MECHANICAL_DESIGN_GEOMETRIC_PRESENTATION_REPRESENTATION (  '', ( #4732 ), #7930 ) ;
#2030 =( LENGTH_UNIT ( ) NAMED_UNIT ( * ) SI_UNIT ( .MILLI., .METRE. ) );
#2031 = DIRECTION ( 'NONE',  ( 0.000000000000000000, 0.000000000000000000, -1.000000000000000000 ) ) ;
#2032 = ORIENTED_EDGE ( 'NONE', *, *, #8860, .T. ) ;
#2033 = SURFACE_STYLE_USAGE ( .BOTH. , #4404 ) ;
#2034 = CARTESIAN_POINT ( 'NONE',  ( -1.700000000000001066, 0.1823257994792188696, -2.259999999999999787 ) ) ;
#2035 =( LENGTH_UNIT ( ) NAMED_UNIT ( * ) SI_UNIT ( .MILLI., .METRE. ) );
#2036 = ORIENTED_EDGE ( 'NONE', *, *, #5714, .F. ) ;
#2037 =( NAMED_UNIT ( * ) SI_UNIT ( $, .STERADIAN. ) SOLID_ANGLE_UNIT ( ) );
#2038 = CARTESIAN_POINT ( 'NONE',  ( 3.379999999999999449, 0.6426742005207811692, 2.260000000000000231 ) ) ;
#2039 = FACE_OUTER_BOUND ( 'NONE', #4485, .T. ) ;
#2040 = ORIENTED_EDGE ( 'NONE', *, *, #2525, .T. ) ;
#2041 = CARTESIAN_POINT ( 'NONE',  ( 4.240000000000000213, 0.1000000000000000056, -3.000000000000000000 ) ) ;
#2042 = SURFACE_STYLE_USAGE ( .BOTH. , #3725 ) ;
#2043 = CARTESIAN_POINT ( 'NONE',  ( 3.379999999999999449, -0.1000000000000000056, 2.542325799479218773 ) ) ;
#2044 =( NAMED_UNIT ( * ) SI_UNIT ( $, .STERADIAN. ) SOLID_ANGLE_UNIT ( ) );
#2045 = VERTEX_POINT ( 'NONE', #4073 ) ;
#2046 = CARTESIAN_POINT ( 'NONE',  ( 2.969999999999999751, -0.1000000000000000056, -3.000000000000000000 ) ) ;
#2047 = ORIENTED_EDGE ( 'NONE', *, *, #3002, .T. ) ;
#2048 = ADVANCED_FACE ( 'NONE', ( #9608 ), #8719, .T. ) ;
#2049 = VERTEX_POINT ( 'NONE', #5689 ) ;
#2050 = PLANE ( 'NONE',  #9188 ) ;
#2051 = CARTESIAN_POINT ( 'NONE',  ( 4.240000000000000213, 0.1000000000000000056, 2.542325799479218773 ) ) ;
#2052 = CARTESIAN_POINT ( 'NONE',  ( -1.700000000000001066, 0.1823257994792188419, 2.459999999999999964 ) ) ;
#2053 = CARTESIAN_POINT ( 'NONE',  ( -0.4300000000000007150, 0.6426742005207811692, 2.177674200520781422 ) ) ;
#2054 = CARTESIAN_POINT ( 'NONE',  ( 3.379999999999999449, -0.1000000000000000056, -2.542325799479218773 ) ) ;
#2055 = EDGE_LOOP ( 'NONE', ( #1032, #1397, #499, #733 ) ) ;
#2056 =( NAMED_UNIT ( * ) PLANE_ANGLE_UNIT ( ) SI_UNIT ( $, .RADIAN. ) );
#2057 = FILL_AREA_STYLE ('',( #4583 ) ) ;
#2058 = VERTEX_POINT ( 'NONE', #1487 ) ;
#2059 = ADVANCED_FACE ( 'NONE', ( #4706 ), #7927, .T. ) ;
#2060 = EDGE_CURVE ( 'NONE', #9913, #1342, #3546, .T. ) ;
#2061 = CARTESIAN_POINT ( 'NONE',  ( -0.4300000000000007150, 0.6426742005207811692, -2.459999999999999964 ) ) ;
#2062 = CARTESIAN_POINT ( 'NONE',  ( -5.000000000000000888, 0.9499999999999816369, -2.000000000000000000 ) ) ;
#2063 = FILL_AREA_STYLE ('',( #7575 ) ) ;
#2064 = PLANE ( 'NONE',  #8171 ) ;
#2065 = EDGE_LOOP ( 'NONE', ( #8982, #8963, #9870, #8439, #7564, #7773, #7941, #5518, #8367, #6297, #8510, #2760 ) ) ;
#2066 = VECTOR ( 'NONE', #1182, 1000.000000000000000 ) ;
#2067 = LINE ( 'NONE', #5275, #2548 ) ;
#2068 = VERTEX_POINT ( 'NONE', #3334 ) ;
#2069 = DIRECTION ( 'NONE',  ( -0.000000000000000000, -1.000000000000000000, -0.000000000000000000 ) ) ;
#2070 = CARTESIAN_POINT ( 'NONE',  ( -3.380000000000000338, 0.6426742005207811692, -2.260000000000000231 ) ) ;
#2071 = EDGE_CURVE ( 'NONE', #10332, #6606, #5757, .T. ) ;
#2072 = COLOUR_RGB ( '',0.7529411764705882248, 0.7529411764705882248, 0.7529411764705882248 ) ;
#2073 = SURFACE_SIDE_STYLE ('',( #6910 ) ) ;
#2074 = SURFACE_STYLE_USAGE ( .BOTH. , #8570 ) ;
#2075 = PLANE ( 'NONE',  #5361 ) ;
#2076 = CARTESIAN_POINT ( 'NONE',  ( 4.649999999999999467, 0.9250000000000000444, -2.000000000000000000 ) ) ;
#2077 = AXIS2_PLACEMENT_3D ( 'NONE', #8098, #9567, #5595 ) ;
#2078 = EDGE_LOOP ( 'NONE', ( #6209, #9491, #6084, #8779 ) ) ;
#2079 = PRESENTATION_STYLE_ASSIGNMENT (( #1282 ) ) ;
#2080 = DIRECTION ( 'NONE',  ( 0.000000000000000000, 0.000000000000000000, -1.000000000000000000 ) ) ;
#2081 = EDGE_CURVE ( 'NONE', #9287, #5445, #891, .T. ) ;
#2082 = PLANE ( 'NONE',  #3671 ) ;
#2083 = COLOUR_RGB ( '',0.7529411764705882248, 0.7529411764705882248, 0.7529411764705882248 ) ;
#2084 = DIRECTION ( 'NONE',  ( 0.000000000000000000, -1.000000000000000000, 0.000000000000000000 ) ) ;
#2085 = ORIENTED_EDGE ( 'NONE', *, *, #4993, .T. ) ;
#2086 = AXIS2_PLACEMENT_3D ( 'NONE', #8991, #859, #5704 ) ;
#2087 = STYLED_ITEM ( 'NONE', ( #3872 ), #9300 ) ;
#2088 = EDGE_CURVE ( 'NONE', #2058, #7931, #3381, .T. ) ;
#2089 = SURFACE_STYLE_USAGE ( .BOTH. , #9959 ) ;
#2090 = SURFACE_STYLE_FILL_AREA ( #1292 ) ;
#2091 = CARTESIAN_POINT ( 'NONE',  ( 0.4299999999999998268, -0.1000000000000000056, -2.542325799479218773 ) ) ;
#2092 = VERTEX_POINT ( 'NONE', #9813 ) ;
#2093 = DIRECTION ( 'NONE',  ( 0.000000000000000000, -0.000000000000000000, -1.000000000000000000 ) ) ;
#2094 = EDGE_LOOP ( 'NONE', ( #9180, #990, #6192, #677 ) ) ;
#2095 = ORIENTED_EDGE ( 'NONE', *, *, #6446, .T. ) ;
#2096 =( GEOMETRIC_REPRESENTATION_CONTEXT ( 3 ) GLOBAL_UNCERTAINTY_ASSIGNED_CONTEXT ( ( #2639 ) ) GLOBAL_UNIT_ASSIGNED_CONTEXT ( ( #10064, #6129, #9484 ) ) REPRESENTATION_CONTEXT ( 'NONE', 'WORKASPACE' ) );
#2097 = VECTOR ( 'NONE', #1916, 1000.000000000000000 ) ;
#2098 = ORIENTED_EDGE ( 'NONE', *, *, #144, .T. ) ;
#2099 =( GEOMETRIC_REPRESENTATION_CONTEXT ( 3 ) GLOBAL_UNCERTAINTY_ASSIGNED_CONTEXT ( ( #1168 ) ) GLOBAL_UNIT_ASSIGNED_CONTEXT ( ( #7513, #5937, #2002 ) ) REPRESENTATION_CONTEXT ( 'NONE', 'WORKASPACE' ) );
#2100 =( GEOMETRIC_REPRESENTATION_CONTEXT ( 3 ) GLOBAL_UNCERTAINTY_ASSIGNED_CONTEXT ( ( #9761 ) ) GLOBAL_UNIT_ASSIGNED_CONTEXT ( ( #8496, #344, #3549 ) ) REPRESENTATION_CONTEXT ( 'NONE', 'WORKASPACE' ) );
#2101 = CARTESIAN_POINT ( 'NONE',  ( -4.240000000000001101, 0.1000000000000000056, -2.542325799479218773 ) ) ;
#2102 =( LENGTH_UNIT ( ) NAMED_UNIT ( * ) SI_UNIT ( .MILLI., .METRE. ) );
#2103 = DIRECTION ( 'NONE',  ( -1.000000000000000000, 0.000000000000000000, 0.000000000000000000 ) ) ;
#2104 = PRESENTATION_LAYER_ASSIGNMENT (  '', '', ( #927 ) ) ;
#2105 = ORIENTED_EDGE ( 'NONE', *, *, #9804, .F. ) ;
#2106 = ORIENTED_EDGE ( 'NONE', *, *, #386, .T. ) ;
#2107 = COLOUR_RGB ( '',0.7529411764705882248, 0.7529411764705882248, 0.7529411764705882248 ) ;
#2108 = LINE ( 'NONE', #1357, #1764 ) ;
#2109 = VERTEX_POINT ( 'NONE', #2696 ) ;
#2110 = UNCERTAINTY_MEASURE_WITH_UNIT (LENGTH_MEASURE( 1.000000000000000082E-05 ), #2035, 'distance_accuracy_value', 'NONE');
#2111 = CARTESIAN_POINT ( 'NONE',  ( -2.110000000000000764, 0.9249999999999998224, 2.177674200520781422 ) ) ;
#2112 = STYLED_ITEM ( 'NONE', ( #4978 ), #6955 ) ;
#2113 = UNCERTAINTY_MEASURE_WITH_UNIT (LENGTH_MEASURE( 1.000000000000000082E-05 ), #5987, 'distance_accuracy_value', 'NONE');
#2114 = CIRCLE ( 'NONE', #8354, 0.08232579947921878083 ) ;
#2115 = DIRECTION ( 'NONE',  ( 0.000000000000000000, 0.000000000000000000, -1.000000000000000000 ) ) ;
#2116 = MECHANICAL_DESIGN_GEOMETRIC_PRESENTATION_REPRESENTATION (  '', ( #6981 ), #2960 ) ;
#2117 = VECTOR ( 'NONE', #2262, 1000.000000000000000 ) ;
#2118 = CARTESIAN_POINT ( 'NONE',  ( 2.109999999999999432, 0.1000000000000000056, 2.542325799479218773 ) ) ;
#2119 = ADVANCED_FACE ( 'NONE', ( #2591 ), #1748, .F. ) ;
#2120 = LINE ( 'NONE', #7801, #3939 ) ;
#2121 =( LENGTH_UNIT ( ) NAMED_UNIT ( * ) SI_UNIT ( .MILLI., .METRE. ) );
#2122 = LINE ( 'NONE', #10090, #9906 ) ;
#2123 = FILL_AREA_STYLE_COLOUR ( '', #9016 ) ;
#2124 = ORIENTED_EDGE ( 'NONE', *, *, #2235, .F. ) ;
#2125 = ORIENTED_EDGE ( 'NONE', *, *, #8090, .T. ) ;
#2126 = VERTEX_POINT ( 'NONE', #7518 ) ;
#2127 =( GEOMETRIC_REPRESENTATION_CONTEXT ( 3 ) GLOBAL_UNCERTAINTY_ASSIGNED_CONTEXT ( ( #6144 ) ) GLOBAL_UNIT_ASSIGNED_CONTEXT ( ( #10290, #7612, #3060 ) ) REPRESENTATION_CONTEXT ( 'NONE', 'WORKASPACE' ) );
#2128 = SURFACE_SIDE_STYLE ('',( #2975 ) ) ;
#2129 = UNCERTAINTY_MEASURE_WITH_UNIT (LENGTH_MEASURE( 1.000000000000000082E-05 ), #8935, 'distance_accuracy_value', 'NONE');
#2130 = DIRECTION ( 'NONE',  ( 0.000000000000000000, 0.000000000000000000, 1.000000000000000000 ) ) ;
#2131 = VECTOR ( 'NONE', #9583, 1000.000000000000000 ) ;
#2132 = DIRECTION ( 'NONE',  ( 0.000000000000000000, -1.000000000000000000, 0.000000000000000000 ) ) ;
#2133 = DIRECTION ( 'NONE',  ( -1.000000000000000000, -0.000000000000000000, -0.000000000000000000 ) ) ;
#2134 = LINE ( 'NONE', #2076, #6170 ) ;
#2135 = CIRCLE ( 'NONE', #9391, 0.08232579947921878083 ) ;
#2136 = EDGE_LOOP ( 'NONE', ( #3883, #3024, #233, #7689 ) ) ;
#2137 = CARTESIAN_POINT ( 'NONE',  ( 4.649999999999999467, -0.1000000000000000056, 3.000000000000000000 ) ) ;
#2138 = VERTEX_POINT ( 'NONE', #6629 ) ;
#2139 = PRESENTATION_LAYER_ASSIGNMENT (  '', '', ( #6667 ) ) ;
#2140 = CARTESIAN_POINT ( 'NONE',  ( -4.240000000000001101, 0.7249999999999999778, -2.000000000000000000 ) ) ;
#2141 =( GEOMETRIC_REPRESENTATION_CONTEXT ( 3 ) GLOBAL_UNCERTAINTY_ASSIGNED_CONTEXT ( ( #7697 ) ) GLOBAL_UNIT_ASSIGNED_CONTEXT ( ( #2542, #1898, #5683 ) ) REPRESENTATION_CONTEXT ( 'NONE', 'WORKASPACE' ) );
#2142 = PRESENTATION_STYLE_ASSIGNMENT (( #9482 ) ) ;
#2143 = CARTESIAN_POINT ( 'NONE',  ( 0.000000000000000000, 1.649999999999999911, -1.876571113504073018 ) ) ;
#2144 = SURFACE_STYLE_USAGE ( .BOTH. , #1288 ) ;
#2145 = ORIENTED_EDGE ( 'NONE', *, *, #119, .T. ) ;
#2146 = AXIS2_PLACEMENT_3D ( 'NONE', #8928, #5539, #4911 ) ;
#2147 = SURFACE_STYLE_USAGE ( .BOTH. , #1658 ) ;
#2148 = STYLED_ITEM ( 'NONE', ( #2189 ), #8018 ) ;
#2149 = EDGE_CURVE ( 'NONE', #2363, #3375, #340, .T. ) ;
#2150 = FILL_AREA_STYLE_COLOUR ( '', #8883 ) ;
#2151 = ORIENTED_EDGE ( 'NONE', *, *, #3179, .F. ) ;
#2152 = ORIENTED_EDGE ( 'NONE', *, *, #6242, .T. ) ;
#2153 = CARTESIAN_POINT ( 'NONE',  ( -0.4300000000000007150, 0.9250000000000000444, -2.000000000000000000 ) ) ;
#2154 = ORIENTED_EDGE ( 'NONE', *, *, #8216, .T. ) ;
#2155 = ORIENTED_EDGE ( 'NONE', *, *, #4913, .T. ) ;
#2156 = PLANE ( 'NONE',  #8755 ) ;
#2157 = UNCERTAINTY_MEASURE_WITH_UNIT (LENGTH_MEASURE( 1.000000000000000082E-05 ), #8004, 'distance_accuracy_value', 'NONE');
#2158 =( GEOMETRIC_REPRESENTATION_CONTEXT ( 3 ) GLOBAL_UNCERTAINTY_ASSIGNED_CONTEXT ( ( #3510 ) ) GLOBAL_UNIT_ASSIGNED_CONTEXT ( ( #5749, #866, #4829 ) ) REPRESENTATION_CONTEXT ( 'NONE', 'WORKASPACE' ) );
#2159 = ORIENTED_EDGE ( 'NONE', *, *, #1077, .T. ) ;
#2160 = COLOUR_RGB ( '',0.2509803921568627416, 0.2509803921568627416, 0.2509803921568627416 ) ;
#2161 = CARTESIAN_POINT ( 'NONE',  ( -4.240000000000001101, 0.1000000000000000056, 2.542325799479218773 ) ) ;
#2162 = FACE_OUTER_BOUND ( 'NONE', #10152, .T. ) ;
#2163 = SURFACE_STYLE_USAGE ( .BOTH. , #9399 ) ;
#2164 = VERTEX_POINT ( 'NONE', #4234 ) ;
#2165 = COLOUR_RGB ( '',0.7529411764705882248, 0.7529411764705882248, 0.7529411764705882248 ) ;
#2166 = DIRECTION ( 'NONE',  ( -1.000000000000000000, -0.000000000000000000, -0.000000000000000000 ) ) ;
#2167 = ORIENTED_EDGE ( 'NONE', *, *, #6396, .T. ) ;
#2168 = PRESENTATION_LAYER_ASSIGNMENT (  '', '', ( #9581 ) ) ;
#2169 = EDGE_CURVE ( 'NONE', #10283, #9960, #4958, .T. ) ;
#2170 = MECHANICAL_DESIGN_GEOMETRIC_PRESENTATION_REPRESENTATION (  '', ( #4699 ), #1503 ) ;
#2171 = AXIS2_PLACEMENT_3D ( 'NONE', #1928, #5333, #5914 ) ;
#2172 =( NAMED_UNIT ( * ) PLANE_ANGLE_UNIT ( ) SI_UNIT ( $, .RADIAN. ) );
#2173 =( GEOMETRIC_REPRESENTATION_CONTEXT ( 3 ) GLOBAL_UNCERTAINTY_ASSIGNED_CONTEXT ( ( #639 ) ) GLOBAL_UNIT_ASSIGNED_CONTEXT ( ( #6952, #1437, #1327 ) ) REPRESENTATION_CONTEXT ( 'NONE', 'WORKASPACE' ) );
#2174 = PRESENTATION_STYLE_ASSIGNMENT (( #3702 ) ) ;
#2175 = ORIENTED_EDGE ( 'NONE', *, *, #4067, .F. ) ;
#2176 = FILL_AREA_STYLE_COLOUR ( '', #1459 ) ;
#2177 = LINE ( 'NONE', #8038, #4123 ) ;
#2178 = VERTEX_POINT ( 'NONE', #10026 ) ;
#2179 = EDGE_LOOP ( 'NONE', ( #1873, #2893, #7497, #8028 ) ) ;
#2180 = ORIENTED_EDGE ( 'NONE', *, *, #1432, .F. ) ;
#2181 = EDGE_CURVE ( 'NONE', #7579, #2227, #3589, .T. ) ;
#2182 = AXIS2_PLACEMENT_3D ( 'NONE', #5657, #6387, #9624 ) ;
#2183 = SURFACE_STYLE_USAGE ( .BOTH. , #9420 ) ;
#2184 =( NAMED_UNIT ( * ) SI_UNIT ( $, .STERADIAN. ) SOLID_ANGLE_UNIT ( ) );
#2185 =( GEOMETRIC_REPRESENTATION_CONTEXT ( 3 ) GLOBAL_UNCERTAINTY_ASSIGNED_CONTEXT ( ( #3283 ) ) GLOBAL_UNIT_ASSIGNED_CONTEXT ( ( #820, #10324, #8003 ) ) REPRESENTATION_CONTEXT ( 'NONE', 'WORKASPACE' ) );
#2186 = DIRECTION ( 'NONE',  ( -1.000000000000000000, -0.000000000000000000, -0.000000000000000000 ) ) ;
#2187 = FILL_AREA_STYLE_COLOUR ( '', #7984 ) ;
#2188 = VERTEX_POINT ( 'NONE', #5260 ) ;
#2189 = PRESENTATION_STYLE_ASSIGNMENT (( #408 ) ) ;
#2190 = ORIENTED_EDGE ( 'NONE', *, *, #8860, .F. ) ;
#2191 = SURFACE_SIDE_STYLE ('',( #8628 ) ) ;
#2192 = ORIENTED_EDGE ( 'NONE', *, *, #7077, .T. ) ;
#2193 = STYLED_ITEM ( 'NONE', ( #8001 ), #2750 ) ;
#2194 = ADVANCED_FACE ( 'NONE', ( #1963 ), #9243, .T. ) ;
#2195 = EDGE_CURVE ( 'NONE', #9561, #7082, #5200, .T. ) ;
#2196 = DIRECTION ( 'NONE',  ( 1.000000000000000000, 0.000000000000000000, 0.000000000000000000 ) ) ;
#2197 = SURFACE_STYLE_USAGE ( .BOTH. , #7949 ) ;
#2198 = AXIS2_PLACEMENT_3D ( 'NONE', #8736, #7887, #4727 ) ;
#2199 = DIRECTION ( 'NONE',  ( -1.000000000000000000, 0.000000000000000000, 0.000000000000000000 ) ) ;
#2200 = ORIENTED_EDGE ( 'NONE', *, *, #4450, .F. ) ;
#2201 = LINE ( 'NONE', #6881, #412 ) ;
#2202 =( NAMED_UNIT ( * ) PLANE_ANGLE_UNIT ( ) SI_UNIT ( $, .RADIAN. ) );
#2203 = ORIENTED_EDGE ( 'NONE', *, *, #6554, .T. ) ;
#2204 = VERTEX_POINT ( 'NONE', #7451 ) ;
#2205 = CIRCLE ( 'NONE', #7067, 0.2823257994792188752 ) ;
#2206 = LINE ( 'NONE', #10385, #7235 ) ;
#2207 = VERTEX_POINT ( 'NONE', #1891 ) ;
#2208 = CARTESIAN_POINT ( 'NONE',  ( -4.650000000000000355, 0.6426742005207811692, -2.177674200520781422 ) ) ;
#2209 = CARTESIAN_POINT ( 'NONE',  ( -1.700000000000001066, 0.6426742005207811692, -2.177674200520781422 ) ) ;
#2210 = CARTESIAN_POINT ( 'NONE',  ( -1.700000000000001066, 0.1000000000000000056, -2.542325799479218773 ) ) ;
#2211 = PLANE ( 'NONE',  #1808 ) ;
#2212 = LINE ( 'NONE', #9456, #2117 ) ;
#2213 = VERTEX_POINT ( 'NONE', #4366 ) ;
#2214 = UNCERTAINTY_MEASURE_WITH_UNIT (LENGTH_MEASURE( 1.000000000000000082E-05 ), #1223, 'distance_accuracy_value', 'NONE');
#2215 = ORIENTED_EDGE ( 'NONE', *, *, #6903, .F. ) ;
#2216 = LINE ( 'NONE', #7794, #918 ) ;
#2217 = EDGE_CURVE ( 'NONE', #2049, #2528, #6611, .T. ) ;
#2218 = LINE ( 'NONE', #9645, #7680 ) ;
#2219 = FILL_AREA_STYLE ('',( #9463 ) ) ;
#2220 = FACE_OUTER_BOUND ( 'NONE', #7727, .T. ) ;
#2221 = CARTESIAN_POINT ( 'NONE',  ( 0.8399999999999996358, 0.6426742005207811692, 2.459999999999999964 ) ) ;
#2222 = ORIENTED_EDGE ( 'NONE', *, *, #9953, .F. ) ;
#2223 =( NAMED_UNIT ( * ) SI_UNIT ( $, .STERADIAN. ) SOLID_ANGLE_UNIT ( ) );
#2224 = PRESENTATION_STYLE_ASSIGNMENT (( #7221 ) ) ;
#2225 = ORIENTED_EDGE ( 'NONE', *, *, #8459, .T. ) ;
#2226 = FILL_AREA_STYLE_COLOUR ( '', #2789 ) ;
#2227 = VERTEX_POINT ( 'NONE', #8272 ) ;
#2228 = EDGE_LOOP ( 'NONE', ( #1835, #6617, #9366, #1489 ) ) ;
#2229 = CARTESIAN_POINT ( 'NONE',  ( -4.650000000000000355, -0.1000000000000000056, -3.000000000000000000 ) ) ;
#2230 = FACE_OUTER_BOUND ( 'NONE', #4851, .T. ) ;
#2231 = PRESENTATION_STYLE_ASSIGNMENT (( #5593 ) ) ;
#2232 = DIRECTION ( 'NONE',  ( 1.000000000000000000, 0.000000000000000000, 0.000000000000000000 ) ) ;
#2233 =( LENGTH_UNIT ( ) NAMED_UNIT ( * ) SI_UNIT ( .MILLI., .METRE. ) );
#2234 = PLANE ( 'NONE',  #2468 ) ;
#2235 = EDGE_CURVE ( 'NONE', #5165, #555, #5764, .T. ) ;
#2236 = ORIENTED_EDGE ( 'NONE', *, *, #1289, .T. ) ;
#2237 = CARTESIAN_POINT ( 'NONE',  ( 2.109999999999999432, 0.6426742005207811692, 2.177674200520781422 ) ) ;
#2238 = VECTOR ( 'NONE', #5101, 1000.000000000000000 ) ;
#2239 = VERTEX_POINT ( 'NONE', #268 ) ;
#2240 = CARTESIAN_POINT ( 'NONE',  ( 0.8399999999999996358, 0.6426742005207811692, -2.459999999999999964 ) ) ;
#2241 = CARTESIAN_POINT ( 'NONE',  ( -4.650000000000000355, 0.7249999999999999778, 2.000000000000000000 ) ) ;
#2242 = SURFACE_SIDE_STYLE ('',( #3937 ) ) ;
#2243 =( LENGTH_UNIT ( ) NAMED_UNIT ( * ) SI_UNIT ( .MILLI., .METRE. ) );
#2244 = EDGE_CURVE ( 'NONE', #7415, #3704, #3472, .T. ) ;
#2245 = FILL_AREA_STYLE ('',( #1518 ) ) ;
#2246 =( NAMED_UNIT ( * ) PLANE_ANGLE_UNIT ( ) SI_UNIT ( $, .RADIAN. ) );
#2247 = VERTEX_POINT ( 'NONE', #8319 ) ;
#2248 = VERTEX_POINT ( 'NONE', #4173 ) ;
#2249 = LINE ( 'NONE', #6283, #8093 ) ;
#2250 = ORIENTED_EDGE ( 'NONE', *, *, #2244, .F. ) ;
#2251 = ORIENTED_EDGE ( 'NONE', *, *, #3517, .T. ) ;
#2252 = CIRCLE ( 'NONE', #2077, 0.2823257994792188752 ) ;
#2253 = UNCERTAINTY_MEASURE_WITH_UNIT (LENGTH_MEASURE( 1.000000000000000082E-05 ), #2102, 'distance_accuracy_value', 'NONE');
#2254 = CARTESIAN_POINT ( 'NONE',  ( -2.970000000000000639, 0.1000000000000000056, -3.000000000000000000 ) ) ;
#2255 = UNCERTAINTY_MEASURE_WITH_UNIT (LENGTH_MEASURE( 1.000000000000000082E-05 ), #1602, 'distance_accuracy_value', 'NONE');
#2256 = VECTOR ( 'NONE', #2556, 1000.000000000000000 ) ;
#2257 = CARTESIAN_POINT ( 'NONE',  ( 2.969999999999999751, -0.1000000000000000056, 2.542325799479218773 ) ) ;
#2258 = EDGE_CURVE ( 'NONE', #6998, #2528, #7562, .T. ) ;
#2259 = EDGE_CURVE ( 'NONE', #7606, #2620, #984, .T. ) ;
#2260 =( LENGTH_UNIT ( ) NAMED_UNIT ( * ) SI_UNIT ( .MILLI., .METRE. ) );
#2261 = AXIS2_PLACEMENT_3D ( 'NONE', #6518, #8187, #9919 ) ;
#2262 = DIRECTION ( 'NONE',  ( -0.000000000000000000, -1.000000000000000000, -0.000000000000000000 ) ) ;
#2263 = ORIENTED_EDGE ( 'NONE', *, *, #8242, .F. ) ;
#2264 = AXIS2_PLACEMENT_3D ( 'NONE', #3918, #10307, #3076 ) ;
#2265 = PRESENTATION_LAYER_ASSIGNMENT (  '', '', ( #8836 ) ) ;
#2266 = ORIENTED_EDGE ( 'NONE', *, *, #4080, .F. ) ;
#2267 = SURFACE_SIDE_STYLE ('',( #7966 ) ) ;
#2268 = EDGE_CURVE ( 'NONE', #761, #3601, #6719, .T. ) ;
#2269 = COLOUR_RGB ( '',0.7529411764705882248, 0.7529411764705882248, 0.7529411764705882248 ) ;
#2270 = ORIENTED_EDGE ( 'NONE', *, *, #7368, .T. ) ;
#2271 = PRESENTATION_LAYER_ASSIGNMENT (  '', '', ( #5778 ) ) ;
#2272 = LINE ( 'NONE', #8122, #8562 ) ;
#2273 = DIRECTION ( 'NONE',  ( 0.000000000000000000, 0.000000000000000000, -1.000000000000000000 ) ) ;
#2274 = FILL_AREA_STYLE_COLOUR ( '', #1781 ) ;
#2275 = FILL_AREA_STYLE ('',( #3859 ) ) ;
#2276 = FACE_OUTER_BOUND ( 'NONE', #3728, .T. ) ;
#2277 = DIRECTION ( 'NONE',  ( 0.000000000000000000, 0.000000000000000000, -1.000000000000000000 ) ) ;
#2278 = ORIENTED_EDGE ( 'NONE', *, *, #3403, .T. ) ;
#2279 = EDGE_CURVE ( 'NONE', #4667, #3372, #177, .T. ) ;
#2280 = DIRECTION ( 'NONE',  ( -1.000000000000000000, 0.000000000000000000, -0.000000000000000000 ) ) ;
#2281 = VERTEX_POINT ( 'NONE', #9905 ) ;
#2282 = CIRCLE ( 'NONE', #1433, 0.08232579947921878083 ) ;
#2283 = COLOUR_RGB ( '',0.7529411764705882248, 0.7529411764705882248, 0.7529411764705882248 ) ;
#2284 = ORIENTED_EDGE ( 'NONE', *, *, #5384, .T. ) ;
#2285 =( NAMED_UNIT ( * ) SI_UNIT ( $, .STERADIAN. ) SOLID_ANGLE_UNIT ( ) );
#2286 = PRESENTATION_LAYER_ASSIGNMENT (  '', '', ( #6811 ) ) ;
#2287 = DIRECTION ( 'NONE',  ( 0.000000000000000000, 0.000000000000000000, -1.000000000000000000 ) ) ;
#2288 =( NAMED_UNIT ( * ) PLANE_ANGLE_UNIT ( ) SI_UNIT ( $, .RADIAN. ) );
#2289 = LINE ( 'NONE', #601, #8031 ) ;
#2290 = DIRECTION ( 'NONE',  ( -1.000000000000000000, -0.000000000000000000, -0.000000000000000000 ) ) ;
#2291 =( GEOMETRIC_REPRESENTATION_CONTEXT ( 3 ) GLOBAL_UNCERTAINTY_ASSIGNED_CONTEXT ( ( #1628 ) ) GLOBAL_UNIT_ASSIGNED_CONTEXT ( ( #3564, #8258, #4400 ) ) REPRESENTATION_CONTEXT ( 'NONE', 'WORKASPACE' ) );
#2292 = LINE ( 'NONE', #706, #2454 ) ;
#2293 = ORIENTED_EDGE ( 'NONE', *, *, #980, .T. ) ;
#2294 = AXIS2_PLACEMENT_3D ( 'NONE', #7535, #1012, #7583 ) ;
#2295 = CARTESIAN_POINT ( 'NONE',  ( 0.000000000000000000, 1.649999999999999911, 0.000000000000000000 ) ) ;
#2296 = VECTOR ( 'NONE', #3358, 1000.000000000000000 ) ;
#2297 = FACE_OUTER_BOUND ( 'NONE', #7017, .T. ) ;
#2298 =( GEOMETRIC_REPRESENTATION_CONTEXT ( 3 ) GLOBAL_UNCERTAINTY_ASSIGNED_CONTEXT ( ( #6572 ) ) GLOBAL_UNIT_ASSIGNED_CONTEXT ( ( #3281, #287, #138 ) ) REPRESENTATION_CONTEXT ( 'NONE', 'WORKASPACE' ) );
#2299 = DIRECTION ( 'NONE',  ( 0.000000000000000000, 0.000000000000000000, -1.000000000000000000 ) ) ;
#2300 = ORIENTED_EDGE ( 'NONE', *, *, #716, .T. ) ;
#2301 = COLOUR_RGB ( '',0.7529411764705882248, 0.7529411764705882248, 0.7529411764705882248 ) ;
#2302 = SURFACE_SIDE_STYLE ('',( #8740 ) ) ;
#2303 = CARTESIAN_POINT ( 'NONE',  ( 4.240000000000000213, 0.9249999999999998224, -2.177674200520781422 ) ) ;
#2304 = EDGE_CURVE ( 'NONE', #2647, #5248, #9225, .T. ) ;
#2305 = COLOUR_RGB ( '',0.7529411764705882248, 0.7529411764705882248, 0.7529411764705882248 ) ;
#2306 =( NAMED_UNIT ( * ) SI_UNIT ( $, .STERADIAN. ) SOLID_ANGLE_UNIT ( ) );
#2307 = VECTOR ( 'NONE', #9910, 1000.000000000000000 ) ;
#2308 = MECHANICAL_DESIGN_GEOMETRIC_PRESENTATION_REPRESENTATION (  '', ( #7852 ), #6318 ) ;
#2309 = DIRECTION ( 'NONE',  ( -1.000000000000000000, -0.000000000000000000, -0.000000000000000000 ) ) ;
#2310 =( NAMED_UNIT ( * ) PLANE_ANGLE_UNIT ( ) SI_UNIT ( $, .RADIAN. ) );
#2311 = FACE_OUTER_BOUND ( 'NONE', #546, .T. ) ;
#2312 = ORIENTED_EDGE ( 'NONE', *, *, #1539, .F. ) ;
#2313 = ORIENTED_EDGE ( 'NONE', *, *, #5910, .T. ) ;
#2314 = DIRECTION ( 'NONE',  ( -1.000000000000000000, -0.000000000000000000, -0.000000000000000000 ) ) ;
#2315 = ADVANCED_FACE ( 'NONE', ( #3368 ), #930, .T. ) ;
#2316 = FILL_AREA_STYLE_COLOUR ( '', #3964 ) ;
#2317 = PLANE ( 'NONE',  #170 ) ;
#2318 = CIRCLE ( 'NONE', #7624, 0.08232579947921878083 ) ;
#2319 = CARTESIAN_POINT ( 'NONE',  ( -0.4300000000000007150, 0.1000000000000000056, -2.542325799479218773 ) ) ;
#2320 = DIRECTION ( 'NONE',  ( 1.000000000000000000, 0.000000000000000000, 0.000000000000000000 ) ) ;
#2321 = CARTESIAN_POINT ( 'NONE',  ( -0.4300000000000007150, 0.9250000000000000444, -2.000000000000000000 ) ) ;
#2322 = ORIENTED_EDGE ( 'NONE', *, *, #8145, .F. ) ;
#2323 = ORIENTED_EDGE ( 'NONE', *, *, #9844, .T. ) ;
#2324 = EDGE_CURVE ( 'NONE', #3644, #1010, #1786, .T. ) ;
#2325 = DIRECTION ( 'NONE',  ( 0.000000000000000000, 0.000000000000000000, -1.000000000000000000 ) ) ;
#2326 = DIRECTION ( 'NONE',  ( 0.000000000000000000, 0.000000000000000000, 1.000000000000000000 ) ) ;
#2327 =( LENGTH_UNIT ( ) NAMED_UNIT ( * ) SI_UNIT ( .MILLI., .METRE. ) );
#2328 = PRESENTATION_LAYER_ASSIGNMENT (  '', '', ( #9915 ) ) ;
#2329 = CARTESIAN_POINT ( 'NONE',  ( 1.699999999999999734, -0.1000000000000000056, 3.000000000000000000 ) ) ;
#2330 = VECTOR ( 'NONE', #5703, 1000.000000000000000 ) ;
#2331 = CARTESIAN_POINT ( 'NONE',  ( 4.649999999999999467, 0.1823257994792188696, 2.259999999999999787 ) ) ;
#2332 = LINE ( 'NONE', #694, #9846 ) ;
#2333 = VERTEX_POINT ( 'NONE', #8223 ) ;
#2334 = VECTOR ( 'NONE', #371, 1000.000000000000000 ) ;
#2335 = FILL_AREA_STYLE ('',( #2226 ) ) ;
#2336 = ORIENTED_EDGE ( 'NONE', *, *, #3097, .T. ) ;
#2337 = APPLICATION_PROTOCOL_DEFINITION ( 'draft international standard', 'automotive_design', 1998, #10226 ) ;
#2338 = CIRCLE ( 'NONE', #7374, 0.08232579947921878083 ) ;
#2339 = PLANE ( 'NONE',  #4708 ) ;
#2340 = COLOUR_RGB ( '',0.7529411764705882248, 0.7529411764705882248, 0.7529411764705882248 ) ;
#2341 = EDGE_CURVE ( 'NONE', #5276, #9718, #1837, .T. ) ;
#2342 = CARTESIAN_POINT ( 'NONE',  ( 2.969999999999999751, -0.1000000000000000056, 2.542325799479218773 ) ) ;
#2343 = DIRECTION ( 'NONE',  ( 0.000000000000000000, 0.000000000000000000, 1.000000000000000000 ) ) ;
#2344 = VECTOR ( 'NONE', #9533, 1000.000000000000000 ) ;
#2345 = SURFACE_SIDE_STYLE ('',( #10424 ) ) ;
#2346 = FILL_AREA_STYLE ('',( #9618 ) ) ;
#2347 = VERTEX_POINT ( 'NONE', #10227 ) ;
#2348 = CARTESIAN_POINT ( 'NONE',  ( -2.970000000000000639, 0.9250000000000000444, -2.000000000000000000 ) ) ;
#2349 = AXIS2_PLACEMENT_3D ( 'NONE', #6565, #9806, #8913 ) ;
#2350 = VERTEX_POINT ( 'NONE', #614 ) ;
#2351 = PLANE ( 'NONE',  #6707 ) ;
#2352 = MECHANICAL_DESIGN_GEOMETRIC_PRESENTATION_REPRESENTATION (  '', ( #1320 ), #2013 ) ;
#2354 = MECHANICAL_DESIGN_GEOMETRIC_PRESENTATION_REPRESENTATION (  '', ( #8245 ), #1851 ) ;
#2353 = FILL_AREA_STYLE ('',( #7127 ) ) ;
#2355 = ADVANCED_FACE ( 'NONE', ( #9436 ), #6080, .F. ) ;
#2356 = FILL_AREA_STYLE_COLOUR ( '', #6204 ) ;
#2357 = STYLED_ITEM ( 'NONE', ( #8567 ), #4052 ) ;
#2358 = PRESENTATION_STYLE_ASSIGNMENT (( #4622 ) ) ;
#2359 = FILL_AREA_STYLE_COLOUR ( '', #6706 ) ;
#2360 = VECTOR ( 'NONE', #670, 1000.000000000000000 ) ;
#2361 = EDGE_CURVE ( 'NONE', #1268, #3745, #7655, .T. ) ;
#2362 = ORIENTED_EDGE ( 'NONE', *, *, #113, .F. ) ;
#2363 = VERTEX_POINT ( 'NONE', #6920 ) ;
#2364 = AXIS2_PLACEMENT_3D ( 'NONE', #3999, #7836, #623 ) ;
#2365 = UNCERTAINTY_MEASURE_WITH_UNIT (LENGTH_MEASURE( 1.000000000000000082E-05 ), #1757, 'distance_accuracy_value', 'NONE');
#2366 = DIRECTION ( 'NONE',  ( 0.000000000000000000, -1.000000000000000000, 0.000000000000000000 ) ) ;
#2367 = UNCERTAINTY_MEASURE_WITH_UNIT (LENGTH_MEASURE( 1.000000000000000082E-05 ), #8126, 'distance_accuracy_value', 'NONE');
#2368 = SURFACE_STYLE_USAGE ( .BOTH. , #7848 ) ;
#2369 = EDGE_CURVE ( 'NONE', #3838, #2733, #4568, .T. ) ;
#2370 = PLANE ( 'NONE',  #6647 ) ;
#2371 = VERTEX_POINT ( 'NONE', #7714 ) ;
#2372 =( NAMED_UNIT ( * ) PLANE_ANGLE_UNIT ( ) SI_UNIT ( $, .RADIAN. ) );
#2373 = ORIENTED_EDGE ( 'NONE', *, *, #2849, .T. ) ;
#2374 = UNCERTAINTY_MEASURE_WITH_UNIT (LENGTH_MEASURE( 1.000000000000000082E-05 ), #4997, 'distance_accuracy_value', 'NONE');
#2375 = CYLINDRICAL_SURFACE ( 'NONE', #7827, 0.2823257994792188752 ) ;
#2376 = CARTESIAN_POINT ( 'NONE',  ( -4.240000000000001101, 0.1000000000000000056, -3.000000000000000000 ) ) ;
#2377 = DIRECTION ( 'NONE',  ( -1.000000000000000000, -0.000000000000000000, -0.000000000000000000 ) ) ;
#2378 = LINE ( 'NONE', #5583, #94 ) ;
#2379 = CARTESIAN_POINT ( 'NONE',  ( 3.379999999999999449, 0.6426742005207811692, -2.459999999999999964 ) ) ;
#2380 = LINE ( 'NONE', #3967, #6193 ) ;
#2381 = FILL_AREA_STYLE_COLOUR ( '', #10159 ) ;
#2382 = ADVANCED_FACE ( 'NONE', ( #2039 ), #3624, .F. ) ;
#2383 = ORIENTED_EDGE ( 'NONE', *, *, #482, .T. ) ;
#2384 = ORIENTED_EDGE ( 'NONE', *, *, #6226, .F. ) ;
#2385 = UNCERTAINTY_MEASURE_WITH_UNIT (LENGTH_MEASURE( 1.000000000000000082E-05 ), #2121, 'distance_accuracy_value', 'NONE');
#2386 = DIRECTION ( 'NONE',  ( 0.000000000000000000, 0.000000000000000000, 1.000000000000000000 ) ) ;
#2387 = SURFACE_SIDE_STYLE ('',( #4026 ) ) ;
#2388 = SURFACE_SIDE_STYLE ('',( #9615 ) ) ;
#2389 = ORIENTED_EDGE ( 'NONE', *, *, #4644, .F. ) ;
#2390 =( NAMED_UNIT ( * ) SI_UNIT ( $, .STERADIAN. ) SOLID_ANGLE_UNIT ( ) );
#2391 = VERTEX_POINT ( 'NONE', #5247 ) ;
#2392 = EDGE_CURVE ( 'NONE', #4372, #439, #8478, .T. ) ;
#2393 = ORIENTED_EDGE ( 'NONE', *, *, #2524, .T. ) ;
#2394 = DIRECTION ( 'NONE',  ( 1.000000000000000000, 0.000000000000000000, 0.000000000000000000 ) ) ;
#2395 = DIRECTION ( 'NONE',  ( 0.000000000000000000, -1.000000000000000000, 0.000000000000000000 ) ) ;
#2396 = CARTESIAN_POINT ( 'NONE',  ( -4.240000000000001101, 0.6426742005207811692, -2.260000000000000231 ) ) ;
#2397 = CARTESIAN_POINT ( 'NONE',  ( 4.649999999999999467, 0.6426742005207811692, 2.459999999999999964 ) ) ;
#2398 = SURFACE_STYLE_FILL_AREA ( #1615 ) ;
#2399 =( NAMED_UNIT ( * ) SI_UNIT ( $, .STERADIAN. ) SOLID_ANGLE_UNIT ( ) );
#2400 = CARTESIAN_POINT ( 'NONE',  ( -2.970000000000000639, 0.1000000000000000056, -2.542325799479218773 ) ) ;
#2401 = CARTESIAN_POINT ( 'NONE',  ( -2.970000000000000639, 0.6426742005207811692, -2.177674200520781422 ) ) ;
#2402 = ORIENTED_EDGE ( 'NONE', *, *, #8861, .T. ) ;
#2403 = ADVANCED_FACE ( 'NONE', ( #4465 ), #5303, .F. ) ;
#2404 = ORIENTED_EDGE ( 'NONE', *, *, #6301, .T. ) ;
#2405 = CARTESIAN_POINT ( 'NONE',  ( -2.970000000000000639, 0.9250000000000000444, 2.000000000000000000 ) ) ;
#2406 =( NAMED_UNIT ( * ) PLANE_ANGLE_UNIT ( ) SI_UNIT ( $, .RADIAN. ) );
#2407 = AXIS2_PLACEMENT_3D ( 'NONE', #9680, #7038, #7846 ) ;
#2408 = EDGE_CURVE ( 'NONE', #6202, #2188, #8336, .T. ) ;
#2409 = VECTOR ( 'NONE', #7471, 1000.000000000000000 ) ;
#2410 = CIRCLE ( 'NONE', #8151, 0.08232579947921878083 ) ;
#2411 = PLANE ( 'NONE',  #7333 ) ;
#2412 = CARTESIAN_POINT ( 'NONE',  ( -0.4300000000000007150, 0.1000000000000000056, 2.542325799479218773 ) ) ;
#2413 =( NAMED_UNIT ( * ) PLANE_ANGLE_UNIT ( ) SI_UNIT ( $, .RADIAN. ) );
#2414 = ORIENTED_EDGE ( 'NONE', *, *, #875, .T. ) ;
#2415 = CIRCLE ( 'NONE', #8318, 0.08232579947921878083 ) ;
#2416 =( NAMED_UNIT ( * ) SI_UNIT ( $, .STERADIAN. ) SOLID_ANGLE_UNIT ( ) );
#2417 = ORIENTED_EDGE ( 'NONE', *, *, #6721, .T. ) ;
#2418 = CARTESIAN_POINT ( 'NONE',  ( 0.8399999999999996358, 0.1823257994792188419, -2.542325799479218773 ) ) ;
#2419 = CYLINDRICAL_SURFACE ( 'NONE', #2644, 0.2823257994792186532 ) ;
#2420 = EDGE_CURVE ( 'NONE', #5785, #6400, #7245, .T. ) ;
#2421 = STYLED_ITEM ( 'NONE', ( #9711 ), #1361 ) ;
#2422 = CIRCLE ( 'NONE', #4441, 0.2823257994792188752 ) ;
#2423 = DIRECTION ( 'NONE',  ( 0.000000000000000000, 0.000000000000000000, -1.000000000000000000 ) ) ;
#2424 = SURFACE_SIDE_STYLE ('',( #9648 ) ) ;
#2425 = STYLED_ITEM ( 'NONE', ( #2224 ), #6612 ) ;
#2426 =( GEOMETRIC_REPRESENTATION_CONTEXT ( 3 ) GLOBAL_UNCERTAINTY_ASSIGNED_CONTEXT ( ( #969 ) ) GLOBAL_UNIT_ASSIGNED_CONTEXT ( ( #1040, #9778, #5739 ) ) REPRESENTATION_CONTEXT ( 'NONE', 'WORKASPACE' ) );
#2427 = DIRECTION ( 'NONE',  ( 0.000000000000000000, 0.000000000000000000, -1.000000000000000000 ) ) ;
#2428 = FILL_AREA_STYLE_COLOUR ( '', #3141 ) ;
#2429 = ORIENTED_EDGE ( 'NONE', *, *, #3074, .F. ) ;
#2430 = VECTOR ( 'NONE', #6601, 1000.000000000000000 ) ;
#2431 = ORIENTED_EDGE ( 'NONE', *, *, #995, .F. ) ;
#2432 = DIRECTION ( 'NONE',  ( -0.000000000000000000, -1.000000000000000000, -0.000000000000000000 ) ) ;
#2433 =( GEOMETRIC_REPRESENTATION_CONTEXT ( 3 ) GLOBAL_UNCERTAINTY_ASSIGNED_CONTEXT ( ( #2129 ) ) GLOBAL_UNIT_ASSIGNED_CONTEXT ( ( #8935, #3237, #9562 ) ) REPRESENTATION_CONTEXT ( 'NONE', 'WORKASPACE' ) );
#2434 = CARTESIAN_POINT ( 'NONE',  ( 2.109999999999999432, 0.1823257994792188419, 2.542325799479218773 ) ) ;
#2435 = MECHANICAL_DESIGN_GEOMETRIC_PRESENTATION_REPRESENTATION (  '', ( #6285 ), #3782 ) ;
#2436 =( GEOMETRIC_REPRESENTATION_CONTEXT ( 3 ) GLOBAL_UNCERTAINTY_ASSIGNED_CONTEXT ( ( #8155 ) ) GLOBAL_UNIT_ASSIGNED_CONTEXT ( ( #9085, #9861, #996 ) ) REPRESENTATION_CONTEXT ( 'NONE', 'WORKASPACE' ) );
#2437 = EDGE_CURVE ( 'NONE', #1564, #8488, #7897, .T. ) ;
#2438 = VECTOR ( 'NONE', #4428, 1000.000000000000000 ) ;
#2439 = CARTESIAN_POINT ( 'NONE',  ( 0.8399999999999996358, 0.7249999999999999778, -2.000000000000000000 ) ) ;
#2440 = FILL_AREA_STYLE_COLOUR ( '', #2786 ) ;
#2441 =( NAMED_UNIT ( * ) PLANE_ANGLE_UNIT ( ) SI_UNIT ( $, .RADIAN. ) );
#2442 = CARTESIAN_POINT ( 'NONE',  ( -1.700000000000001066, -0.1000000000000000056, -3.000000000000000000 ) ) ;
#2443 = EDGE_LOOP ( 'NONE', ( #5612, #1976, #396, #10121, #3534, #10082, #10399, #2266, #2835, #10272, #3439, #7015 ) ) ;
#2444 = AXIS2_PLACEMENT_3D ( 'NONE', #3993, #914, #4093 ) ;
#2445 = COLOUR_RGB ( '',0.7529411764705882248, 0.7529411764705882248, 0.7529411764705882248 ) ;
#2446 =( NAMED_UNIT ( * ) PLANE_ANGLE_UNIT ( ) SI_UNIT ( $, .RADIAN. ) );
#2447 = AXIS2_PLACEMENT_3D ( 'NONE', #3518, #5758, #6710 ) ;
#2448 = COLOUR_RGB ( '',0.7529411764705882248, 0.7529411764705882248, 0.7529411764705882248 ) ;
#2449 = SURFACE_SIDE_STYLE ('',( #3394 ) ) ;
#2450 = ORIENTED_EDGE ( 'NONE', *, *, #4146, .T. ) ;
#2451 = CARTESIAN_POINT ( 'NONE',  ( -4.650000000000000355, 0.9250000000000000444, -2.000000000000000000 ) ) ;
#2452 = EDGE_CURVE ( 'NONE', #5561, #2213, #9679, .T. ) ;
#2453 = FILL_AREA_STYLE ('',( #1556 ) ) ;
#2454 = VECTOR ( 'NONE', #3134, 1000.000000000000000 ) ;
#2455 = EDGE_CURVE ( 'NONE', #7865, #2924, #10380, .T. ) ;
#2456 = VECTOR ( 'NONE', #6357, 1000.000000000000000 ) ;
#2457 = FILL_AREA_STYLE ('',( #2356 ) ) ;
#2458 = CARTESIAN_POINT ( 'NONE',  ( 4.649999999999999467, 0.1823257994792188419, -2.542325799479218773 ) ) ;
#2459 = CARTESIAN_POINT ( 'NONE',  ( -1.700000000000001066, -0.1000000000000000056, -2.542325799479218773 ) ) ;
#2460 = CIRCLE ( 'NONE', #3308, 0.08232579947921878083 ) ;
#2461 =( NAMED_UNIT ( * ) SI_UNIT ( $, .STERADIAN. ) SOLID_ANGLE_UNIT ( ) );
#2462 = DIRECTION ( 'NONE',  ( 1.000000000000000000, 0.000000000000000000, 0.000000000000000000 ) ) ;
#2463 = FILL_AREA_STYLE ('',( #868 ) ) ;
#2464 = FILL_AREA_STYLE_COLOUR ( '', #9883 ) ;
#2465 = PLANE ( 'NONE',  #9350 ) ;
#2466 = FACE_OUTER_BOUND ( 'NONE', #8420, .T. ) ;
#2467 = PLANE ( 'NONE',  #5140 ) ;
#2468 = AXIS2_PLACEMENT_3D ( 'NONE', #3880, #4605, #7940 ) ;
#2469 = PLANE ( 'NONE',  #2695 ) ;
#2470 = VERTEX_POINT ( 'NONE', #8844 ) ;
#2471 = CARTESIAN_POINT ( 'NONE',  ( -3.380000000000000338, 0.1823257994792188419, 2.542325799479218773 ) ) ;
#2472 =( NAMED_UNIT ( * ) PLANE_ANGLE_UNIT ( ) SI_UNIT ( $, .RADIAN. ) );
#2473 = UNCERTAINTY_MEASURE_WITH_UNIT (LENGTH_MEASURE( 1.000000000000000082E-05 ), #10406, 'distance_accuracy_value', 'NONE');
#2474 = CARTESIAN_POINT ( 'NONE',  ( 2.109999999999999432, 0.9249999999999998224, -2.177674200520781422 ) ) ;
#2475 = ADVANCED_FACE ( 'NONE', ( #8113 ), #8742, .F. ) ;
#2476 = FILL_AREA_STYLE_COLOUR ( '', #3147 ) ;
#2477 = SURFACE_STYLE_USAGE ( .BOTH. , #4995 ) ;
#2478 = MECHANICAL_DESIGN_GEOMETRIC_PRESENTATION_REPRESENTATION (  '', ( #8536 ), #6839 ) ;
#2479 = FACE_OUTER_BOUND ( 'NONE', #9374, .T. ) ;
#2480 = FACE_OUTER_BOUND ( 'NONE', #2094, .T. ) ;
#2481 = ORIENTED_EDGE ( 'NONE', *, *, #2554, .T. ) ;
#2482 = ORIENTED_EDGE ( 'NONE', *, *, #5949, .F. ) ;
#2483 = UNCERTAINTY_MEASURE_WITH_UNIT (LENGTH_MEASURE( 1.000000000000000082E-05 ), #4269, 'distance_accuracy_value', 'NONE');
#2484 = SURFACE_STYLE_USAGE ( .BOTH. , #6514 ) ;
#2485 = SURFACE_SIDE_STYLE ('',( #6623 ) ) ;
#2486 = AXIS2_PLACEMENT_3D ( 'NONE', #9765, #1958, #1087 ) ;
#2487 = FILL_AREA_STYLE_COLOUR ( '', #3330 ) ;
#2488 = FACE_OUTER_BOUND ( 'NONE', #6451, .T. ) ;
#2489 = FILL_AREA_STYLE ('',( #4120 ) ) ;
#2490 = PRESENTATION_STYLE_ASSIGNMENT (( #8813 ) ) ;
#2491 =( LENGTH_UNIT ( ) NAMED_UNIT ( * ) SI_UNIT ( .MILLI., .METRE. ) );
#2492 = DIRECTION ( 'NONE',  ( 0.000000000000000000, -0.1736481776669273613, -0.9848077530122085754 ) ) ;
#2493 = DIRECTION ( 'NONE',  ( 0.000000000000000000, -0.000000000000000000, -1.000000000000000000 ) ) ;
#2494 = ORIENTED_EDGE ( 'NONE', *, *, #6250, .F. ) ;
#2495 = VECTOR ( 'NONE', #6717, 1000.000000000000000 ) ;
#2496 = PRESENTATION_LAYER_ASSIGNMENT (  '', '', ( #9072 ) ) ;
#2497 = VERTEX_POINT ( 'NONE', #6334 ) ;
#2498 = APPLICATION_PROTOCOL_DEFINITION ( 'draft international standard', 'automotive_design', 1998, #6823 ) ;
#2499 =( NAMED_UNIT ( * ) PLANE_ANGLE_UNIT ( ) SI_UNIT ( $, .RADIAN. ) );
#2500 = MECHANICAL_DESIGN_GEOMETRIC_PRESENTATION_REPRESENTATION (  '', ( #964 ), #7191 ) ;
#2501 = CIRCLE ( 'NONE', #8398, 0.08232579947921878083 ) ;
#2502 = VECTOR ( 'NONE', #2287, 1000.000000000000000 ) ;
#2503 = CARTESIAN_POINT ( 'NONE',  ( 4.876571113504073018, 0.000000000000000000, 2.000000000000000000 ) ) ;
#2504 = SURFACE_STYLE_FILL_AREA ( #4028 ) ;
#2505 = DIRECTION ( 'NONE',  ( 0.000000000000000000, 1.000000000000000000, 0.000000000000000000 ) ) ;
#2506 = ORIENTED_EDGE ( 'NONE', *, *, #2304, .T. ) ;
#2507 = SURFACE_STYLE_FILL_AREA ( #7279 ) ;
#2508 = EDGE_CURVE ( 'NONE', #8105, #9132, #5571, .T. ) ;
#2509 =( NAMED_UNIT ( * ) SI_UNIT ( $, .STERADIAN. ) SOLID_ANGLE_UNIT ( ) );
#2510 = ORIENTED_EDGE ( 'NONE', *, *, #4067, .T. ) ;
#2511 = CARTESIAN_POINT ( 'NONE',  ( -1.700000000000001066, 0.9250000000000000444, 2.000000000000000000 ) ) ;
#2512 = AXIS2_PLACEMENT_3D ( 'NONE', #319, #3523, #1070 ) ;
#2513 = LINE ( 'NONE', #8951, #6365 ) ;
#2514 = CARTESIAN_POINT ( 'NONE',  ( -2.970000000000000639, 0.6426742005207811692, 2.177674200520781422 ) ) ;
#2515 = CARTESIAN_POINT ( 'NONE',  ( -2.970000000000000639, -0.1000000000000000056, -2.542325799479218773 ) ) ;
#2516 = LINE ( 'NONE', #8059, #9372 ) ;
#2517 = CARTESIAN_POINT ( 'NONE',  ( -4.240000000000001101, 0.1823257994792188419, 2.542325799479218773 ) ) ;
#2518 = FILL_AREA_STYLE_COLOUR ( '', #2165 ) ;
#2519 = COLOUR_RGB ( '',0.7529411764705882248, 0.7529411764705882248, 0.7529411764705882248 ) ;
#2520 = LINE ( 'NONE', #4981, #8728 ) ;
#2521 = PRESENTATION_LAYER_ASSIGNMENT (  '', '', ( #4025 ) ) ;
#2522 = CARTESIAN_POINT ( 'NONE',  ( 2.109999999999999432, 0.1000000000000000056, 3.000000000000000000 ) ) ;
#2523 = DIRECTION ( 'NONE',  ( -0.000000000000000000, 0.000000000000000000, -1.000000000000000000 ) ) ;
#2524 = EDGE_CURVE ( 'NONE', #10059, #2178, #7434, .T. ) ;
#2525 = EDGE_CURVE ( 'NONE', #7236, #722, #5394, .T. ) ;
#2526 =( NAMED_UNIT ( * ) PLANE_ANGLE_UNIT ( ) SI_UNIT ( $, .RADIAN. ) );
#2527 = STYLED_ITEM ( 'NONE', ( #654 ), #2965 ) ;
#2528 = VERTEX_POINT ( 'NONE', #6752 ) ;
#2529 = FACE_OUTER_BOUND ( 'NONE', #712, .T. ) ;
#2530 = DIRECTION ( 'NONE',  ( -0.000000000000000000, -1.000000000000000000, -0.000000000000000000 ) ) ;
#2531 = MECHANICAL_DESIGN_GEOMETRIC_PRESENTATION_REPRESENTATION (  '', ( #2357 ), #9272 ) ;
#2532 = VECTOR ( 'NONE', #8415, 1000.000000000000000 ) ;
#2533 = SURFACE_STYLE_USAGE ( .BOTH. , #4174 ) ;
#2534 = DIRECTION ( 'NONE',  ( -1.000000000000000000, -0.000000000000000000, -0.000000000000000000 ) ) ;
#2535 = PRESENTATION_STYLE_ASSIGNMENT (( #8022 ) ) ;
#2536 = FILL_AREA_STYLE_COLOUR ( '', #944 ) ;
#2537 = EDGE_CURVE ( 'NONE', #3704, #3069, #5046, .T. ) ;
#2538 = AXIS2_PLACEMENT_3D ( 'NONE', #5719, #873, #4102 ) ;
#2539 = PLANE ( 'NONE',  #118 ) ;
#2540 = VERTEX_POINT ( 'NONE', #2515 ) ;
#2541 =( LENGTH_UNIT ( ) NAMED_UNIT ( * ) SI_UNIT ( .MILLI., .METRE. ) );
#2542 =( LENGTH_UNIT ( ) NAMED_UNIT ( * ) SI_UNIT ( .MILLI., .METRE. ) );
#2543 = ADVANCED_FACE ( 'NONE', ( #5025 ), #3452, .F. ) ;
#2544 = SURFACE_SIDE_STYLE ('',( #7316 ) ) ;
#2545 = CARTESIAN_POINT ( 'NONE',  ( -4.240000000000001101, 0.1823257994792188419, 2.542325799479218773 ) ) ;
#2546 = FILL_AREA_STYLE ('',( #9032 ) ) ;
#2547 = ORIENTED_EDGE ( 'NONE', *, *, #7000, .F. ) ;
#2548 = VECTOR ( 'NONE', #6905, 1000.000000000000000 ) ;
#2549 = EDGE_CURVE ( 'NONE', #7416, #9236, #4976, .T. ) ;
#2550 = EDGE_LOOP ( 'NONE', ( #8487, #2746, #9800, #936 ) ) ;
#2551 = PLANE ( 'NONE',  #5116 ) ;
#2552 = FACE_OUTER_BOUND ( 'NONE', #2055, .T. ) ;
#2553 = LINE ( 'NONE', #3976, #4294 ) ;
#2554 = EDGE_CURVE ( 'NONE', #5054, #5833, #913, .T. ) ;
#2555 = LINE ( 'NONE', #6689, #6513 ) ;
#2556 = DIRECTION ( 'NONE',  ( -1.000000000000000000, -0.000000000000000000, -0.000000000000000000 ) ) ;
#2557 = ORIENTED_EDGE ( 'NONE', *, *, #10413, .T. ) ;
#2558 = ORIENTED_EDGE ( 'NONE', *, *, #1164, .T. ) ;
#2559 = CARTESIAN_POINT ( 'NONE',  ( 1.699999999999999734, -0.1000000000000000056, -2.542325799479218773 ) ) ;
#2560 = CARTESIAN_POINT ( 'NONE',  ( 0.8399999999999996358, 0.1000000000000000056, -3.000000000000000000 ) ) ;
#2561 =( NAMED_UNIT ( * ) SI_UNIT ( $, .STERADIAN. ) SOLID_ANGLE_UNIT ( ) );
#2562 =( NAMED_UNIT ( * ) PLANE_ANGLE_UNIT ( ) SI_UNIT ( $, .RADIAN. ) );
#2563 = EDGE_CURVE ( 'NONE', #9444, #4575, #9890, .T. ) ;
#2564 = CARTESIAN_POINT ( 'NONE',  ( -0.8400000000000005240, 0.1000000000000000056, 2.542325799479218773 ) ) ;
#2565 = DIRECTION ( 'NONE',  ( -1.000000000000000000, -0.000000000000000000, -0.000000000000000000 ) ) ;
#2566 = DIRECTION ( 'NONE',  ( -0.000000000000000000, -1.000000000000000000, -0.000000000000000000 ) ) ;
#2567 = SURFACE_SIDE_STYLE ('',( #7443 ) ) ;
#2568 =( NAMED_UNIT ( * ) PLANE_ANGLE_UNIT ( ) SI_UNIT ( $, .RADIAN. ) );
#2569 = ORIENTED_EDGE ( 'NONE', *, *, #5087, .T. ) ;
#2570 = DIRECTION ( 'NONE',  ( 0.000000000000000000, 0.000000000000000000, -1.000000000000000000 ) ) ;
#2571 = SURFACE_STYLE_USAGE ( .BOTH. , #9014 ) ;
#2572 = UNCERTAINTY_MEASURE_WITH_UNIT (LENGTH_MEASURE( 1.000000000000000082E-05 ), #5781, 'distance_accuracy_value', 'NONE');
#2573 = PRESENTATION_STYLE_ASSIGNMENT (( #117 ) ) ;
#2574 = EDGE_CURVE ( 'NONE', #6111, #2068, #5863, .T. ) ;
#2575 = FILL_AREA_STYLE ('',( #5725 ) ) ;
#2576 = FILL_AREA_STYLE ('',( #5726 ) ) ;
#2577 =( NAMED_UNIT ( * ) SI_UNIT ( $, .STERADIAN. ) SOLID_ANGLE_UNIT ( ) );
#2578 = ORIENTED_EDGE ( 'NONE', *, *, #2408, .T. ) ;
#2579 = MECHANICAL_DESIGN_GEOMETRIC_PRESENTATION_REPRESENTATION (  '', ( #3417 ), #7598 ) ;
#2580 = LINE ( 'NONE', #4180, #10207 ) ;
#2581 = ORIENTED_EDGE ( 'NONE', *, *, #8205, .F. ) ;
#2582 = AXIS2_PLACEMENT_3D ( 'NONE', #1090, #2838, #2692 ) ;
#2583 = UNCERTAINTY_MEASURE_WITH_UNIT (LENGTH_MEASURE( 1.000000000000000082E-05 ), #1355, 'distance_accuracy_value', 'NONE');
#2584 = CARTESIAN_POINT ( 'NONE',  ( 4.649999999999999467, 0.6426742005207811692, 2.260000000000000231 ) ) ;
#2585 = ADVANCED_FACE ( 'NONE', ( #5911 ), #7490, .F. ) ;
#2586 = EDGE_CURVE ( 'NONE', #8206, #9026, #3754, .T. ) ;
#2587 = LINE ( 'NONE', #8875, #6789 ) ;
#2588 = LINE ( 'NONE', #5734, #7898 ) ;
#2589 = PRESENTATION_LAYER_ASSIGNMENT (  '', '', ( #1403 ) ) ;
#2590 = ADVANCED_FACE ( 'NONE', ( #6865 ), #8621, .T. ) ;
#2591 = FACE_OUTER_BOUND ( 'NONE', #3618, .T. ) ;
#2592 = FILL_AREA_STYLE ('',( #1804 ) ) ;
#2593 = ORIENTED_EDGE ( 'NONE', *, *, #4953, .F. ) ;
#2594 = PRESENTATION_LAYER_ASSIGNMENT (  '', '', ( #3753 ) ) ;
#2595 = CARTESIAN_POINT ( 'NONE',  ( -4.733828711873328210, 2.459532387257030717, -1.733828711873326656 ) ) ;
#2596 = AXIS2_PLACEMENT_3D ( 'NONE', #4072, #9508, #3912 ) ;
#2597 = COLOUR_RGB ( '',0.7529411764705882248, 0.7529411764705882248, 0.7529411764705882248 ) ;
#2598 = VECTOR ( 'NONE', #5048, 1000.000000000000000 ) ;
#2599 = VECTOR ( 'NONE', #10416, 1000.000000000000000 ) ;
#2600 = CARTESIAN_POINT ( 'NONE',  ( 4.240000000000000213, 0.1823257994792188419, -2.542325799479218773 ) ) ;
#2601 = DIRECTION ( 'NONE',  ( 0.000000000000000000, -0.000000000000000000, -1.000000000000000000 ) ) ;
#2602 = AXIS2_PLACEMENT_3D ( 'NONE', #9376, #6915, #2299 ) ;
#2603 = CARTESIAN_POINT ( 'NONE',  ( 0.4299999999999998268, 0.7249999999999999778, -2.000000000000000000 ) ) ;
#2604 =( GEOMETRIC_REPRESENTATION_CONTEXT ( 3 ) GLOBAL_UNCERTAINTY_ASSIGNED_CONTEXT ( ( #4353 ) ) GLOBAL_UNIT_ASSIGNED_CONTEXT ( ( #5401, #3749, #2285 ) ) REPRESENTATION_CONTEXT ( 'NONE', 'WORKASPACE' ) );
#2605 = COLOUR_RGB ( '',0.7529411764705882248, 0.7529411764705882248, 0.7529411764705882248 ) ;
#2606 = ORIENTED_EDGE ( 'NONE', *, *, #4993, .F. ) ;
#2607 = DIRECTION ( 'NONE',  ( -0.000000000000000000, -1.000000000000000000, -0.000000000000000000 ) ) ;
#2608 = PRESENTATION_STYLE_ASSIGNMENT (( #7537 ) ) ;
#2609 = DIRECTION ( 'NONE',  ( 0.000000000000000000, 0.000000000000000000, -1.000000000000000000 ) ) ;
#2610 = CARTESIAN_POINT ( 'NONE',  ( -1.700000000000001510, 0.9250000000000000444, -2.000000000000000000 ) ) ;
#2611 = CARTESIAN_POINT ( 'NONE',  ( -3.380000000000000338, -0.1000000000000000056, -3.000000000000000000 ) ) ;
#2612 = PRESENTATION_LAYER_ASSIGNMENT (  '', '', ( #1604 ) ) ;
#2613 = SURFACE_STYLE_FILL_AREA ( #3353 ) ;
#2614 = VECTOR ( 'NONE', #6288, 1000.000000000000000 ) ;
#2615 = CARTESIAN_POINT ( 'NONE',  ( -4.650000000000000355, 0.1000000000000000056, -3.000000000000000000 ) ) ;
#2616 = FILL_AREA_STYLE_COLOUR ( '', #1801 ) ;
#2617 = DIRECTION ( 'NONE',  ( 1.000000000000000000, 0.000000000000000000, 0.000000000000000000 ) ) ;
#2618 = FACE_OUTER_BOUND ( 'NONE', #8121, .T. ) ;
#2619 = CARTESIAN_POINT ( 'NONE',  ( 0.4299999999999998268, 0.7249999999999999778, 2.000000000000000000 ) ) ;
#2620 = VERTEX_POINT ( 'NONE', #7638 ) ;
#2621 = LINE ( 'NONE', #7596, #3852 ) ;
#2622 =( NAMED_UNIT ( * ) PLANE_ANGLE_UNIT ( ) SI_UNIT ( $, .RADIAN. ) );
#2623 = COLOUR_RGB ( '',0.7529411764705882248, 0.7529411764705882248, 0.7529411764705882248 ) ;
#2624 = CARTESIAN_POINT ( 'NONE',  ( 0.8399999999999996358, 0.7249999999999999778, 2.000000000000000000 ) ) ;
#2625 = STYLED_ITEM ( 'NONE', ( #7322 ), #5552 ) ;
#2626 = MECHANICAL_DESIGN_GEOMETRIC_PRESENTATION_REPRESENTATION (  '', ( #4151 ), #2291 ) ;
#2627 =( NAMED_UNIT ( * ) SI_UNIT ( $, .STERADIAN. ) SOLID_ANGLE_UNIT ( ) );
#2628 = PLANE ( 'NONE',  #4319 ) ;
#2629 = VERTEX_POINT ( 'NONE', #7813 ) ;
#2630 = STYLED_ITEM ( 'NONE', ( #5092 ), #5855 ) ;
#2631 = CARTESIAN_POINT ( 'NONE',  ( 1.699999999999999734, 0.6426742005207811692, -2.260000000000000231 ) ) ;
#2632 = ORIENTED_EDGE ( 'NONE', *, *, #8666, .T. ) ;
#2633 = EDGE_CURVE ( 'NONE', #10059, #6933, #6804, .T. ) ;
#2634 = PRESENTATION_STYLE_ASSIGNMENT (( #4068 ) ) ;
#2635 = SURFACE_STYLE_USAGE ( .BOTH. , #3423 ) ;
#2636 = FACE_OUTER_BOUND ( 'NONE', #3560, .T. ) ;
#2637 = PRESENTATION_STYLE_ASSIGNMENT (( #6579 ) ) ;
#2638 = ORIENTED_EDGE ( 'NONE', *, *, #4856, .F. ) ;
#2639 = UNCERTAINTY_MEASURE_WITH_UNIT (LENGTH_MEASURE( 1.000000000000000082E-05 ), #10064, 'distance_accuracy_value', 'NONE');
#2640 = ORIENTED_EDGE ( 'NONE', *, *, #5840, .F. ) ;
#2641 = EDGE_CURVE ( 'NONE', #3325, #6487, #1167, .T. ) ;
#2642 = AXIS2_PLACEMENT_3D ( 'NONE', #541, #6943, #5389 ) ;
#2643 = VECTOR ( 'NONE', #5676, 1000.000000000000000 ) ;
#2644 = AXIS2_PLACEMENT_3D ( 'NONE', #6677, #7419, #6625 ) ;
#2645 = ORIENTED_EDGE ( 'NONE', *, *, #6404, .F. ) ;
#2646 =( NAMED_UNIT ( * ) SI_UNIT ( $, .STERADIAN. ) SOLID_ANGLE_UNIT ( ) );
#2647 = VERTEX_POINT ( 'NONE', #4398 ) ;
#2648 = VECTOR ( 'NONE', #5239, 1000.000000000000000 ) ;
#2649 = FILL_AREA_STYLE ('',( #296 ) ) ;
#2650 = CARTESIAN_POINT ( 'NONE',  ( 0.8399999999999996358, 0.7249999999999999778, -2.000000000000000000 ) ) ;
#2651 = ORIENTED_EDGE ( 'NONE', *, *, #6333, .T. ) ;
#2652 = DIRECTION ( 'NONE',  ( -0.000000000000000000, 0.000000000000000000, -1.000000000000000000 ) ) ;
#2653 = ORIENTED_EDGE ( 'NONE', *, *, #4580, .F. ) ;
#2654 = PRESENTATION_STYLE_ASSIGNMENT (( #5129 ) ) ;
#2655 = COLOUR_RGB ( '',0.7529411764705882248, 0.7529411764705882248, 0.7529411764705882248 ) ;
#2656 = LINE ( 'NONE', #3561, #343 ) ;
#2657 = PRESENTATION_LAYER_ASSIGNMENT (  '', '', ( #10245 ) ) ;
#2658 = SURFACE_STYLE_FILL_AREA ( #7432 ) ;
#2659 = CARTESIAN_POINT ( 'NONE',  ( 0.8399999999999996358, -0.1000000000000000056, 3.000000000000000000 ) ) ;
#2660 = VECTOR ( 'NONE', #8655, 1000.000000000000000 ) ;
#2661 = CARTESIAN_POINT ( 'NONE',  ( -0.4300000000000007150, 0.6426742005207811692, -2.459999999999999964 ) ) ;
#2662 = UNCERTAINTY_MEASURE_WITH_UNIT (LENGTH_MEASURE( 1.000000000000000082E-05 ), #4351, 'distance_accuracy_value', 'NONE');
#2663 =( NAMED_UNIT ( * ) SI_UNIT ( $, .STERADIAN. ) SOLID_ANGLE_UNIT ( ) );
#2664 = DIRECTION ( 'NONE',  ( -1.000000000000000000, -0.000000000000000000, -0.000000000000000000 ) ) ;
#2665 = DIRECTION ( 'NONE',  ( 0.000000000000000000, 0.000000000000000000, 1.000000000000000000 ) ) ;
#2666 = LINE ( 'NONE', #9412, #615 ) ;
#2667 = AXIS2_PLACEMENT_3D ( 'NONE', #4587, #8032, #2326 ) ;
#2668 = PRESENTATION_LAYER_ASSIGNMENT (  '', '', ( #7200 ) ) ;
#2669 = SURFACE_STYLE_FILL_AREA ( #5666 ) ;
#2670 = CARTESIAN_POINT ( 'NONE',  ( 2.109999999999999432, -0.1000000000000000056, 2.542325799479218773 ) ) ;
#2671 = MECHANICAL_DESIGN_GEOMETRIC_PRESENTATION_REPRESENTATION (  '', ( #7029 ), #4019 ) ;
#2672 = PRESENTATION_STYLE_ASSIGNMENT (( #4360 ) ) ;
#2673 = ORIENTED_EDGE ( 'NONE', *, *, #7074, .F. ) ;
#2674 =( GEOMETRIC_REPRESENTATION_CONTEXT ( 3 ) GLOBAL_UNCERTAINTY_ASSIGNED_CONTEXT ( ( #4129 ) ) GLOBAL_UNIT_ASSIGNED_CONTEXT ( ( #5413, #7712, #6273 ) ) REPRESENTATION_CONTEXT ( 'NONE', 'WORKASPACE' ) );
#2675 = FACE_OUTER_BOUND ( 'NONE', #7472, .T. ) ;
#2676 = LINE ( 'NONE', #416, #8390 ) ;
#2677 = CARTESIAN_POINT ( 'NONE',  ( 4.821641889396032887, 1.961519110049632753, 1.821641889396033775 ) ) ;
#2678 = VECTOR ( 'NONE', #4971, 1000.000000000000000 ) ;
#2679 = ADVANCED_FACE ( 'NONE', ( #3664 ), #2914, .F. ) ;
#2680 = CARTESIAN_POINT ( 'NONE',  ( -4.240000000000001101, -0.1000000000000000056, -3.000000000000000000 ) ) ;
#2681 = VECTOR ( 'NONE', #6862, 1000.000000000000000 ) ;
#2682 = AXIS2_PLACEMENT_3D ( 'NONE', #6988, #2320, #730 ) ;
#2683 =( NAMED_UNIT ( * ) PLANE_ANGLE_UNIT ( ) SI_UNIT ( $, .RADIAN. ) );
#2684 = ORIENTED_EDGE ( 'NONE', *, *, #9289, .T. ) ;
#2685 = CARTESIAN_POINT ( 'NONE',  ( 3.379999999999999449, 0.1000000000000000056, 2.542325799479218773 ) ) ;
#2686 = VERTEX_POINT ( 'NONE', #1514 ) ;
#2687 = ORIENTED_EDGE ( 'NONE', *, *, #7557, .T. ) ;
#2688 =( GEOMETRIC_REPRESENTATION_CONTEXT ( 3 ) GLOBAL_UNCERTAINTY_ASSIGNED_CONTEXT ( ( #10312 ) ) GLOBAL_UNIT_ASSIGNED_CONTEXT ( ( #10067, #7658, #1078 ) ) REPRESENTATION_CONTEXT ( 'NONE', 'WORKASPACE' ) );
#2689 = MECHANICAL_DESIGN_GEOMETRIC_PRESENTATION_REPRESENTATION (  '', ( #4375 ), #3701 ) ;
#2690 = PRESENTATION_LAYER_ASSIGNMENT (  '', '', ( #2014 ) ) ;
#2691 = FILL_AREA_STYLE_COLOUR ( '', #4675 ) ;
#2692 = DIRECTION ( 'NONE',  ( 0.000000000000000000, 0.000000000000000000, 1.000000000000000000 ) ) ;
#2693 = EDGE_CURVE ( 'NONE', #4667, #7324, #1386, .T. ) ;
#2694 = CARTESIAN_POINT ( 'NONE',  ( -4.240000000000001101, 0.7249999999999998668, -2.177674200520781422 ) ) ;
#2695 = AXIS2_PLACEMENT_3D ( 'NONE', #9746, #4164, #5759 ) ;
#2696 = CARTESIAN_POINT ( 'NONE',  ( 2.109999999999999432, 0.6426742005207811692, -2.459999999999999964 ) ) ;
#2697 = ORIENTED_EDGE ( 'NONE', *, *, #5358, .F. ) ;
#2698 = ORIENTED_EDGE ( 'NONE', *, *, #8624, .F. ) ;
#2699 = SURFACE_STYLE_FILL_AREA ( #1864 ) ;
#2700 = CARTESIAN_POINT ( 'NONE',  ( 0.8399999999999996358, -0.1000000000000000056, 2.542325799479218773 ) ) ;
#2701 = CARTESIAN_POINT ( 'NONE',  ( -2.110000000000000764, 0.9250000000000000444, 2.000000000000000000 ) ) ;
#2702 = ADVANCED_FACE ( 'NONE', ( #6918 ), #7826, .T. ) ;
#2703 = DIRECTION ( 'NONE',  ( 0.000000000000000000, -0.000000000000000000, -1.000000000000000000 ) ) ;
#2704 = VECTOR ( 'NONE', #4345, 1000.000000000000000 ) ;
#2705 = EDGE_LOOP ( 'NONE', ( #6341, #1712, #6234, #764 ) ) ;
#2706 = CARTESIAN_POINT ( 'NONE',  ( 4.999999999999999112, 0.9499999999999816369, 2.000000000000000000 ) ) ;
#2707 = ORIENTED_EDGE ( 'NONE', *, *, #5236, .T. ) ;
#2708 = SURFACE_SIDE_STYLE ('',( #3446 ) ) ;
#2709 =( LENGTH_UNIT ( ) NAMED_UNIT ( * ) SI_UNIT ( .MILLI., .METRE. ) );
#2710 = CYLINDRICAL_SURFACE ( 'NONE', #3360, 0.2823257994792188752 ) ;
#2711 = DIRECTION ( 'NONE',  ( -1.000000000000000000, 0.000000000000000000, -0.000000000000000000 ) ) ;
#2712 =( LENGTH_UNIT ( ) NAMED_UNIT ( * ) SI_UNIT ( .MILLI., .METRE. ) );
#2713 = PLANE ( 'NONE',  #3262 ) ;
#2714 = DIRECTION ( 'NONE',  ( 0.000000000000000000, -1.000000000000000000, 0.000000000000000000 ) ) ;
#2715 = CARTESIAN_POINT ( 'NONE',  ( 4.649999999999999467, -0.1000000000000000056, -2.542325799479218773 ) ) ;
#2716 = ORIENTED_EDGE ( 'NONE', *, *, #7405, .T. ) ;
#2717 = CARTESIAN_POINT ( 'NONE',  ( -4.240000000000001101, 0.6426742005207811692, 2.459999999999999964 ) ) ;
#2718 = EDGE_CURVE ( 'NONE', #3236, #2045, #3936, .T. ) ;
#2719 = DIRECTION ( 'NONE',  ( 0.000000000000000000, 0.000000000000000000, 1.000000000000000000 ) ) ;
#2720 = LINE ( 'NONE', #169, #598 ) ;
#2721 = ORIENTED_EDGE ( 'NONE', *, *, #2969, .T. ) ;
#2722 = CARTESIAN_POINT ( 'NONE',  ( 2.109999999999999876, 0.7249999999999999778, -2.000000000000000000 ) ) ;
#2723 = DIRECTION ( 'NONE',  ( 0.000000000000000000, -0.000000000000000000, 1.000000000000000000 ) ) ;
#2724 = FACE_OUTER_BOUND ( 'NONE', #2228, .T. ) ;
#2725 = DIRECTION ( 'NONE',  ( -0.1710878697460334052, 0.9702875252478146972, -0.1710878697460334052 ) ) ;
#2726 =( LENGTH_UNIT ( ) NAMED_UNIT ( * ) SI_UNIT ( .MILLI., .METRE. ) );
#2727 = EDGE_CURVE ( 'NONE', #6315, #4523, #4676, .T. ) ;
#2728 = SURFACE_STYLE_USAGE ( .BOTH. , #9330 ) ;
#2729 = ORIENTED_EDGE ( 'NONE', *, *, #7087, .T. ) ;
#2730 = SURFACE_STYLE_FILL_AREA ( #3631 ) ;
#2731 = ORIENTED_EDGE ( 'NONE', *, *, #8976, .T. ) ;
#2732 = ORIENTED_EDGE ( 'NONE', *, *, #6404, .T. ) ;
#2733 = VERTEX_POINT ( 'NONE', #2303 ) ;
#2734 = ADVANCED_FACE ( 'NONE', ( #515 ), #10376, .F. ) ;
#2735 = SURFACE_STYLE_FILL_AREA ( #9966 ) ;
#2736 = DIRECTION ( 'NONE',  ( 0.000000000000000000, 0.000000000000000000, 1.000000000000000000 ) ) ;
#2737 = CYLINDRICAL_SURFACE ( 'NONE', #1454, 0.2823257994792186532 ) ;
#2738 = CARTESIAN_POINT ( 'NONE',  ( 2.109999999999999432, 0.6426742005207811692, 2.260000000000000231 ) ) ;
#2739 = DIRECTION ( 'NONE',  ( 0.000000000000000000, 0.000000000000000000, -1.000000000000000000 ) ) ;
#2740 = COLOUR_RGB ( '',0.7529411764705882248, 0.7529411764705882248, 0.7529411764705882248 ) ;
#2741 = CARTESIAN_POINT ( 'NONE',  ( 2.109999999999999432, 0.7249999999999998668, 2.177674200520781422 ) ) ;
#2742 = CARTESIAN_POINT ( 'NONE',  ( 0.8399999999999996358, 0.9250000000000000444, 2.000000000000000000 ) ) ;
#2743 = SURFACE_SIDE_STYLE ('',( #9978 ) ) ;
#2744 = FILL_AREA_STYLE_COLOUR ( '', #6260 ) ;
#2745 = CARTESIAN_POINT ( 'NONE',  ( 2.109999999999999432, 0.6426742005207811692, 2.260000000000000231 ) ) ;
#2746 = ORIENTED_EDGE ( 'NONE', *, *, #6685, .F. ) ;
#2747 = MECHANICAL_DESIGN_GEOMETRIC_PRESENTATION_REPRESENTATION (  '', ( #1403 ), #1576 ) ;
#2748 = ORIENTED_EDGE ( 'NONE', *, *, #795, .T. ) ;
#2749 = LINE ( 'NONE', #5965, #1613 ) ;
#2750 = ADVANCED_FACE ( 'NONE', ( #4566 ), #7767, .F. ) ;
#2751 = LINE ( 'NONE', #3504, #3696 ) ;
#2752 = AXIS2_PLACEMENT_3D ( 'NONE', #2933, #4723, #8532 ) ;
#2753 = CARTESIAN_POINT ( 'NONE',  ( 3.379999999999999449, -0.1000000000000000056, -2.542325799479218773 ) ) ;
#2754 = FACE_OUTER_BOUND ( 'NONE', #4229, .T. ) ;
#2755 = DIRECTION ( 'NONE',  ( -1.000000000000000000, -0.000000000000000000, -0.000000000000000000 ) ) ;
#2756 = STYLED_ITEM ( 'NONE', ( #7467 ), #1378 ) ;
#2757 = FACE_OUTER_BOUND ( 'NONE', #3193, .T. ) ;
#2758 = SURFACE_SIDE_STYLE ('',( #2917 ) ) ;
#2759 = CARTESIAN_POINT ( 'NONE',  ( 4.649999999999999467, 0.7249999999999998668, 2.177674200520781422 ) ) ;
#2760 = ORIENTED_EDGE ( 'NONE', *, *, #3291, .T. ) ;
#2761 = MECHANICAL_DESIGN_GEOMETRIC_PRESENTATION_REPRESENTATION (  '', ( #7469 ), #5289 ) ;
#2762 = VECTOR ( 'NONE', #1311, 1000.000000000000000 ) ;
#2763 = FILL_AREA_STYLE_COLOUR ( '', #910 ) ;
#2764 = CARTESIAN_POINT ( 'NONE',  ( 4.739340130342050372, 2.428275579895048164, 1.189715303480948227 ) ) ;
#2765 = COLOUR_RGB ( '',0.7529411764705882248, 0.7529411764705882248, 0.7529411764705882248 ) ;
#2766 = CARTESIAN_POINT ( 'NONE',  ( -2.970000000000000639, 0.9249999999999998224, -2.177674200520781422 ) ) ;
#2767 = EDGE_LOOP ( 'NONE', ( #10017, #125, #1732, #3039, #5233, #6224, #6690, #2948, #7677, #8327, #8446, #7954 ) ) ;
#2768 = EDGE_CURVE ( 'NONE', #2793, #4427, #7286, .T. ) ;
#2769 = DIRECTION ( 'NONE',  ( -1.000000000000000000, -0.000000000000000000, -0.000000000000000000 ) ) ;
#2770 = PLANE ( 'NONE',  #8072 ) ;
#2771 =( NAMED_UNIT ( * ) PLANE_ANGLE_UNIT ( ) SI_UNIT ( $, .RADIAN. ) );
#2772 = PLANE ( 'NONE',  #6014 ) ;
#2773 = COLOUR_RGB ( '',0.7529411764705882248, 0.7529411764705882248, 0.7529411764705882248 ) ;
#2774 = AXIS2_PLACEMENT_3D ( 'NONE', #9526, #660, #8785 ) ;
#2775 = CIRCLE ( 'NONE', #7820, 0.08232579947921878083 ) ;
#2776 = VECTOR ( 'NONE', #8804, 1000.000000000000000 ) ;
#2777 = CARTESIAN_POINT ( 'NONE',  ( -0.4300000000000007150, -0.1000000000000000056, -2.542325799479218773 ) ) ;
#2778 = CARTESIAN_POINT ( 'NONE',  ( 0.8399999999999996358, 0.1823257994792188419, -2.459999999999999964 ) ) ;
#2779 = ORIENTED_EDGE ( 'NONE', *, *, #10075, .F. ) ;
#2780 = STYLED_ITEM ( 'NONE', ( #6156 ), #6868 ) ;
#2781 = VERTEX_POINT ( 'NONE', #7187 ) ;
#2782 = STYLED_ITEM ( 'NONE', ( #2573 ), #10058 ) ;
#2783 = EDGE_LOOP ( 'NONE', ( #7531, #7594, #1563, #8498, #2105, #525, #2632, #3419, #5677, #8313, #2278, #10244 ) ) ;
#2784 = VERTEX_POINT ( 'NONE', #4038 ) ;
#2785 = CARTESIAN_POINT ( 'NONE',  ( -5.000000000000000888, 1.649999999999999911, 2.000000000000000000 ) ) ;
#2786 = COLOUR_RGB ( '',0.2509803921568627416, 0.2509803921568627416, 0.2509803921568627416 ) ;
#2787 = VECTOR ( 'NONE', #909, 1000.000000000000000 ) ;
#2788 =( LENGTH_UNIT ( ) NAMED_UNIT ( * ) SI_UNIT ( .MILLI., .METRE. ) );
#2789 = COLOUR_RGB ( '',0.7529411764705882248, 0.7529411764705882248, 0.7529411764705882248 ) ;
#2790 = DIRECTION ( 'NONE',  ( 0.000000000000000000, 0.000000000000000000, -1.000000000000000000 ) ) ;
#2791 = AXIS2_PLACEMENT_3D ( 'NONE', #8339, #1094, #4331 ) ;
#2792 = PRESENTATION_STYLE_ASSIGNMENT (( #5218 ) ) ;
#2793 = VERTEX_POINT ( 'NONE', #5 ) ;
#2794 = DIRECTION ( 'NONE',  ( 0.000000000000000000, -1.000000000000000000, 0.000000000000000000 ) ) ;
#2795 = VECTOR ( 'NONE', #6475, 1000.000000000000000 ) ;
#2796 = FILL_AREA_STYLE ('',( #2955 ) ) ;
#2797 = MECHANICAL_DESIGN_GEOMETRIC_PRESENTATION_REPRESENTATION (  '', ( #3983 ), #4166 ) ;
#2798 = AXIS2_PLACEMENT_3D ( 'NONE', #9006, #920, #7400 ) ;
#2799 = DIRECTION ( 'NONE',  ( 0.000000000000000000, 0.000000000000000000, 1.000000000000000000 ) ) ;
#2800 = PRESENTATION_STYLE_ASSIGNMENT (( #7576 ) ) ;
#2801 = FILL_AREA_STYLE_COLOUR ( '', #9354 ) ;
#2802 = PRESENTATION_LAYER_ASSIGNMENT (  '', '', ( #4325 ) ) ;
#2803 = ORIENTED_EDGE ( 'NONE', *, *, #4548, .T. ) ;
#2804 =( GEOMETRIC_REPRESENTATION_CONTEXT ( 3 ) GLOBAL_UNCERTAINTY_ASSIGNED_CONTEXT ( ( #9751 ) ) GLOBAL_UNIT_ASSIGNED_CONTEXT ( ( #8648, #7784, #3789 ) ) REPRESENTATION_CONTEXT ( 'NONE', 'WORKASPACE' ) );
#2805 = DIRECTION ( 'NONE',  ( 0.000000000000000000, 0.000000000000000000, -1.000000000000000000 ) ) ;
#2806 = ORIENTED_EDGE ( 'NONE', *, *, #5596, .F. ) ;
#2807 = PLANE ( 'NONE',  #2294 ) ;
#2808 =( NAMED_UNIT ( * ) SI_UNIT ( $, .STERADIAN. ) SOLID_ANGLE_UNIT ( ) );
#2809 = CARTESIAN_POINT ( 'NONE',  ( -1.700000000000001066, 0.1823257994792188419, -2.459999999999999964 ) ) ;
#2810 = DIRECTION ( 'NONE',  ( -1.000000000000000000, -0.000000000000000000, -0.000000000000000000 ) ) ;
#2811 = LINE ( 'NONE', #3612, #4113 ) ;
#2812 = CARTESIAN_POINT ( 'NONE',  ( -1.700000000000001066, 0.9250000000000000444, 2.000000000000000000 ) ) ;
#2813 = ADVANCED_FACE ( 'NONE', ( #6428 ), #205, .T. ) ;
#2814 = CARTESIAN_POINT ( 'NONE',  ( 1.699999999999999734, 0.6426742005207811692, -2.177674200520781422 ) ) ;
#2815 = VERTEX_POINT ( 'NONE', #3397 ) ;
#2816 = FACE_OUTER_BOUND ( 'NONE', #1191, .T. ) ;
#2817 = CARTESIAN_POINT ( 'NONE',  ( -2.970000000000000639, 0.9250000000000000444, -2.000000000000000000 ) ) ;
#2818 = AXIS2_PLACEMENT_3D ( 'NONE', #4013, #1696, #1585 ) ;
#2819 =( NAMED_UNIT ( * ) PLANE_ANGLE_UNIT ( ) SI_UNIT ( $, .RADIAN. ) );
#2820 =( GEOMETRIC_REPRESENTATION_CONTEXT ( 3 ) GLOBAL_UNCERTAINTY_ASSIGNED_CONTEXT ( ( #681 ) ) GLOBAL_UNIT_ASSIGNED_CONTEXT ( ( #107, #3513, #919 ) ) REPRESENTATION_CONTEXT ( 'NONE', 'WORKASPACE' ) );
#2821 = ORIENTED_EDGE ( 'NONE', *, *, #3879, .T. ) ;
#2822 =( NAMED_UNIT ( * ) SI_UNIT ( $, .STERADIAN. ) SOLID_ANGLE_UNIT ( ) );
#2823 = CARTESIAN_POINT ( 'NONE',  ( 2.109999999999999432, 0.1000000000000000056, -3.000000000000000000 ) ) ;
#2824 = PRESENTATION_STYLE_ASSIGNMENT (( #2144 ) ) ;
#2825 = ORIENTED_EDGE ( 'NONE', *, *, #957, .F. ) ;
#2826 = COLOUR_RGB ( '',0.7529411764705882248, 0.7529411764705882248, 0.7529411764705882248 ) ;
#2827 = EDGE_CURVE ( 'NONE', #1268, #2940, #8056, .T. ) ;
#2828 = PLANE ( 'NONE',  #9163 ) ;
#2829 = PRESENTATION_LAYER_ASSIGNMENT (  '', '', ( #10083 ) ) ;
#2830 = PRESENTATION_STYLE_ASSIGNMENT (( #2089 ) ) ;
#2831 = LINE ( 'NONE', #9283, #9347 ) ;
#2832 = SURFACE_SIDE_STYLE ('',( #10010 ) ) ;
#2833 = VERTEX_POINT ( 'NONE', #7392 ) ;
#2834 = FILL_AREA_STYLE_COLOUR ( '', #1775 ) ;
#2835 = ORIENTED_EDGE ( 'NONE', *, *, #3877, .T. ) ;
#2836 = ORIENTED_EDGE ( 'NONE', *, *, #7176, .T. ) ;
#2837 = CIRCLE ( 'NONE', #3345, 0.08232579947921878083 ) ;
#2838 = DIRECTION ( 'NONE',  ( -1.000000000000000000, -0.000000000000000000, -0.000000000000000000 ) ) ;
#2839 = PRESENTATION_LAYER_ASSIGNMENT (  '', '', ( #9087 ) ) ;
#2840 = COLOUR_RGB ( '',0.7529411764705882248, 0.7529411764705882248, 0.7529411764705882248 ) ;
#2841 = ADVANCED_FACE ( 'NONE', ( #3300 ), #6591, .T. ) ;
#2842 = FACE_OUTER_BOUND ( 'NONE', #2009, .T. ) ;
#2844 = EDGE_LOOP ( 'NONE', ( #2936, #4036, #8167, #4201 ) ) ;
#2843 = COLOUR_RGB ( '',0.7529411764705882248, 0.7529411764705882248, 0.7529411764705882248 ) ;
#2845 = AXIS2_PLACEMENT_3D ( 'NONE', #9826, #4247, #9886 ) ;
#2846 = ORIENTED_EDGE ( 'NONE', *, *, #931, .F. ) ;
#2847 = STYLED_ITEM ( 'NONE', ( #6607 ), #3115 ) ;
#2848 = AXIS2_PLACEMENT_3D ( 'NONE', #1354, #9970, #8395 ) ;
#2849 = EDGE_CURVE ( 'NONE', #10401, #4624, #3506, .T. ) ;
#2850 = DIRECTION ( 'NONE',  ( -1.000000000000000000, -0.000000000000000000, -0.000000000000000000 ) ) ;
#2851 = VECTOR ( 'NONE', #8458, 1000.000000000000000 ) ;
#2852 = SURFACE_STYLE_FILL_AREA ( #7746 ) ;
#2853 = CARTESIAN_POINT ( 'NONE',  ( -0.4300000000000007150, 0.6426742005207811692, -2.177674200520781422 ) ) ;
#2854 = LINE ( 'NONE', #1315, #8156 ) ;
#2855 = COLOUR_RGB ( '',0.7529411764705882248, 0.7529411764705882248, 0.7529411764705882248 ) ;
#2856 = FACE_BOUND ( 'NONE', #1950, .T. ) ;
#2857 = DIRECTION ( 'NONE',  ( -1.000000000000000000, -0.000000000000000000, -0.000000000000000000 ) ) ;
#2858 = VERTEX_POINT ( 'NONE', #6023 ) ;
#2859 = EDGE_CURVE ( 'NONE', #8594, #10037, #1979, .T. ) ;
#2860 = MECHANICAL_DESIGN_GEOMETRIC_PRESENTATION_REPRESENTATION (  '', ( #5712 ), #7923 ) ;
#2861 = FILL_AREA_STYLE_COLOUR ( '', #8611 ) ;
#2862 = ORIENTED_EDGE ( 'NONE', *, *, #5724, .T. ) ;
#2863 = CARTESIAN_POINT ( 'NONE',  ( 1.699999999999999734, 0.6426742005207811692, 2.260000000000000231 ) ) ;
#2864 = DIRECTION ( 'NONE',  ( 0.000000000000000000, 0.000000000000000000, 1.000000000000000000 ) ) ;
#2865 = CARTESIAN_POINT ( 'NONE',  ( 1.699999999999999734, 0.7249999999999999778, 2.000000000000000000 ) ) ;
#2866 = ADVANCED_FACE ( 'NONE', ( #9107 ), #1925, .F. ) ;
#2867 = UNCERTAINTY_MEASURE_WITH_UNIT (LENGTH_MEASURE( 1.000000000000000082E-05 ), #3053, 'distance_accuracy_value', 'NONE');
#2868 = SURFACE_STYLE_USAGE ( .BOTH. , #2128 ) ;
#2869 = UNCERTAINTY_MEASURE_WITH_UNIT (LENGTH_MEASURE( 1.000000000000000082E-05 ), #7075, 'distance_accuracy_value', 'NONE');
#2870 = SURFACE_SIDE_STYLE ('',( #3611 ) ) ;
#2871 = DIRECTION ( 'NONE',  ( 0.000000000000000000, -1.000000000000000000, 0.000000000000000000 ) ) ;
#2872 = PRESENTATION_STYLE_ASSIGNMENT (( #5973 ) ) ;
#2873 = LINE ( 'NONE', #6073, #480 ) ;
#2874 = ORIENTED_EDGE ( 'NONE', *, *, #8242, .T. ) ;
#2875 = CARTESIAN_POINT ( 'NONE',  ( 2.109999999999999432, 0.1823257994792188419, -2.542325799479218773 ) ) ;
#2876 = SURFACE_SIDE_STYLE ('',( #3463 ) ) ;
#2877 = ORIENTED_EDGE ( 'NONE', *, *, #2437, .F. ) ;
#2878 = DIRECTION ( 'NONE',  ( 0.000000000000000000, 1.000000000000000000, 0.000000000000000000 ) ) ;
#2879 =( NAMED_UNIT ( * ) PLANE_ANGLE_UNIT ( ) SI_UNIT ( $, .RADIAN. ) );
#2880 = FILL_AREA_STYLE ('',( #9321 ) ) ;
#2881 = DIRECTION ( 'NONE',  ( 0.000000000000000000, 0.000000000000000000, -1.000000000000000000 ) ) ;
#2882 = ORIENTED_EDGE ( 'NONE', *, *, #4869, .F. ) ;
#2883 =( NAMED_UNIT ( * ) SI_UNIT ( $, .STERADIAN. ) SOLID_ANGLE_UNIT ( ) );
#2884 = CARTESIAN_POINT ( 'NONE',  ( 4.649999999999999467, 0.7249999999999998668, 2.177674200520781422 ) ) ;
#2885 = PLANE ( 'NONE',  #5319 ) ;
#2886 = ORIENTED_EDGE ( 'NONE', *, *, #9534, .F. ) ;
#2887 = SURFACE_SIDE_STYLE ('',( #2730 ) ) ;
#2888 = VERTEX_POINT ( 'NONE', #7538 ) ;
#2889 = ORIENTED_EDGE ( 'NONE', *, *, #6083, .T. ) ;
#2890 = EDGE_CURVE ( 'NONE', #2213, #9132, #3012, .T. ) ;
#2891 = CARTESIAN_POINT ( 'NONE',  ( -3.380000000000000338, 0.9249999999999998224, 2.177674200520781422 ) ) ;
#2892 = DIRECTION ( 'NONE',  ( 0.000000000000000000, -0.000000000000000000, -1.000000000000000000 ) ) ;
#2893 = ORIENTED_EDGE ( 'NONE', *, *, #5474, .T. ) ;
#2894 = CARTESIAN_POINT ( 'NONE',  ( 2.969999999999999751, 0.6426742005207811692, -2.459999999999999964 ) ) ;
#2895 = EDGE_LOOP ( 'NONE', ( #7210, #8682, #2384, #1199 ) ) ;
#2896 = EDGE_CURVE ( 'NONE', #4471, #7807, #8302, .T. ) ;
#2897 = CARTESIAN_POINT ( 'NONE',  ( -2.110000000000000764, -0.1000000000000000056, -2.542325799479218773 ) ) ;
#2898 = EDGE_CURVE ( 'NONE', #7579, #2470, #5132, .T. ) ;
#2899 = CARTESIAN_POINT ( 'NONE',  ( -2.970000000000000639, 0.6426742005207811692, 2.260000000000000231 ) ) ;
#2900 = CARTESIAN_POINT ( 'NONE',  ( -1.700000000000001066, -0.1000000000000000056, 3.000000000000000000 ) ) ;
#2901 = DIRECTION ( 'NONE',  ( -1.000000000000000000, -0.000000000000000000, -0.000000000000000000 ) ) ;
#2902 = CARTESIAN_POINT ( 'NONE',  ( -4.240000000000001101, 0.9250000000000000444, 2.000000000000000000 ) ) ;
#2903 = CARTESIAN_POINT ( 'NONE',  ( 4.649999999999999467, 0.1000000000000000056, 2.542325799479218773 ) ) ;
#2904 = FACE_OUTER_BOUND ( 'NONE', #3316, .T. ) ;
#2905 = ORIENTED_EDGE ( 'NONE', *, *, #4410, .T. ) ;
#2906 = LINE ( 'NONE', #6109, #4901 ) ;
#2907 = ORIENTED_EDGE ( 'NONE', *, *, #8216, .F. ) ;
#2908 =( NAMED_UNIT ( * ) PLANE_ANGLE_UNIT ( ) SI_UNIT ( $, .RADIAN. ) );
#2909 = VECTOR ( 'NONE', #51, 1000.000000000000000 ) ;
#2910 = PLANE ( 'NONE',  #3530 ) ;
#2911 = EDGE_CURVE ( 'NONE', #5179, #10078, #6360, .T. ) ;
#2912 = PRESENTATION_LAYER_ASSIGNMENT (  '', '', ( #79 ) ) ;
#2913 = EDGE_CURVE ( 'NONE', #10305, #8488, #5968, .T. ) ;
#2914 = PLANE ( 'NONE',  #9774 ) ;
#2915 = DIRECTION ( 'NONE',  ( 0.000000000000000000, 0.000000000000000000, 1.000000000000000000 ) ) ;
#2916 = FILL_AREA_STYLE_COLOUR ( '', #4106 ) ;
#2917 = SURFACE_STYLE_FILL_AREA ( #6028 ) ;
#2918 = PRESENTATION_STYLE_ASSIGNMENT (( #4606 ) ) ;
#2919 = CARTESIAN_POINT ( 'NONE',  ( 4.649999999999999467, 0.7249999999999999778, -2.000000000000000000 ) ) ;
#2920 = ORIENTED_EDGE ( 'NONE', *, *, #9055, .T. ) ;
#2921 = MECHANICAL_DESIGN_GEOMETRIC_PRESENTATION_REPRESENTATION (  '', ( #899 ), #9659 ) ;
#2922 =( LENGTH_UNIT ( ) NAMED_UNIT ( * ) SI_UNIT ( .MILLI., .METRE. ) );
#2923 = PRESENTATION_LAYER_ASSIGNMENT (  '', '', ( #3271 ) ) ;
#2924 = VERTEX_POINT ( 'NONE', #9943 ) ;
#2925 =( NAMED_UNIT ( * ) SI_UNIT ( $, .STERADIAN. ) SOLID_ANGLE_UNIT ( ) );
#2926 = LINE ( 'NONE', #9432, #5364 ) ;
#2927 = STYLED_ITEM ( 'NONE', ( #4379 ), #493 ) ;
#2928 = ORIENTED_EDGE ( 'NONE', *, *, #4193, .F. ) ;
#2929 = VECTOR ( 'NONE', #7977, 1000.000000000000000 ) ;
#2930 = FACE_OUTER_BOUND ( 'NONE', #4235, .T. ) ;
#2931 = FILL_AREA_STYLE ('',( #10118 ) ) ;
#2932 = MECHANICAL_DESIGN_GEOMETRIC_PRESENTATION_REPRESENTATION (  '', ( #8840 ), #5958 ) ;
#2933 = CARTESIAN_POINT ( 'NONE',  ( -5.000000000000000888, 0.7000000000000166089, 2.000000000000000000 ) ) ;
#2934 = DIRECTION ( 'NONE',  ( -0.000000000000000000, 1.000000000000000000, 0.000000000000000000 ) ) ;
#2935 = EDGE_LOOP ( 'NONE', ( #5494, #578, #679, #1467 ) ) ;
#2936 = ORIENTED_EDGE ( 'NONE', *, *, #6701, .F. ) ;
#2937 = ORIENTED_EDGE ( 'NONE', *, *, #8903, .F. ) ;
#2938 =( GEOMETRIC_REPRESENTATION_CONTEXT ( 3 ) GLOBAL_UNCERTAINTY_ASSIGNED_CONTEXT ( ( #6528 ) ) GLOBAL_UNIT_ASSIGNED_CONTEXT ( ( #6391, #6430, #1557 ) ) REPRESENTATION_CONTEXT ( 'NONE', 'WORKASPACE' ) );
#2939 = AXIS2_PLACEMENT_3D ( 'NONE', #9257, #495, #10091 ) ;
#2940 = VERTEX_POINT ( 'NONE', #8252 ) ;
#2941 = STYLED_ITEM ( 'NONE', ( #7666 ), #9827 ) ;
#2942 = DIRECTION ( 'NONE',  ( -0.000000000000000000, -1.000000000000000000, -0.000000000000000000 ) ) ;
#2943 = SURFACE_SIDE_STYLE ('',( #7909 ) ) ;
#2944 = CARTESIAN_POINT ( 'NONE',  ( -4.240000000000001101, 0.6426742005207811692, -2.459999999999999964 ) ) ;
#2945 = PLANE ( 'NONE',  #10101 ) ;
#2946 = CARTESIAN_POINT ( 'NONE',  ( -2.970000000000000639, 0.6426742005207811692, -2.459999999999999964 ) ) ;
#2947 = AXIS2_PLACEMENT_3D ( 'NONE', #7199, #7255, #4898 ) ;
#2948 = ORIENTED_EDGE ( 'NONE', *, *, #1900, .F. ) ;
#2949 = EDGE_CURVE ( 'NONE', #2092, #2213, #9887, .T. ) ;
#2950 = FILL_AREA_STYLE_COLOUR ( '', #6149 ) ;
#2951 = EDGE_LOOP ( 'NONE', ( #9853, #1039, #1220, #9911 ) ) ;
#2952 =( GEOMETRIC_REPRESENTATION_CONTEXT ( 3 ) GLOBAL_UNCERTAINTY_ASSIGNED_CONTEXT ( ( #2483 ) ) GLOBAL_UNIT_ASSIGNED_CONTEXT ( ( #4269, #9759, #276 ) ) REPRESENTATION_CONTEXT ( 'NONE', 'WORKASPACE' ) );
#2953 = DIRECTION ( 'NONE',  ( 0.000000000000000000, -0.000000000000000000, 1.000000000000000000 ) ) ;
#2954 = ORIENTED_EDGE ( 'NONE', *, *, #10355, .T. ) ;
#2955 = FILL_AREA_STYLE_COLOUR ( '', #2269 ) ;
#2956 = MECHANICAL_DESIGN_GEOMETRIC_PRESENTATION_REPRESENTATION (  '', ( #3972 ), #6293 ) ;
#2957 = UNCERTAINTY_MEASURE_WITH_UNIT (LENGTH_MEASURE( 1.000000000000000082E-05 ), #8221, 'distance_accuracy_value', 'NONE');
#2958 = MECHANICAL_DESIGN_GEOMETRIC_PRESENTATION_REPRESENTATION (  '', ( #7651 ), #8501 ) ;
#2959 = LINE ( 'NONE', #1115, #5180 ) ;
#2960 =( GEOMETRIC_REPRESENTATION_CONTEXT ( 3 ) GLOBAL_UNCERTAINTY_ASSIGNED_CONTEXT ( ( #9125 ) ) GLOBAL_UNIT_ASSIGNED_CONTEXT ( ( #854, #3031, #1652 ) ) REPRESENTATION_CONTEXT ( 'NONE', 'WORKASPACE' ) );
#2961 = CARTESIAN_POINT ( 'NONE',  ( 2.109999999999999432, 0.1000000000000000056, 2.542325799479218773 ) ) ;
#2962 = FILL_AREA_STYLE_COLOUR ( '', #8895 ) ;
#2963 = DIRECTION ( 'NONE',  ( 0.000000000000000000, -0.000000000000000000, -1.000000000000000000 ) ) ;
#2964 = ORIENTED_EDGE ( 'NONE', *, *, #682, .F. ) ;
#2965 = ADVANCED_FACE ( 'NONE', ( #4248 ), #2710, .T. ) ;
#2966 = SURFACE_STYLE_USAGE ( .BOTH. , #3744 ) ;
#2967 = VERTEX_POINT ( 'NONE', #2865 ) ;
#2968 = COLOUR_RGB ( '',0.7529411764705882248, 0.7529411764705882248, 0.7529411764705882248 ) ;
#2969 = EDGE_CURVE ( 'NONE', #6007, #3816, #5448, .T. ) ;
#2970 = STYLED_ITEM ( 'NONE', ( #7275 ), #329 ) ;
#2971 = EDGE_LOOP ( 'NONE', ( #4905, #9984, #4614, #4925 ) ) ;
#2972 = DIRECTION ( 'NONE',  ( -1.000000000000000000, -0.000000000000000000, -0.000000000000000000 ) ) ;
#2973 = SURFACE_STYLE_FILL_AREA ( #4500 ) ;
#2974 = CARTESIAN_POINT ( 'NONE',  ( -0.4300000000000007150, 0.9250000000000000444, 2.000000000000000000 ) ) ;
#2975 = SURFACE_STYLE_FILL_AREA ( #10210 ) ;
#2976 = CARTESIAN_POINT ( 'NONE',  ( -3.380000000000000338, 0.7249999999999999778, 2.000000000000000000 ) ) ;
#2977 =( GEOMETRIC_REPRESENTATION_CONTEXT ( 3 ) GLOBAL_UNCERTAINTY_ASSIGNED_CONTEXT ( ( #5626 ) ) GLOBAL_UNIT_ASSIGNED_CONTEXT ( ( #9443, #2246, #8636 ) ) REPRESENTATION_CONTEXT ( 'NONE', 'WORKASPACE' ) );
#2978 = DIRECTION ( 'NONE',  ( -1.000000000000000000, -0.000000000000000000, -0.000000000000000000 ) ) ;
#2979 = LINE ( 'NONE', #7816, #1622 ) ;
#2980 = ORIENTED_EDGE ( 'NONE', *, *, #1150, .F. ) ;
#2981 = ORIENTED_EDGE ( 'NONE', *, *, #294, .T. ) ;
#2982 = ORIENTED_EDGE ( 'NONE', *, *, #4273, .T. ) ;
#2983 = DIRECTION ( 'NONE',  ( -0.000000000000000000, 0.000000000000000000, -1.000000000000000000 ) ) ;
#2984 = MECHANICAL_DESIGN_GEOMETRIC_PRESENTATION_REPRESENTATION (  '', ( #6667 ), #305 ) ;
#2985 = CARTESIAN_POINT ( 'NONE',  ( -1.700000000000001066, 0.1000000000000000056, 2.542325799479218773 ) ) ;
#2986 =( GEOMETRIC_REPRESENTATION_CONTEXT ( 3 ) GLOBAL_UNCERTAINTY_ASSIGNED_CONTEXT ( ( #3711 ) ) GLOBAL_UNIT_ASSIGNED_CONTEXT ( ( #5100, #9918, #8334 ) ) REPRESENTATION_CONTEXT ( 'NONE', 'WORKASPACE' ) );
#2987 = SURFACE_SIDE_STYLE ('',( #10222 ) ) ;
#2988 = EDGE_CURVE ( 'NONE', #7184, #5423, #3874, .T. ) ;
#2989 = EDGE_LOOP ( 'NONE', ( #6833, #6976, #2389, #6180 ) ) ;
#2990 = DIRECTION ( 'NONE',  ( 0.000000000000000000, 0.000000000000000000, -1.000000000000000000 ) ) ;
#2991 = MECHANICAL_DESIGN_GEOMETRIC_PRESENTATION_REPRESENTATION (  '', ( #9579 ), #6692 ) ;
#2992 = PRESENTATION_STYLE_ASSIGNMENT (( #1519 ) ) ;
#2993 = ORIENTED_EDGE ( 'NONE', *, *, #5796, .F. ) ;
#2994 = SURFACE_STYLE_FILL_AREA ( #1347 ) ;
#2995 = EDGE_CURVE ( 'NONE', #7117, #6282, #5344, .T. ) ;
#2996 = ORIENTED_EDGE ( 'NONE', *, *, #144, .F. ) ;
#2997 = ORIENTED_EDGE ( 'NONE', *, *, #5170, .T. ) ;
#2998 = UNCERTAINTY_MEASURE_WITH_UNIT (LENGTH_MEASURE( 1.000000000000000082E-05 ), #5014, 'distance_accuracy_value', 'NONE');
#2999 = SURFACE_STYLE_FILL_AREA ( #3785 ) ;
#3000 = UNCERTAINTY_MEASURE_WITH_UNIT (LENGTH_MEASURE( 1.000000000000000082E-05 ), #1572, 'distance_accuracy_value', 'NONE');
#3001 = VECTOR ( 'NONE', #2505, 1000.000000000000000 ) ;
#3002 = EDGE_CURVE ( 'NONE', #3383, #6009, #7065, .T. ) ;
#3003 = LINE ( 'NONE', #630, #5601 ) ;
#3004 = SURFACE_STYLE_FILL_AREA ( #7961 ) ;
#3005 = FILL_AREA_STYLE ('',( #6150 ) ) ;
#3006 = VERTEX_POINT ( 'NONE', #2974 ) ;
#3007 = PRESENTATION_LAYER_ASSIGNMENT (  '', '', ( #2001 ) ) ;
#3008 = DIRECTION ( 'NONE',  ( 0.000000000000000000, -0.000000000000000000, -1.000000000000000000 ) ) ;
#3009 = EDGE_LOOP ( 'NONE', ( #5123, #2651, #1998, #2732 ) ) ;
#3010 = CARTESIAN_POINT ( 'NONE',  ( 2.969999999999999751, 0.1000000000000000056, -2.542325799479218773 ) ) ;
#3011 =( NAMED_UNIT ( * ) SI_UNIT ( $, .STERADIAN. ) SOLID_ANGLE_UNIT ( ) );
#3012 = CIRCLE ( 'NONE', #8915, 0.2823257994792188752 ) ;
#3013 = EDGE_CURVE ( 'NONE', #9881, #4725, #7008, .T. ) ;
#3014 = MECHANICAL_DESIGN_GEOMETRIC_PRESENTATION_REPRESENTATION (  '', ( #339 ), #1121 ) ;
#3015 = AXIS2_PLACEMENT_3D ( 'NONE', #4, #1664, #101 ) ;
#3016 = CARTESIAN_POINT ( 'NONE',  ( -4.240000000000001101, 0.6426742005207811692, 2.177674200520781422 ) ) ;
#3017 = ORIENTED_EDGE ( 'NONE', *, *, #9310, .F. ) ;
#3018 = DIRECTION ( 'NONE',  ( -1.000000000000000000, -0.000000000000000000, -0.000000000000000000 ) ) ;
#3019 =( NAMED_UNIT ( * ) PLANE_ANGLE_UNIT ( ) SI_UNIT ( $, .RADIAN. ) );
#3020 = VERTEX_POINT ( 'NONE', #4501 ) ;
#3021 = VECTOR ( 'NONE', #6697, 1000.000000000000000 ) ;
#3022 = DIRECTION ( 'NONE',  ( -1.000000000000000000, -0.000000000000000000, -0.000000000000000000 ) ) ;
#3023 = VERTEX_POINT ( 'NONE', #10259 ) ;
#3024 = ORIENTED_EDGE ( 'NONE', *, *, #3531, .T. ) ;
#3025 = CARTESIAN_POINT ( 'NONE',  ( 1.699999999999999734, 0.1000000000000000056, -2.542325799479218773 ) ) ;
#3026 = COLOUR_RGB ( '',0.7529411764705882248, 0.7529411764705882248, 0.7529411764705882248 ) ;
#3027 = DIRECTION ( 'NONE',  ( -1.000000000000000000, -0.000000000000000000, -0.000000000000000000 ) ) ;
#3028 =( LENGTH_UNIT ( ) NAMED_UNIT ( * ) SI_UNIT ( .MILLI., .METRE. ) );
#3029 = FILL_AREA_STYLE_COLOUR ( '', #8924 ) ;
#3030 = ADVANCED_FACE ( 'NONE', ( #4555 ), #2910, .T. ) ;
#3031 =( NAMED_UNIT ( * ) PLANE_ANGLE_UNIT ( ) SI_UNIT ( $, .RADIAN. ) );
#3032 = VECTOR ( 'NONE', #103, 1000.000000000000000 ) ;
#3033 = DIRECTION ( 'NONE',  ( 0.000000000000000000, 0.000000000000000000, 1.000000000000000000 ) ) ;
#3034 = CARTESIAN_POINT ( 'NONE',  ( 3.379999999999999449, 0.6426742005207811692, -2.177674200520781422 ) ) ;
#3035 = ORIENTED_EDGE ( 'NONE', *, *, #506, .T. ) ;
#3036 = FACE_OUTER_BOUND ( 'NONE', #3343, .T. ) ;
#3037 = AXIS2_PLACEMENT_3D ( 'NONE', #9631, #6500, #6605 ) ;
#3038 = VERTEX_POINT ( 'NONE', #599 ) ;
#3039 = ORIENTED_EDGE ( 'NONE', *, *, #1956, .F. ) ;
#3040 = DIRECTION ( 'NONE',  ( 0.000000000000000000, 0.000000000000000000, 1.000000000000000000 ) ) ;
#3041 = CARTESIAN_POINT ( 'NONE',  ( 1.699999999999999734, 0.1823257994792188696, -2.259999999999999787 ) ) ;
#3042 =( LENGTH_UNIT ( ) NAMED_UNIT ( * ) SI_UNIT ( .MILLI., .METRE. ) );
#3043 = EDGE_CURVE ( 'NONE', #8557, #6007, #10362, .T. ) ;
#3044 = FACE_OUTER_BOUND ( 'NONE', #9298, .T. ) ;
#3045 = AXIS2_PLACEMENT_3D ( 'NONE', #5192, #6872, #9952 ) ;
#3046 = ADVANCED_FACE ( 'NONE', ( #9564 ), #2339, .T. ) ;
#3047 = SURFACE_STYLE_USAGE ( .BOTH. , #7769 ) ;
#3048 = AXIS2_PLACEMENT_3D ( 'NONE', #1075, #4313, #4221 ) ;
#3049 = EDGE_CURVE ( 'NONE', #2000, #1846, #8014, .T. ) ;
#3050 = DIRECTION ( 'NONE',  ( 0.000000000000000000, -0.000000000000000000, 1.000000000000000000 ) ) ;
#3051 = ORIENTED_EDGE ( 'NONE', *, *, #9477, .F. ) ;
#3052 = VECTOR ( 'NONE', #2566, 1000.000000000000000 ) ;
#3053 =( LENGTH_UNIT ( ) NAMED_UNIT ( * ) SI_UNIT ( .MILLI., .METRE. ) );
#3054 = ORIENTED_EDGE ( 'NONE', *, *, #2768, .T. ) ;
#3055 = EDGE_LOOP ( 'NONE', ( #2882, #6076, #5255, #1247 ) ) ;
#3056 = EDGE_LOOP ( 'NONE', ( #5885, #1309, #6090, #4497 ) ) ;
#3057 =( LENGTH_UNIT ( ) NAMED_UNIT ( * ) SI_UNIT ( .MILLI., .METRE. ) );
#3058 = LINE ( 'NONE', #1351, #4143 ) ;
#3059 = EDGE_CURVE ( 'NONE', #4960, #3073, #7776, .T. ) ;
#3060 =( NAMED_UNIT ( * ) SI_UNIT ( $, .STERADIAN. ) SOLID_ANGLE_UNIT ( ) );
#3061 = LINE ( 'NONE', #5428, #9053 ) ;
#3062 = DIRECTION ( 'NONE',  ( -1.000000000000000000, -0.000000000000000000, -0.000000000000000000 ) ) ;
#3063 = ORIENTED_EDGE ( 'NONE', *, *, #585, .T. ) ;
#3064 = CARTESIAN_POINT ( 'NONE',  ( -0.8400000000000005240, -0.1000000000000000056, -3.000000000000000000 ) ) ;
#3065 =( LENGTH_UNIT ( ) NAMED_UNIT ( * ) SI_UNIT ( .MILLI., .METRE. ) );
#3066 = UNCERTAINTY_MEASURE_WITH_UNIT (LENGTH_MEASURE( 1.000000000000000082E-05 ), #7874, 'distance_accuracy_value', 'NONE');
#3067 = LINE ( 'NONE', #308, #825 ) ;
#3068 = CARTESIAN_POINT ( 'NONE',  ( 0.4299999999999998268, 0.1000000000000000056, -2.542325799479218773 ) ) ;
#3069 = VERTEX_POINT ( 'NONE', #5424 ) ;
#3070 = LINE ( 'NONE', #3914, #2929 ) ;
#3071 = ORIENTED_EDGE ( 'NONE', *, *, #5748, .F. ) ;
#3072 = CARTESIAN_POINT ( 'NONE',  ( 0.8399999999999996358, 0.1000000000000000056, -3.000000000000000000 ) ) ;
#3073 = VERTEX_POINT ( 'NONE', #8703 ) ;
#3074 = EDGE_CURVE ( 'NONE', #1160, #4018, #1525, .T. ) ;
#3075 = VERTEX_POINT ( 'NONE', #7957 ) ;
#3076 = DIRECTION ( 'NONE',  ( 0.000000000000000000, 0.000000000000000000, 1.000000000000000000 ) ) ;
#3077 = CARTESIAN_POINT ( 'NONE',  ( -0.4300000000000007150, -0.1000000000000000056, 2.542325799479218773 ) ) ;
#3078 =( NAMED_UNIT ( * ) PLANE_ANGLE_UNIT ( ) SI_UNIT ( $, .RADIAN. ) );
#3079 = CARTESIAN_POINT ( 'NONE',  ( -0.8400000000000005240, -0.1000000000000000056, -2.542325799479218773 ) ) ;
#3080 = CARTESIAN_POINT ( 'NONE',  ( -0.4300000000000007150, -0.1000000000000000056, 2.542325799479218773 ) ) ;
#3081 = CARTESIAN_POINT ( 'NONE',  ( 3.379999999999999449, 0.6426742005207811692, -2.459999999999999964 ) ) ;
#3083 = EDGE_LOOP ( 'NONE', ( #2215, #8412, #6092, #6106 ) ) ;
#3082 = DIRECTION ( 'NONE',  ( -1.000000000000000000, -0.000000000000000000, -0.000000000000000000 ) ) ;
#3084 = AXIS2_PLACEMENT_3D ( 'NONE', #4412, #517, #2199 ) ;
#3085 = CARTESIAN_POINT ( 'NONE',  ( 4.240000000000000213, 0.1823257994792188419, 2.542325799479218773 ) ) ;
#3086 = EDGE_CURVE ( 'NONE', #5220, #5889, #9588, .T. ) ;
#3087 = DIRECTION ( 'NONE',  ( -0.000000000000000000, -1.000000000000000000, -0.000000000000000000 ) ) ;
#3088 = ORIENTED_EDGE ( 'NONE', *, *, #2149, .F. ) ;
#3089 = CIRCLE ( 'NONE', #7976, 0.08232579947921878083 ) ;
#3090 = SURFACE_SIDE_STYLE ('',( #7890 ) ) ;
#3091 =( LENGTH_UNIT ( ) NAMED_UNIT ( * ) SI_UNIT ( .MILLI., .METRE. ) );
#3092 = MECHANICAL_DESIGN_GEOMETRIC_PRESENTATION_REPRESENTATION (  '', ( #3940 ), #8490 ) ;
#3093 = LINE ( 'NONE', #671, #6507 ) ;
#3094 = PRESENTATION_STYLE_ASSIGNMENT (( #8008 ) ) ;
#3095 = VECTOR ( 'NONE', #2990, 1000.000000000000000 ) ;
#3096 = DIRECTION ( 'NONE',  ( 0.000000000000000000, 0.000000000000000000, 1.000000000000000000 ) ) ;
#3097 = EDGE_CURVE ( 'NONE', #6400, #6998, #724, .T. ) ;
#3098 = ADVANCED_FACE ( 'NONE', ( #1469 ), #6287, .T. ) ;
#3099 = PLANE ( 'NONE',  #4227 ) ;
#3100 = ORIENTED_EDGE ( 'NONE', *, *, #1271, .F. ) ;
#3101 = COLOUR_RGB ( '',0.2509803921568627416, 0.2509803921568627416, 0.2509803921568627416 ) ;
#3102 = UNCERTAINTY_MEASURE_WITH_UNIT (LENGTH_MEASURE( 1.000000000000000082E-05 ), #4198, 'distance_accuracy_value', 'NONE');
#3103 = DIRECTION ( 'NONE',  ( -1.000000000000000000, -0.000000000000000000, -0.000000000000000000 ) ) ;
#3104 = AXIS2_PLACEMENT_3D ( 'NONE', #8801, #1686, #4846 ) ;
#3105 = CARTESIAN_POINT ( 'NONE',  ( -0.4300000000000007150, 0.1823257994792188696, 2.259999999999999787 ) ) ;
#3106 = FACE_OUTER_BOUND ( 'NONE', #6926, .T. ) ;
#3107 = DIRECTION ( 'NONE',  ( 1.000000000000000000, 0.000000000000000000, 0.000000000000000000 ) ) ;
#3108 = ORIENTED_EDGE ( 'NONE', *, *, #10153, .F. ) ;
#3109 = DIRECTION ( 'NONE',  ( 0.000000000000000000, 0.000000000000000000, -1.000000000000000000 ) ) ;
#3110 = ORIENTED_EDGE ( 'NONE', *, *, #10229, .T. ) ;
#3111 = MECHANICAL_DESIGN_GEOMETRIC_PRESENTATION_REPRESENTATION (  '', ( #430 ), #3116 ) ;
#3112 = SURFACE_STYLE_USAGE ( .BOTH. , #3593 ) ;
#3113 = VECTOR ( 'NONE', #6581, 1000.000000000000000 ) ;
#3114 = ORIENTED_EDGE ( 'NONE', *, *, #10030, .T. ) ;
#3115 = ADVANCED_FACE ( 'NONE', ( #785 ), #2156, .F. ) ;
#3116 =( GEOMETRIC_REPRESENTATION_CONTEXT ( 3 ) GLOBAL_UNCERTAINTY_ASSIGNED_CONTEXT ( ( #3947 ) ) GLOBAL_UNIT_ASSIGNED_CONTEXT ( ( #8573, #7759, #3139 ) ) REPRESENTATION_CONTEXT ( 'NONE', 'WORKASPACE' ) );
#3117 = SURFACE_STYLE_USAGE ( .BOTH. , #799 ) ;
#3118 = CARTESIAN_POINT ( 'NONE',  ( -4.876571113504073907, 1.649999999999999911, 0.000000000000000000 ) ) ;
#3119 = STYLED_ITEM ( 'NONE', ( #7663 ), #5533 ) ;
#3120 = ORIENTED_EDGE ( 'NONE', *, *, #6957, .F. ) ;
#3121 = SURFACE_STYLE_FILL_AREA ( #6466 ) ;
#3122 = DIRECTION ( 'NONE',  ( 1.000000000000000000, 0.000000000000000000, 0.000000000000000000 ) ) ;
#3123 = ORIENTED_EDGE ( 'NONE', *, *, #481, .F. ) ;
#3124 = SURFACE_SIDE_STYLE ('',( #3182 ) ) ;
#3125 = ORIENTED_EDGE ( 'NONE', *, *, #9035, .T. ) ;
#3126 = AXIS2_PLACEMENT_3D ( 'NONE', #725, #5473, #6145 ) ;
#3127 = ORIENTED_EDGE ( 'NONE', *, *, #6189, .T. ) ;
#3128 = DIRECTION ( 'NONE',  ( 0.000000000000000000, 0.000000000000000000, -1.000000000000000000 ) ) ;
#3129 = CARTESIAN_POINT ( 'NONE',  ( -4.240000000000001101, 0.1000000000000000056, 2.542325799479218773 ) ) ;
#3130 = UNCERTAINTY_MEASURE_WITH_UNIT (LENGTH_MEASURE( 1.000000000000000082E-05 ), #3892, 'distance_accuracy_value', 'NONE');
#3131 = DIRECTION ( 'NONE',  ( 0.000000000000000000, 0.000000000000000000, -1.000000000000000000 ) ) ;
#3132 = DIRECTION ( 'NONE',  ( 0.000000000000000000, 0.000000000000000000, -1.000000000000000000 ) ) ;
#3133 = COLOUR_RGB ( '',0.7529411764705882248, 0.7529411764705882248, 0.7529411764705882248 ) ;
#3134 = DIRECTION ( 'NONE',  ( 0.000000000000000000, -1.000000000000000000, 0.000000000000000000 ) ) ;
#3135 = ORIENTED_EDGE ( 'NONE', *, *, #2279, .F. ) ;
#3136 = PRESENTATION_LAYER_ASSIGNMENT (  '', '', ( #7651 ) ) ;
#3137 = SURFACE_SIDE_STYLE ('',( #10368 ) ) ;
#3138 =( GEOMETRIC_REPRESENTATION_CONTEXT ( 3 ) GLOBAL_UNCERTAINTY_ASSIGNED_CONTEXT ( ( #374 ) ) GLOBAL_UNIT_ASSIGNED_CONTEXT ( ( #7106, #3670, #8777 ) ) REPRESENTATION_CONTEXT ( 'NONE', 'WORKASPACE' ) );
#3140 = ORIENTED_EDGE ( 'NONE', *, *, #1973, .F. ) ;
#3139 =( NAMED_UNIT ( * ) SI_UNIT ( $, .STERADIAN. ) SOLID_ANGLE_UNIT ( ) );
#3141 = COLOUR_RGB ( '',0.7529411764705882248, 0.7529411764705882248, 0.7529411764705882248 ) ;
#3142 = DIRECTION ( 'NONE',  ( -1.000000000000000000, -0.000000000000000000, -0.000000000000000000 ) ) ;
#3143 = FILL_AREA_STYLE_COLOUR ( '', #6062 ) ;
#3144 = EDGE_LOOP ( 'NONE', ( #2036, #2645, #1464, #3393 ) ) ;
#3145 = VERTEX_POINT ( 'NONE', #8123 ) ;
#3146 = FACE_OUTER_BOUND ( 'NONE', #4439, .T. ) ;
#3147 = COLOUR_RGB ( '',0.7529411764705882248, 0.7529411764705882248, 0.7529411764705882248 ) ;
#3148 =( LENGTH_UNIT ( ) NAMED_UNIT ( * ) SI_UNIT ( .MILLI., .METRE. ) );
#3149 = FILL_AREA_STYLE_COLOUR ( '', #8555 ) ;
#3150 = DIRECTION ( 'NONE',  ( -1.000000000000000000, 0.000000000000000000, 0.000000000000000000 ) ) ;
#3151 = EDGE_CURVE ( 'NONE', #10328, #2363, #6884, .T. ) ;
#3152 = PRESENTATION_LAYER_ASSIGNMENT (  '', '', ( #1633 ) ) ;
#3153 = DIRECTION ( 'NONE',  ( 0.000000000000000000, -1.000000000000000000, 0.000000000000000000 ) ) ;
#3154 = CYLINDRICAL_SURFACE ( 'NONE', #9882, 0.08232579947921878083 ) ;
#3155 = MECHANICAL_DESIGN_GEOMETRIC_PRESENTATION_REPRESENTATION (  '', ( #298 ), #10403 ) ;
#3156 = PRESENTATION_LAYER_ASSIGNMENT (  '', '', ( #5001 ) ) ;
#3157 = EDGE_LOOP ( 'NONE', ( #2284, #426, #4660, #5430 ) ) ;
#3158 = FILL_AREA_STYLE ('',( #2316 ) ) ;
#3159 = ADVANCED_FACE ( 'NONE', ( #7300 ), #5042, .F. ) ;
#3160 = ADVANCED_FACE ( 'NONE', ( #217 ), #3409, .T. ) ;
#3161 = DIRECTION ( 'NONE',  ( 0.000000000000000000, 0.000000000000000000, 1.000000000000000000 ) ) ;
#3162 = COLOUR_RGB ( '',0.7529411764705882248, 0.7529411764705882248, 0.7529411764705882248 ) ;
#3163 = DIRECTION ( 'NONE',  ( -1.000000000000000000, -0.000000000000000000, -0.000000000000000000 ) ) ;
#3164 = PRESENTATION_STYLE_ASSIGNMENT (( #7149 ) ) ;
#3165 = ORIENTED_EDGE ( 'NONE', *, *, #7892, .T. ) ;
#3166 =( NAMED_UNIT ( * ) SI_UNIT ( $, .STERADIAN. ) SOLID_ANGLE_UNIT ( ) );
#3167 = UNCERTAINTY_MEASURE_WITH_UNIT (LENGTH_MEASURE( 1.000000000000000082E-05 ), #700, 'distance_accuracy_value', 'NONE');
#3168 = ORIENTED_EDGE ( 'NONE', *, *, #9487, .F. ) ;
#3169 =( GEOMETRIC_REPRESENTATION_CONTEXT ( 3 ) GLOBAL_UNCERTAINTY_ASSIGNED_CONTEXT ( ( #7491 ) ) GLOBAL_UNIT_ASSIGNED_CONTEXT ( ( #9904, #6822, #9279 ) ) REPRESENTATION_CONTEXT ( 'NONE', 'WORKASPACE' ) );
#3170 = MECHANICAL_DESIGN_GEOMETRIC_PRESENTATION_REPRESENTATION (  '', ( #7879 ), #2820 ) ;
#3171 = FILL_AREA_STYLE ('',( #69 ) ) ;
#3172 = FILL_AREA_STYLE_COLOUR ( '', #6276 ) ;
#3173 = CARTESIAN_POINT ( 'NONE',  ( -2.970000000000000639, 0.6426742005207811692, -2.177674200520781422 ) ) ;
#3174 = EDGE_CURVE ( 'NONE', #2940, #3477, #9278, .T. ) ;
#3175 =( NAMED_UNIT ( * ) PLANE_ANGLE_UNIT ( ) SI_UNIT ( $, .RADIAN. ) );
#3176 = FILL_AREA_STYLE ('',( #10407 ) ) ;
#3177 = SURFACE_SIDE_STYLE ('',( #5440 ) ) ;
#3178 = COLOUR_RGB ( '',0.2509803921568627416, 0.2509803921568627416, 0.2509803921568627416 ) ;
#3179 = EDGE_CURVE ( 'NONE', #215, #5411, #6821, .T. ) ;
#3180 = DIRECTION ( 'NONE',  ( -0.9848077530122085754, -0.1736481776669273613, -0.000000000000000000 ) ) ;
#3181 = DIRECTION ( 'NONE',  ( -1.000000000000000000, -0.000000000000000000, -0.000000000000000000 ) ) ;
#3182 = SURFACE_STYLE_FILL_AREA ( #696 ) ;
#3183 = VECTOR ( 'NONE', #1163, 1000.000000000000000 ) ;
#3184 = ORIENTED_EDGE ( 'NONE', *, *, #9553, .T. ) ;
#3185 = CARTESIAN_POINT ( 'NONE',  ( -0.8400000000000005240, 0.7249999999999999778, -2.000000000000000000 ) ) ;
#3186 = MECHANICAL_DESIGN_GEOMETRIC_PRESENTATION_REPRESENTATION (  '', ( #10085 ), #4016 ) ;
#3187 =( LENGTH_UNIT ( ) NAMED_UNIT ( * ) SI_UNIT ( .MILLI., .METRE. ) );
#3188 = DIRECTION ( 'NONE',  ( 0.000000000000000000, -0.000000000000000000, 1.000000000000000000 ) ) ;
#3189 = PLANE ( 'NONE',  #5763 ) ;
#3190 = VECTOR ( 'NONE', #2314, 1000.000000000000000 ) ;
#3191 = PRESENTATION_LAYER_ASSIGNMENT (  '', '', ( #3867 ) ) ;
#3192 =( LENGTH_UNIT ( ) NAMED_UNIT ( * ) SI_UNIT ( .MILLI., .METRE. ) );
#3193 = EDGE_LOOP ( 'NONE', ( #4361, #6422, #10072, #3827 ) ) ;
#3194 = CARTESIAN_POINT ( 'NONE',  ( 4.649999999999999467, 0.1823257994792188419, 2.542325799479218773 ) ) ;
#3195 = PRESENTATION_LAYER_ASSIGNMENT (  '', '', ( #7716 ) ) ;
#3196 = AXIS2_PLACEMENT_3D ( 'NONE', #713, #8108, #5707 ) ;
#3197 = CARTESIAN_POINT ( 'NONE',  ( -2.970000000000000639, 0.6426742005207811692, -2.177674200520781422 ) ) ;
#3198 = ORIENTED_EDGE ( 'NONE', *, *, #6010, .T. ) ;
#3199 = EDGE_CURVE ( 'NONE', #6643, #1953, #1180, .T. ) ;
#3200 = SURFACE_SIDE_STYLE ('',( #4928 ) ) ;
#3201 = CARTESIAN_POINT ( 'NONE',  ( -4.650000000000000355, 0.1000000000000000056, 3.000000000000000000 ) ) ;
#3203 = VECTOR ( 'NONE', #3588, 1000.000000000000000 ) ;
#3202 =( LENGTH_UNIT ( ) NAMED_UNIT ( * ) SI_UNIT ( .MILLI., .METRE. ) );
#3204 = FILL_AREA_STYLE_COLOUR ( '', #3339 ) ;
#3205 = DIRECTION ( 'NONE',  ( -1.000000000000000000, -0.000000000000000000, -0.000000000000000000 ) ) ;
#3206 = PRESENTATION_STYLE_ASSIGNMENT (( #3250 ) ) ;
#3207 = AXIS2_PLACEMENT_3D ( 'NONE', #10273, #558, #609 ) ;
#3208 = PRESENTATION_STYLE_ASSIGNMENT (( #9580 ) ) ;
#3209 = LINE ( 'NONE', #2400, #850 ) ;
#3210 = AXIS2_PLACEMENT_3D ( 'NONE', #4556, #5403, #7756 ) ;
#3211 = DIRECTION ( 'NONE',  ( -1.000000000000000000, -0.000000000000000000, -0.000000000000000000 ) ) ;
#3212 = ORIENTED_EDGE ( 'NONE', *, *, #2574, .T. ) ;
#3213 = EDGE_CURVE ( 'NONE', #5445, #1402, #1301, .T. ) ;
#3214 =( GEOMETRIC_REPRESENTATION_CONTEXT ( 3 ) GLOBAL_UNCERTAINTY_ASSIGNED_CONTEXT ( ( #3610 ) ) GLOBAL_UNIT_ASSIGNED_CONTEXT ( ( #6556, #2526, #9840 ) ) REPRESENTATION_CONTEXT ( 'NONE', 'WORKASPACE' ) );
#3215 = DIRECTION ( 'NONE',  ( 0.000000000000000000, -1.000000000000000000, 0.000000000000000000 ) ) ;
#3216 = UNCERTAINTY_MEASURE_WITH_UNIT (LENGTH_MEASURE( 1.000000000000000082E-05 ), #3242, 'distance_accuracy_value', 'NONE');
#3217 = CARTESIAN_POINT ( 'NONE',  ( -0.4300000000000007150, -0.1000000000000000056, -3.000000000000000000 ) ) ;
#3218 = DIRECTION ( 'NONE',  ( -1.000000000000000000, 0.000000000000000000, 0.000000000000000000 ) ) ;
#3219 = CARTESIAN_POINT ( 'NONE',  ( -0.8400000000000005240, 0.9249999999999998224, 2.177674200520781422 ) ) ;
#3220 =( NAMED_UNIT ( * ) SI_UNIT ( $, .STERADIAN. ) SOLID_ANGLE_UNIT ( ) );
#3221 = ORIENTED_EDGE ( 'NONE', *, *, #8124, .F. ) ;
#3222 =( NAMED_UNIT ( * ) PLANE_ANGLE_UNIT ( ) SI_UNIT ( $, .RADIAN. ) );
#3223 = ORIENTED_EDGE ( 'NONE', *, *, #3919, .F. ) ;
#3224 = EDGE_CURVE ( 'NONE', #9105, #1978, #8475, .T. ) ;
#3225 = UNCERTAINTY_MEASURE_WITH_UNIT (LENGTH_MEASURE( 1.000000000000000082E-05 ), #3629, 'distance_accuracy_value', 'NONE');
#3226 = LINE ( 'NONE', #8870, #10214 ) ;
#3227 = FACE_OUTER_BOUND ( 'NONE', #9964, .T. ) ;
#3228 = CYLINDRICAL_SURFACE ( 'NONE', #4956, 0.08232579947921878083 ) ;
#3229 = FILL_AREA_STYLE_COLOUR ( '', #9028 ) ;
#3230 = FACE_OUTER_BOUND ( 'NONE', #5108, .T. ) ;
#3231 = CARTESIAN_POINT ( 'NONE',  ( -0.8400000000000005240, -0.1000000000000000056, -2.542325799479218773 ) ) ;
#3232 = CARTESIAN_POINT ( 'NONE',  ( -5.000000000000000888, 0.7000000000000166089, -2.000000000000000000 ) ) ;
#3233 = DIRECTION ( 'NONE',  ( -0.000000000000000000, -1.000000000000000000, -0.000000000000000000 ) ) ;
#3234 = EDGE_LOOP ( 'NONE', ( #1108, #3659, #9079, #9383 ) ) ;
#3235 =( NAMED_UNIT ( * ) PLANE_ANGLE_UNIT ( ) SI_UNIT ( $, .RADIAN. ) );
#3236 = VERTEX_POINT ( 'NONE', #2823 ) ;
#3237 =( NAMED_UNIT ( * ) PLANE_ANGLE_UNIT ( ) SI_UNIT ( $, .RADIAN. ) );
#3238 = DIRECTION ( 'NONE',  ( 0.000000000000000000, 0.000000000000000000, -1.000000000000000000 ) ) ;
#3239 = SURFACE_SIDE_STYLE ('',( #3873 ) ) ;
#3240 = FILL_AREA_STYLE ('',( #8045 ) ) ;
#3241 = DIRECTION ( 'NONE',  ( 0.000000000000000000, 0.000000000000000000, 1.000000000000000000 ) ) ;
#3242 =( LENGTH_UNIT ( ) NAMED_UNIT ( * ) SI_UNIT ( .MILLI., .METRE. ) );
#3243 = CARTESIAN_POINT ( 'NONE',  ( -0.4300000000000007150, 0.1823257994792188419, 2.542325799479218773 ) ) ;
#3244 = ORIENTED_EDGE ( 'NONE', *, *, #7577, .T. ) ;
#3245 = ADVANCED_FACE ( 'NONE', ( #1942 ), #265, .F. ) ;
#3246 = SURFACE_STYLE_USAGE ( .BOTH. , #2302 ) ;
#3247 =( LENGTH_UNIT ( ) NAMED_UNIT ( * ) SI_UNIT ( .MILLI., .METRE. ) );
#3248 = DIRECTION ( 'NONE',  ( -0.000000000000000000, 0.000000000000000000, -1.000000000000000000 ) ) ;
#3249 = DIRECTION ( 'NONE',  ( 0.000000000000000000, 0.000000000000000000, 1.000000000000000000 ) ) ;
#3250 = SURFACE_STYLE_USAGE ( .BOTH. , #104 ) ;
#3251 = DIRECTION ( 'NONE',  ( -1.000000000000000000, -0.000000000000000000, -0.000000000000000000 ) ) ;
#3252 =( NAMED_UNIT ( * ) PLANE_ANGLE_UNIT ( ) SI_UNIT ( $, .RADIAN. ) );
#3253 = LINE ( 'NONE', #10325, #8819 ) ;
#3254 = PLANE ( 'NONE',  #6664 ) ;
#3255 = CIRCLE ( 'NONE', #2407, 0.1767460219523444287 ) ;
#3256 = FILL_AREA_STYLE_COLOUR ( '', #7463 ) ;
#3257 = CARTESIAN_POINT ( 'NONE',  ( 0.8399999999999996358, 0.9250000000000000444, -2.000000000000000000 ) ) ;
#3258 = DIRECTION ( 'NONE',  ( -0.1710878697460327114, -0.9702875252478150303, 0.1710878697460327114 ) ) ;
#3259 = VERTEX_POINT ( 'NONE', #9903 ) ;
#3260 = CARTESIAN_POINT ( 'NONE',  ( 2.969999999999999751, 0.1823257994792188419, -2.542325799479218773 ) ) ;
#3261 = DIRECTION ( 'NONE',  ( 0.000000000000000000, 0.000000000000000000, 1.000000000000000000 ) ) ;
#3262 = AXIS2_PLACEMENT_3D ( 'NONE', #3401, #5915, #7542 ) ;
#3263 =( GEOMETRIC_REPRESENTATION_CONTEXT ( 3 ) GLOBAL_UNCERTAINTY_ASSIGNED_CONTEXT ( ( #8881 ) ) GLOBAL_UNIT_ASSIGNED_CONTEXT ( ( #10303, #9712, #5587 ) ) REPRESENTATION_CONTEXT ( 'NONE', 'WORKASPACE' ) );
#3264 = VECTOR ( 'NONE', #7359, 1000.000000000000000 ) ;
#3265 = EDGE_CURVE ( 'NONE', #7819, #2784, #8316, .T. ) ;
#3266 = CARTESIAN_POINT ( 'NONE',  ( 3.379999999999999449, 0.1000000000000000056, 2.542325799479218773 ) ) ;
#3267 = DIRECTION ( 'NONE',  ( -1.000000000000000000, -0.000000000000000000, -0.000000000000000000 ) ) ;
#3268 = ORIENTED_EDGE ( 'NONE', *, *, #3348, .F. ) ;
#3269 = AXIS2_PLACEMENT_3D ( 'NONE', #9723, #8887, #856 ) ;
#3270 = DIRECTION ( 'NONE',  ( -1.000000000000000000, -0.000000000000000000, -0.000000000000000000 ) ) ;
#3271 = STYLED_ITEM ( 'NONE', ( #6134 ), #6358 ) ;
#3272 = SURFACE_STYLE_USAGE ( .BOTH. , #1741 ) ;
#3273 = VECTOR ( 'NONE', #1802, 1000.000000000000000 ) ;
#3274 =( GEOMETRIC_REPRESENTATION_CONTEXT ( 3 ) GLOBAL_UNCERTAINTY_ASSIGNED_CONTEXT ( ( #568 ) ) GLOBAL_UNIT_ASSIGNED_CONTEXT ( ( #70, #1855, #8133 ) ) REPRESENTATION_CONTEXT ( 'NONE', 'WORKASPACE' ) );
#3275 = DIRECTION ( 'NONE',  ( -0.000000000000000000, -1.000000000000000000, -0.000000000000000000 ) ) ;
#3276 = DIRECTION ( 'NONE',  ( -0.000000000000000000, 1.000000000000000000, 0.000000000000000000 ) ) ;
#3277 = ADVANCED_FACE ( 'NONE', ( #2675 ), #2317, .F. ) ;
#3278 = SURFACE_STYLE_USAGE ( .BOTH. , #950 ) ;
#3279 = MECHANICAL_DESIGN_GEOMETRIC_PRESENTATION_REPRESENTATION (  '', ( #2087 ), #1230 ) ;
#3280 = CARTESIAN_POINT ( 'NONE',  ( -3.380000000000000338, 0.9249999999999998224, -2.177674200520781422 ) ) ;
#3281 =( LENGTH_UNIT ( ) NAMED_UNIT ( * ) SI_UNIT ( .MILLI., .METRE. ) );
#3282 = ORIENTED_EDGE ( 'NONE', *, *, #3934, .F. ) ;
#3283 = UNCERTAINTY_MEASURE_WITH_UNIT (LENGTH_MEASURE( 1.000000000000000082E-05 ), #820, 'distance_accuracy_value', 'NONE');
#3284 = PRESENTATION_LAYER_ASSIGNMENT (  '', '', ( #8333 ) ) ;
#3285 = VERTEX_POINT ( 'NONE', #4055 ) ;
#3286 = DIRECTION ( 'NONE',  ( 1.000000000000000000, 0.000000000000000000, 0.000000000000000000 ) ) ;
#3287 = COLOUR_RGB ( '',0.7529411764705882248, 0.7529411764705882248, 0.7529411764705882248 ) ;
#3288 =( GEOMETRIC_REPRESENTATION_CONTEXT ( 3 ) GLOBAL_UNCERTAINTY_ASSIGNED_CONTEXT ( ( #5076 ) ) GLOBAL_UNIT_ASSIGNED_CONTEXT ( ( #10076, #1192, #6675 ) ) REPRESENTATION_CONTEXT ( 'NONE', 'WORKASPACE' ) );
#3289 = AXIS2_PLACEMENT_3D ( 'NONE', #737, #8027, #7790 ) ;
#3290 = LINE ( 'NONE', #2700, #2795 ) ;
#3291 = EDGE_CURVE ( 'NONE', #8637, #1661, #5183, .T. ) ;
#3292 = LINE ( 'NONE', #2503, #3603 ) ;
#3293 = DIRECTION ( 'NONE',  ( 0.000000000000000000, 0.000000000000000000, -1.000000000000000000 ) ) ;
#3294 = VERTEX_POINT ( 'NONE', #652 ) ;
#3295 = VECTOR ( 'NONE', #7396, 1000.000000000000000 ) ;
#3296 = FILL_AREA_STYLE_COLOUR ( '', #8778 ) ;
#3297 = ORIENTED_EDGE ( 'NONE', *, *, #7557, .F. ) ;
#3298 = DIRECTION ( 'NONE',  ( -0.000000000000000000, -1.000000000000000000, -0.000000000000000000 ) ) ;
#3299 = DIRECTION ( 'NONE',  ( 1.000000000000000000, 0.000000000000000000, 0.000000000000000000 ) ) ;
#3300 = FACE_OUTER_BOUND ( 'NONE', #1468, .T. ) ;
#3301 = CARTESIAN_POINT ( 'NONE',  ( -2.970000000000000639, 0.7249999999999999778, -2.000000000000000000 ) ) ;
#3302 = AXIS2_PLACEMENT_3D ( 'NONE', #9474, #2232, #2130 ) ;
#3303 = COLOUR_RGB ( '',0.7529411764705882248, 0.7529411764705882248, 0.7529411764705882248 ) ;
#3304 = UNCERTAINTY_MEASURE_WITH_UNIT (LENGTH_MEASURE( 1.000000000000000082E-05 ), #7128, 'distance_accuracy_value', 'NONE');
#3305 = SURFACE_STYLE_USAGE ( .BOTH. , #161 ) ;
#3306 = MECHANICAL_DESIGN_GEOMETRIC_PRESENTATION_REPRESENTATION (  '', ( #7150 ), #5150 ) ;
#3307 = FILL_AREA_STYLE_COLOUR ( '', #3688 ) ;
#3308 = AXIS2_PLACEMENT_3D ( 'NONE', #8710, #8650, #5578 ) ;
#3309 = PLANE ( 'NONE',  #6870 ) ;
#3310 = LINE ( 'NONE', #7293, #966 ) ;
#3311 = DIRECTION ( 'NONE',  ( 0.000000000000000000, 1.000000000000000000, 0.000000000000000000 ) ) ;
#3312 =( NAMED_UNIT ( * ) SI_UNIT ( $, .STERADIAN. ) SOLID_ANGLE_UNIT ( ) );
#3313 =( NAMED_UNIT ( * ) SI_UNIT ( $, .STERADIAN. ) SOLID_ANGLE_UNIT ( ) );
#3314 = VECTOR ( 'NONE', #9638, 1000.000000000000000 ) ;
#3315 = SURFACE_SIDE_STYLE ('',( #1834 ) ) ;
#3316 = EDGE_LOOP ( 'NONE', ( #3904, #10213, #5481, #6124 ) ) ;
#3317 = ADVANCED_FACE ( 'NONE', ( #1650 ), #8095, .T. ) ;
#3318 = VECTOR ( 'NONE', #181, 1000.000000000000000 ) ;
#3319 = UNCERTAINTY_MEASURE_WITH_UNIT (LENGTH_MEASURE( 1.000000000000000082E-05 ), #9112, 'distance_accuracy_value', 'NONE');
#3320 = VECTOR ( 'NONE', #8559, 1000.000000000000000 ) ;
#3321 = DIRECTION ( 'NONE',  ( -1.000000000000000000, 0.000000000000000000, -0.000000000000000000 ) ) ;
#3322 =( LENGTH_UNIT ( ) NAMED_UNIT ( * ) SI_UNIT ( .MILLI., .METRE. ) );
#3323 = EDGE_CURVE ( 'NONE', #4471, #616, #5643, .T. ) ;
#3324 = DIRECTION ( 'NONE',  ( -1.000000000000000000, 0.000000000000000000, -0.000000000000000000 ) ) ;
#3325 = VERTEX_POINT ( 'NONE', #8885 ) ;
#3326 = ORIENTED_EDGE ( 'NONE', *, *, #7622, .F. ) ;
#3327 = UNCERTAINTY_MEASURE_WITH_UNIT (LENGTH_MEASURE( 1.000000000000000082E-05 ), #9235, 'distance_accuracy_value', 'NONE');
#3328 = DIRECTION ( 'NONE',  ( 0.000000000000000000, 0.000000000000000000, 1.000000000000000000 ) ) ;
#3329 = FILL_AREA_STYLE ('',( #9812 ) ) ;
#3330 = COLOUR_RGB ( '',0.7529411764705882248, 0.7529411764705882248, 0.7529411764705882248 ) ;
#3331 = CARTESIAN_POINT ( 'NONE',  ( 4.649999999999999467, 0.6426742005207811692, -2.459999999999999964 ) ) ;
#3332 = FILL_AREA_STYLE_COLOUR ( '', #6619 ) ;
#3333 = SURFACE_SIDE_STYLE ('',( #8134 ) ) ;
#3334 = CARTESIAN_POINT ( 'NONE',  ( -4.650000000000000355, 0.1823257994792188696, -2.259999999999999787 ) ) ;
#3335 = ORIENTED_EDGE ( 'NONE', *, *, #6474, .F. ) ;
#3336 = PRESENTATION_LAYER_ASSIGNMENT (  '', '', ( #7879 ) ) ;
#3337 = ORIENTED_EDGE ( 'NONE', *, *, #5167, .T. ) ;
#3338 = ADVANCED_FACE ( 'NONE', ( #7274 ), #7174, .F. ) ;
#3339 = COLOUR_RGB ( '',0.7529411764705882248, 0.7529411764705882248, 0.7529411764705882248 ) ;
#3340 = PRESENTATION_LAYER_ASSIGNMENT (  '', '', ( #8737 ) ) ;
#3341 = VECTOR ( 'NONE', #320, 1000.000000000000000 ) ;
#3342 = SURFACE_STYLE_FILL_AREA ( #2649 ) ;
#3343 = EDGE_LOOP ( 'NONE', ( #1678, #5720 ) ) ;
#3344 = DIRECTION ( 'NONE',  ( 0.000000000000000000, 0.000000000000000000, -1.000000000000000000 ) ) ;
#3345 = AXIS2_PLACEMENT_3D ( 'NONE', #9738, #6493, #9057 ) ;
#3346 = VERTEX_POINT ( 'NONE', #6418 ) ;
#3347 = LINE ( 'NONE', #4825, #1960 ) ;
#3348 = EDGE_CURVE ( 'NONE', #2888, #9885, #8823, .T. ) ;
#3349 = VECTOR ( 'NONE', #5041, 1000.000000000000000 ) ;
#3350 = CARTESIAN_POINT ( 'NONE',  ( 1.699999999999999734, 0.7249999999999999778, 2.000000000000000000 ) ) ;
#3351 = DIRECTION ( 'NONE',  ( -1.000000000000000000, -0.000000000000000000, -0.000000000000000000 ) ) ;
#3352 = DIRECTION ( 'NONE',  ( 1.000000000000000000, 0.000000000000000000, 0.000000000000000000 ) ) ;
#3353 = FILL_AREA_STYLE ('',( #2518 ) ) ;
#3354 = CARTESIAN_POINT ( 'NONE',  ( 2.969999999999999751, 0.7249999999999999778, 2.000000000000000000 ) ) ;
#3355 = DIRECTION ( 'NONE',  ( -1.000000000000000000, -0.000000000000000000, -0.000000000000000000 ) ) ;
#3356 =( LENGTH_UNIT ( ) NAMED_UNIT ( * ) SI_UNIT ( .MILLI., .METRE. ) );
#3357 = PRESENTATION_STYLE_ASSIGNMENT (( #168 ) ) ;
#3358 = DIRECTION ( 'NONE',  ( 0.1446444018625451799, -0.8203191665925412268, 0.5533122643957435471 ) ) ;
#3359 = FACE_OUTER_BOUND ( 'NONE', #7664, .T. ) ;
#3360 = AXIS2_PLACEMENT_3D ( 'NONE', #9370, #8620, #6261 ) ;
#3361 = PRESENTATION_LAYER_ASSIGNMENT (  '', '', ( #7911 ) ) ;
#3362 = ORIENTED_EDGE ( 'NONE', *, *, #7742, .F. ) ;
#3363 = LINE ( 'NONE', #1419, #5693 ) ;
#3364 = CARTESIAN_POINT ( 'NONE',  ( 2.109999999999999432, 0.6426742005207811692, 2.177674200520781422 ) ) ;
#3365 = CARTESIAN_POINT ( 'NONE',  ( 3.379999999999999449, 0.1000000000000000056, -3.000000000000000000 ) ) ;
#3366 = CIRCLE ( 'NONE', #8762, 0.2823257994792188752 ) ;
#3367 = EDGE_CURVE ( 'NONE', #6130, #8192, #4079, .T. ) ;
#3368 = FACE_OUTER_BOUND ( 'NONE', #7605, .T. ) ;
#3369 = SURFACE_STYLE_USAGE ( .BOTH. , #9805 ) ;
#3370 = CARTESIAN_POINT ( 'NONE',  ( -2.970000000000000639, 0.9249999999999998224, 2.177674200520781422 ) ) ;
#3371 = ORIENTED_EDGE ( 'NONE', *, *, #8980, .F. ) ;
#3372 = VERTEX_POINT ( 'NONE', #8725 ) ;
#3373 = MECHANICAL_DESIGN_GEOMETRIC_PRESENTATION_REPRESENTATION (  '', ( #5052 ), #3214 ) ;
#3374 = DIRECTION ( 'NONE',  ( -0.000000000000000000, -1.000000000000000000, -0.000000000000000000 ) ) ;
#3375 = VERTEX_POINT ( 'NONE', #1495 ) ;
#3376 = CARTESIAN_POINT ( 'NONE',  ( 2.969999999999999751, 0.6426742005207811692, 2.177674200520781422 ) ) ;
#3377 = EDGE_CURVE ( 'NONE', #6933, #5561, #699, .T. ) ;
#3378 = SURFACE_STYLE_FILL_AREA ( #8185 ) ;
#3379 = VECTOR ( 'NONE', #3930, 1000.000000000000000 ) ;
#3380 = PRESENTATION_STYLE_ASSIGNMENT (( #2635 ) ) ;
#3381 = LINE ( 'NONE', #6578, #5266 ) ;
#3382 = DIRECTION ( 'NONE',  ( 1.000000000000000000, 0.000000000000000000, 0.000000000000000000 ) ) ;
#3383 = VERTEX_POINT ( 'NONE', #4133 ) ;
#3384 = CARTESIAN_POINT ( 'NONE',  ( 2.109999999999999432, 0.6426742005207811692, -2.260000000000000231 ) ) ;
#3385 = VERTEX_POINT ( 'NONE', #8141 ) ;
#3386 = LINE ( 'NONE', #8291, #3113 ) ;
#3387 = SURFACE_STYLE_USAGE ( .BOTH. , #196 ) ;
#3388 = SURFACE_STYLE_USAGE ( .BOTH. , #2743 ) ;
#3389 = PRESENTATION_STYLE_ASSIGNMENT (( #352 ) ) ;
#3390 = EDGE_CURVE ( 'NONE', #3020, #1895, #7195, .T. ) ;
#3391 = DIRECTION ( 'NONE',  ( -0.000000000000000000, -1.000000000000000000, -0.000000000000000000 ) ) ;
#3392 = CARTESIAN_POINT ( 'NONE',  ( -0.4300000000000007150, 0.9250000000000000444, 2.000000000000000000 ) ) ;
#3393 = ORIENTED_EDGE ( 'NONE', *, *, #4913, .F. ) ;
#3394 = SURFACE_STYLE_FILL_AREA ( #962 ) ;
#3395 = ORIENTED_EDGE ( 'NONE', *, *, #5003, .T. ) ;
#3396 = PLANE ( 'NONE',  #11 ) ;
#3397 = CARTESIAN_POINT ( 'NONE',  ( 3.379999999999999449, 0.7249999999999998668, -2.177674200520781422 ) ) ;
#3398 = DIRECTION ( 'NONE',  ( 1.000000000000000000, 0.000000000000000000, 0.000000000000000000 ) ) ;
#3399 = FILL_AREA_STYLE_COLOUR ( '', #8345 ) ;
#3400 = SURFACE_STYLE_FILL_AREA ( #4210 ) ;
#3401 = CARTESIAN_POINT ( 'NONE',  ( 0.000000000000000000, 1.649999999999999911, 0.000000000000000000 ) ) ;
#3402 = SURFACE_STYLE_FILL_AREA ( #8261 ) ;
#3403 = EDGE_CURVE ( 'NONE', #6212, #3902, #4917, .T. ) ;
#3404 = CARTESIAN_POINT ( 'NONE',  ( 0.8399999999999996358, 0.6426742005207811692, 2.260000000000000231 ) ) ;
#3405 = FILL_AREA_STYLE ('',( #3256 ) ) ;
#3406 = DIRECTION ( 'NONE',  ( 0.000000000000000000, 0.000000000000000000, 1.000000000000000000 ) ) ;
#3407 = EDGE_LOOP ( 'NONE', ( #8696, #3221, #1522, #9237 ) ) ;
#3408 = DIRECTION ( 'NONE',  ( -0.000000000000000000, -1.000000000000000000, -0.000000000000000000 ) ) ;
#3409 = PLANE ( 'NONE',  #9251 ) ;
#3410 = SURFACE_SIDE_STYLE ('',( #9635 ) ) ;
#3411 = PLANE ( 'NONE',  #3942 ) ;
#3412 =( NAMED_UNIT ( * ) PLANE_ANGLE_UNIT ( ) SI_UNIT ( $, .RADIAN. ) );
#3413 = EDGE_CURVE ( 'NONE', #5094, #7155, #8168, .T. ) ;
#3414 = FILL_AREA_STYLE_COLOUR ( '', #1587 ) ;
#3415 = FACE_OUTER_BOUND ( 'NONE', #8518, .T. ) ;
#3416 = VERTEX_POINT ( 'NONE', #3064 ) ;
#3417 = STYLED_ITEM ( 'NONE', ( #2824 ), #2355 ) ;
#3418 = FILL_AREA_STYLE ('',( #8080 ) ) ;
#3419 = ORIENTED_EDGE ( 'NONE', *, *, #8810, .T. ) ;
#3420 = EDGE_LOOP ( 'NONE', ( #7764, #2482, #1003, #1997 ) ) ;
#3421 = VECTOR ( 'NONE', #9004, 1000.000000000000000 ) ;
#3422 = CARTESIAN_POINT ( 'NONE',  ( 2.109999999999999432, 0.1823257994792188419, -2.459999999999999964 ) ) ;
#3423 = SURFACE_SIDE_STYLE ('',( #229 ) ) ;
#3424 = AXIS2_PLACEMENT_3D ( 'NONE', #3016, #7926, #7974 ) ;
#3425 = CIRCLE ( 'NONE', #9337, 0.2823257994792188752 ) ;
#3426 = CARTESIAN_POINT ( 'NONE',  ( 2.109999999999999432, 0.9250000000000000444, -2.000000000000000000 ) ) ;
#3427 = FACE_OUTER_BOUND ( 'NONE', #979, .T. ) ;
#3428 = ORIENTED_EDGE ( 'NONE', *, *, #7742, .T. ) ;
#3429 = EDGE_CURVE ( 'NONE', #1797, #8548, #8908, .T. ) ;
#3430 = CARTESIAN_POINT ( 'NONE',  ( -0.4300000000000007150, 0.1000000000000000056, -3.000000000000000000 ) ) ;
#3431 = MECHANICAL_DESIGN_GEOMETRIC_PRESENTATION_REPRESENTATION (  '', ( #8325 ), #10012 ) ;
#3432 = VECTOR ( 'NONE', #8247, 1000.000000000000000 ) ;
#3433 = PRESENTATION_LAYER_ASSIGNMENT (  '', '', ( #6622 ) ) ;
#3434 = DIRECTION ( 'NONE',  ( -1.000000000000000000, -0.000000000000000000, -0.000000000000000000 ) ) ;
#3435 = CARTESIAN_POINT ( 'NONE',  ( -4.240000000000001101, 0.1823257994792188696, 2.259999999999999787 ) ) ;
#3436 = VECTOR ( 'NONE', #6963, 1000.000000000000000 ) ;
#3437 = CARTESIAN_POINT ( 'NONE',  ( -2.970000000000000639, 0.7249999999999998668, -2.177674200520781422 ) ) ;
#3438 = PLANE ( 'NONE',  #2086 ) ;
#3439 = ORIENTED_EDGE ( 'NONE', *, *, #5673, .T. ) ;
#3440 = EDGE_CURVE ( 'NONE', #1811, #1322, #2272, .T. ) ;
#3441 = MECHANICAL_DESIGN_GEOMETRIC_PRESENTATION_REPRESENTATION (  '', ( #8005 ), #2938 ) ;
#3442 =( GEOMETRIC_REPRESENTATION_CONTEXT ( 3 ) GLOBAL_UNCERTAINTY_ASSIGNED_CONTEXT ( ( #8910 ) ) GLOBAL_UNIT_ASSIGNED_CONTEXT ( ( #3865, #5588, #8663 ) ) REPRESENTATION_CONTEXT ( 'NONE', 'WORKASPACE' ) );
#3443 = DIRECTION ( 'NONE',  ( -1.000000000000000000, -0.000000000000000000, -0.000000000000000000 ) ) ;
#3444 = AXIS2_PLACEMENT_3D ( 'NONE', #9916, #9238, #7565 ) ;
#3445 = ORIENTED_EDGE ( 'NONE', *, *, #5671, .F. ) ;
#3446 = SURFACE_STYLE_FILL_AREA ( #3605 ) ;
#3447 = AXIS2_PLACEMENT_3D ( 'NONE', #3194, #5110, #6383 ) ;
#3448 = FILL_AREA_STYLE_COLOUR ( '', #6533 ) ;
#3449 = SURFACE_SIDE_STYLE ('',( #2658 ) ) ;
#3450 = EDGE_CURVE ( 'NONE', #2858, #1384, #5356, .T. ) ;
#3451 = DIRECTION ( 'NONE',  ( 0.000000000000000000, -1.000000000000000000, 0.000000000000000000 ) ) ;
#3452 = PLANE ( 'NONE',  #8766 ) ;
#3453 = LINE ( 'NONE', #1878, #1788 ) ;
#3454 = SURFACE_STYLE_FILL_AREA ( #5971 ) ;
#3455 = COLOUR_RGB ( '',0.7529411764705882248, 0.7529411764705882248, 0.7529411764705882248 ) ;
#3456 =( LENGTH_UNIT ( ) NAMED_UNIT ( * ) SI_UNIT ( .MILLI., .METRE. ) );
#3457 = CIRCLE ( 'NONE', #8689, 0.08232579947921878083 ) ;
#3458 = PLANE ( 'NONE',  #4678 ) ;
#3459 = LINE ( 'NONE', #2717, #299 ) ;
#3460 = PRESENTATION_LAYER_ASSIGNMENT (  '', '', ( #8016 ) ) ;
#3461 = DIRECTION ( 'NONE',  ( 0.000000000000000000, 1.000000000000000000, 0.000000000000000000 ) ) ;
#3462 = CARTESIAN_POINT ( 'NONE',  ( 2.109999999999999432, 0.1823257994792188696, -2.259999999999999787 ) ) ;
#3463 = SURFACE_STYLE_FILL_AREA ( #413 ) ;
#3464 = ORIENTED_EDGE ( 'NONE', *, *, #10167, .F. ) ;
#3465 = VECTOR ( 'NONE', #1584, 1000.000000000000000 ) ;
#3466 = SURFACE_STYLE_FILL_AREA ( #9902 ) ;
#3467 = VECTOR ( 'NONE', #7283, 1000.000000000000000 ) ;
#3468 = DIRECTION ( 'NONE',  ( 0.000000000000000000, 0.000000000000000000, -1.000000000000000000 ) ) ;
#3469 = ADVANCED_FACE ( 'NONE', ( #2529 ), #7856, .F. ) ;
#3470 = CARTESIAN_POINT ( 'NONE',  ( -2.970000000000000639, 0.1000000000000000056, 2.542325799479218773 ) ) ;
#3471 = VECTOR ( 'NONE', #5429, 1000.000000000000000 ) ;
#3472 = LINE ( 'NONE', #7553, #1694 ) ;
#3473 = VECTOR ( 'NONE', #3131, 1000.000000000000000 ) ;
#3474 = DIRECTION ( 'NONE',  ( -0.000000000000000000, -1.000000000000000000, -0.000000000000000000 ) ) ;
#3475 = LINE ( 'NONE', #379, #10051 ) ;
#3476 = STYLED_ITEM ( 'NONE', ( #5064 ), #317 ) ;
#3477 = VERTEX_POINT ( 'NONE', #1480 ) ;
#3478 =( GEOMETRIC_REPRESENTATION_CONTEXT ( 3 ) GLOBAL_UNCERTAINTY_ASSIGNED_CONTEXT ( ( #3225 ) ) GLOBAL_UNIT_ASSIGNED_CONTEXT ( ( #3629, #5931, #6281 ) ) REPRESENTATION_CONTEXT ( 'NONE', 'WORKASPACE' ) );
#3479 = ORIENTED_EDGE ( 'NONE', *, *, #9976, .T. ) ;
#3480 = ORIENTED_EDGE ( 'NONE', *, *, #3813, .F. ) ;
#3481 = EDGE_CURVE ( 'NONE', #5419, #4596, #4050, .T. ) ;
#3482 = FILL_AREA_STYLE ('',( #9763 ) ) ;
#3483 =( GEOMETRIC_REPRESENTATION_CONTEXT ( 3 ) GLOBAL_UNCERTAINTY_ASSIGNED_CONTEXT ( ( #2367 ) ) GLOBAL_UNIT_ASSIGNED_CONTEXT ( ( #8126, #880, #5621 ) ) REPRESENTATION_CONTEXT ( 'NONE', 'WORKASPACE' ) );
#3484 = AXIS2_PLACEMENT_3D ( 'NONE', #976, #4983, #8962 ) ;
#3485 = FILL_AREA_STYLE_COLOUR ( '', #1863 ) ;
#3486 = DIRECTION ( 'NONE',  ( -0.000000000000000000, 0.000000000000000000, -1.000000000000000000 ) ) ;
#3487 = SURFACE_STYLE_USAGE ( .BOTH. , #6891 ) ;
#3488 = ORIENTED_EDGE ( 'NONE', *, *, #7086, .T. ) ;
#3489 = SURFACE_STYLE_USAGE ( .BOTH. , #95 ) ;
#3490 = ORIENTED_EDGE ( 'NONE', *, *, #8235, .T. ) ;
#3491 = AXIS2_PLACEMENT_3D ( 'NONE', #4636, #7850, #632 ) ;
#3492 = COLOUR_RGB ( '',0.7529411764705882248, 0.7529411764705882248, 0.7529411764705882248 ) ;
#3493 = EDGE_CURVE ( 'NONE', #8204, #2470, #1139, .T. ) ;
#3494 = FACE_OUTER_BOUND ( 'NONE', #771, .T. ) ;
#3495 = DIRECTION ( 'NONE',  ( -1.000000000000000000, -0.000000000000000000, -0.000000000000000000 ) ) ;
#3496 = CARTESIAN_POINT ( 'NONE',  ( 4.240000000000000213, 0.9250000000000000444, -2.000000000000000000 ) ) ;
#3497 = COLOUR_RGB ( '',0.7529411764705882248, 0.7529411764705882248, 0.7529411764705882248 ) ;
#3498 = LINE ( 'NONE', #6638, #418 ) ;
#3499 = VECTOR ( 'NONE', #4211, 1000.000000000000000 ) ;
#3500 =( LENGTH_UNIT ( ) NAMED_UNIT ( * ) SI_UNIT ( .MILLI., .METRE. ) );
#3501 = ORIENTED_EDGE ( 'NONE', *, *, #3403, .F. ) ;
#3502 =( NAMED_UNIT ( * ) SI_UNIT ( $, .STERADIAN. ) SOLID_ANGLE_UNIT ( ) );
#3503 = ORIENTED_EDGE ( 'NONE', *, *, #2768, .F. ) ;
#3504 = CARTESIAN_POINT ( 'NONE',  ( 4.876571113504072130, 1.649999999999999911, 0.000000000000000000 ) ) ;
#3505 = AXIS2_PLACEMENT_3D ( 'NONE', #10137, #9199, #1157 ) ;
#3506 = LINE ( 'NONE', #7487, #362 ) ;
#3507 = STYLED_ITEM ( 'NONE', ( #7499 ), #3277 ) ;
#3508 = EDGE_CURVE ( 'NONE', #10369, #7604, #876, .T. ) ;
#3509 = SURFACE_STYLE_FILL_AREA ( #306 ) ;
#3510 = UNCERTAINTY_MEASURE_WITH_UNIT (LENGTH_MEASURE( 1.000000000000000082E-05 ), #5749, 'distance_accuracy_value', 'NONE');
#3511 =( NAMED_UNIT ( * ) PLANE_ANGLE_UNIT ( ) SI_UNIT ( $, .RADIAN. ) );
#3512 = CARTESIAN_POINT ( 'NONE',  ( -3.380000000000000338, 0.1000000000000000056, -2.542325799479218773 ) ) ;
#3513 =( NAMED_UNIT ( * ) PLANE_ANGLE_UNIT ( ) SI_UNIT ( $, .RADIAN. ) );
#3514 = ORIENTED_EDGE ( 'NONE', *, *, #7452, .T. ) ;
#3515 = PLANE ( 'NONE',  #238 ) ;
#3516 = DIRECTION ( 'NONE',  ( -1.000000000000000000, -0.000000000000000000, -0.000000000000000000 ) ) ;
#3517 = EDGE_CURVE ( 'NONE', #6001, #6082, #1499, .T. ) ;
#3518 = CARTESIAN_POINT ( 'NONE',  ( 3.379999999999999449, 0.1823257994792188419, 2.542325799479218773 ) ) ;
#3519 =( GEOMETRIC_REPRESENTATION_CONTEXT ( 3 ) GLOBAL_UNCERTAINTY_ASSIGNED_CONTEXT ( ( #9406 ) ) GLOBAL_UNIT_ASSIGNED_CONTEXT ( ( #8473, #10274, #2037 ) ) REPRESENTATION_CONTEXT ( 'NONE', 'WORKASPACE' ) );
#3520 = DIRECTION ( 'NONE',  ( 0.000000000000000000, 0.000000000000000000, 1.000000000000000000 ) ) ;
#3521 = EDGE_LOOP ( 'NONE', ( #9825, #2151, #6017, #2270 ) ) ;
#3522 = CARTESIAN_POINT ( 'NONE',  ( -0.4300000000000007150, -0.1000000000000000056, 3.000000000000000000 ) ) ;
#3523 = DIRECTION ( 'NONE',  ( 0.000000000000000000, -1.000000000000000000, 0.000000000000000000 ) ) ;
#3524 = PRESENTATION_LAYER_ASSIGNMENT (  '', '', ( #2193 ) ) ;
#3525 = CARTESIAN_POINT ( 'NONE',  ( 2.109999999999999432, 0.6426742005207811692, -2.260000000000000231 ) ) ;
#3526 =( LENGTH_UNIT ( ) NAMED_UNIT ( * ) SI_UNIT ( .MILLI., .METRE. ) );
#3527 =( GEOMETRIC_REPRESENTATION_CONTEXT ( 3 ) GLOBAL_UNCERTAINTY_ASSIGNED_CONTEXT ( ( #7395 ) ) GLOBAL_UNIT_ASSIGNED_CONTEXT ( ( #7098, #7317, #8877 ) ) REPRESENTATION_CONTEXT ( 'NONE', 'WORKASPACE' ) );
#3528 = CARTESIAN_POINT ( 'NONE',  ( -2.970000000000000639, 0.7249999999999998668, 2.177674200520781422 ) ) ;
#3529 = SURFACE_STYLE_FILL_AREA ( #6724 ) ;
#3530 = AXIS2_PLACEMENT_3D ( 'NONE', #7111, #5402, #7812 ) ;
#3531 = EDGE_CURVE ( 'NONE', #9561, #1811, #8964, .T. ) ;
#3532 = CARTESIAN_POINT ( 'NONE',  ( -0.4300000000000007150, 0.1000000000000000056, -3.000000000000000000 ) ) ;
#3533 = ORIENTED_EDGE ( 'NONE', *, *, #6216, .T. ) ;
#3534 = ORIENTED_EDGE ( 'NONE', *, *, #7780, .F. ) ;
#3535 = ORIENTED_EDGE ( 'NONE', *, *, #4822, .T. ) ;
#3536 = VECTOR ( 'NONE', #4902, 1000.000000000000000 ) ;
#3537 = VECTOR ( 'NONE', #9380, 1000.000000000000000 ) ;
#3538 = ORIENTED_EDGE ( 'NONE', *, *, #948, .F. ) ;
#3539 =( LENGTH_UNIT ( ) NAMED_UNIT ( * ) SI_UNIT ( .MILLI., .METRE. ) );
#3540 = DIRECTION ( 'NONE',  ( 0.000000000000000000, 1.000000000000000000, 0.000000000000000000 ) ) ;
#3541 = MECHANICAL_DESIGN_GEOMETRIC_PRESENTATION_REPRESENTATION (  '', ( #4047 ), #4378 ) ;
#3542 = CARTESIAN_POINT ( 'NONE',  ( -4.739340130342052149, 2.428275579895048164, 1.189715303480948227 ) ) ;
#3543 = CARTESIAN_POINT ( 'NONE',  ( -1.700000000000001066, 0.9249999999999998224, 2.177674200520781422 ) ) ;
#3544 = DIRECTION ( 'NONE',  ( -1.000000000000000000, -0.000000000000000000, -0.000000000000000000 ) ) ;
#3545 =( GEOMETRIC_REPRESENTATION_CONTEXT ( 3 ) GLOBAL_UNCERTAINTY_ASSIGNED_CONTEXT ( ( #3699 ) ) GLOBAL_UNIT_ASSIGNED_CONTEXT ( ( #9274, #4507, #9219 ) ) REPRESENTATION_CONTEXT ( 'NONE', 'WORKASPACE' ) );
#3546 = LINE ( 'NONE', #8286, #2409 ) ;
#3547 = EDGE_CURVE ( 'NONE', #7117, #7980, #7528, .T. ) ;
#3548 = ORIENTED_EDGE ( 'NONE', *, *, #6554, .F. ) ;
#3549 =( NAMED_UNIT ( * ) SI_UNIT ( $, .STERADIAN. ) SOLID_ANGLE_UNIT ( ) );
#3550 = MECHANICAL_DESIGN_GEOMETRIC_PRESENTATION_REPRESENTATION (  '', ( #1009 ), #9122 ) ;
#3551 = LINE ( 'NONE', #3738, #5774 ) ;
#3552 = CYLINDRICAL_SURFACE ( 'NONE', #4799, 0.08232579947921878083 ) ;
#3553 = DIRECTION ( 'NONE',  ( 0.000000000000000000, -1.000000000000000000, 0.000000000000000000 ) ) ;
#3554 = PRESENTATION_STYLE_ASSIGNMENT (( #7627 ) ) ;
#3555 = EDGE_CURVE ( 'NONE', #8606, #4960, #3363, .T. ) ;
#3556 =( GEOMETRIC_REPRESENTATION_CONTEXT ( 3 ) GLOBAL_UNCERTAINTY_ASSIGNED_CONTEXT ( ( #10130 ) ) GLOBAL_UNIT_ASSIGNED_CONTEXT ( ( #7429, #5069, #3502 ) ) REPRESENTATION_CONTEXT ( 'NONE', 'WORKASPACE' ) );
#3557 = ORIENTED_EDGE ( 'NONE', *, *, #8131, .F. ) ;
#3558 = ORIENTED_EDGE ( 'NONE', *, *, #4839, .T. ) ;
#3559 = PLANE ( 'NONE',  #5223 ) ;
#3560 = EDGE_LOOP ( 'NONE', ( #8805, #3088, #6311, #4758 ) ) ;
#3561 = CARTESIAN_POINT ( 'NONE',  ( -2.110000000000000764, 0.7249999999999999778, 2.000000000000000000 ) ) ;
#3562 = DIRECTION ( 'NONE',  ( 0.000000000000000000, 0.000000000000000000, 1.000000000000000000 ) ) ;
#3563 = SURFACE_STYLE_FILL_AREA ( #6593 ) ;
#3564 =( LENGTH_UNIT ( ) NAMED_UNIT ( * ) SI_UNIT ( .MILLI., .METRE. ) );
#3565 = LINE ( 'NONE', #1929, #9995 ) ;
#3566 = LINE ( 'NONE', #6808, #176 ) ;
#3567 = VERTEX_POINT ( 'NONE', #9801 ) ;
#3568 = CARTESIAN_POINT ( 'NONE',  ( 3.379999999999999449, 0.7249999999999999778, 2.000000000000000000 ) ) ;
#3569 = ADVANCED_FACE ( 'NONE', ( #4643 ), #638, .F. ) ;
#3570 = VERTEX_POINT ( 'NONE', #9168 ) ;
#3571 = FACE_OUTER_BOUND ( 'NONE', #4748, .T. ) ;
#3572 =( LENGTH_UNIT ( ) NAMED_UNIT ( * ) SI_UNIT ( .MILLI., .METRE. ) );
#3573 = SURFACE_STYLE_FILL_AREA ( #1889 ) ;
#3574 = CARTESIAN_POINT ( 'NONE',  ( 2.109999999999999876, 0.9250000000000000444, 2.000000000000000000 ) ) ;
#3575 = DIRECTION ( 'NONE',  ( 0.000000000000000000, 0.000000000000000000, 1.000000000000000000 ) ) ;
#3576 =( NAMED_UNIT ( * ) SI_UNIT ( $, .STERADIAN. ) SOLID_ANGLE_UNIT ( ) );
#3577 = SURFACE_SIDE_STYLE ('',( #3529 ) ) ;
#3578 = DIRECTION ( 'NONE',  ( 0.000000000000000000, 0.000000000000000000, 1.000000000000000000 ) ) ;
#3579 = LINE ( 'NONE', #5251, #2307 ) ;
#3580 = ORIENTED_EDGE ( 'NONE', *, *, #8933, .T. ) ;
#3581 = CARTESIAN_POINT ( 'NONE',  ( 2.109999999999999432, 0.9249999999999998224, 2.177674200520781422 ) ) ;
#3582 = ORIENTED_EDGE ( 'NONE', *, *, #8903, .T. ) ;
#3583 = EDGE_CURVE ( 'NONE', #4927, #622, #2003, .T. ) ;
#3584 = ORIENTED_EDGE ( 'NONE', *, *, #10022, .F. ) ;
#3585 = ORIENTED_EDGE ( 'NONE', *, *, #4387, .T. ) ;
#3586 = DIRECTION ( 'NONE',  ( -0.000000000000000000, -1.000000000000000000, -0.000000000000000000 ) ) ;
#3587 = SURFACE_SIDE_STYLE ('',( #1140 ) ) ;
#3588 = DIRECTION ( 'NONE',  ( -1.000000000000000000, -0.000000000000000000, -0.000000000000000000 ) ) ;
#3589 = LINE ( 'NONE', #2054, #835 ) ;
#3590 = SURFACE_STYLE_FILL_AREA ( #9345 ) ;
#3591 = EDGE_LOOP ( 'NONE', ( #874, #1578, #8608, #4894 ) ) ;
#3592 = AXIS2_PLACEMENT_3D ( 'NONE', #5811, #3352, #254 ) ;
#3593 = SURFACE_SIDE_STYLE ('',( #441 ) ) ;
#3594 = ORIENTED_EDGE ( 'NONE', *, *, #9489, .F. ) ;
#3595 =( NAMED_UNIT ( * ) PLANE_ANGLE_UNIT ( ) SI_UNIT ( $, .RADIAN. ) );
#3596 = ADVANCED_FACE ( 'NONE', ( #4989 ), #2770, .F. ) ;
#3597 = DIRECTION ( 'NONE',  ( 0.000000000000000000, -1.000000000000000000, 0.000000000000000000 ) ) ;
#3598 = AXIS2_PLACEMENT_3D ( 'NONE', #1130, #4994, #4368 ) ;
#3599 =( NAMED_UNIT ( * ) PLANE_ANGLE_UNIT ( ) SI_UNIT ( $, .RADIAN. ) );
#3600 = CARTESIAN_POINT ( 'NONE',  ( -0.4300000000000007150, 0.1823257994792188419, -2.542325799479218773 ) ) ;
#3601 = VERTEX_POINT ( 'NONE', #9223 ) ;
#3602 =( NAMED_UNIT ( * ) SI_UNIT ( $, .STERADIAN. ) SOLID_ANGLE_UNIT ( ) );
#3603 = VECTOR ( 'NONE', #4719, 1000.000000000000000 ) ;
#3604 = ORIENTED_EDGE ( 'NONE', *, *, #1125, .F. ) ;
#3605 = FILL_AREA_STYLE ('',( #1922 ) ) ;
#3606 =( NAMED_UNIT ( * ) PLANE_ANGLE_UNIT ( ) SI_UNIT ( $, .RADIAN. ) );
#3607 = VECTOR ( 'NONE', #6043, 1000.000000000000000 ) ;
#3608 = DIRECTION ( 'NONE',  ( -0.000000000000000000, 1.000000000000000000, 0.000000000000000000 ) ) ;
#3609 = EDGE_CURVE ( 'NONE', #10359, #4927, #1990, .T. ) ;
#3610 = UNCERTAINTY_MEASURE_WITH_UNIT (LENGTH_MEASURE( 1.000000000000000082E-05 ), #6556, 'distance_accuracy_value', 'NONE');
#3611 = SURFACE_STYLE_FILL_AREA ( #1980 ) ;
#3612 = CARTESIAN_POINT ( 'NONE',  ( 4.649999999999999467, 0.1823257994792188696, -2.259999999999999787 ) ) ;
#3613 = LINE ( 'NONE', #6810, #2648 ) ;
#3614 = ORIENTED_EDGE ( 'NONE', *, *, #9152, .T. ) ;
#3615 = CIRCLE ( 'NONE', #4285, 0.08232579947921878083 ) ;
#3616 = DIRECTION ( 'NONE',  ( -1.000000000000000000, -0.000000000000000000, -0.000000000000000000 ) ) ;
#3617 = DIRECTION ( 'NONE',  ( -1.000000000000000000, -0.000000000000000000, -0.000000000000000000 ) ) ;
#3618 = EDGE_LOOP ( 'NONE', ( #7166, #1334, #7774, #4426 ) ) ;
#3619 =( NAMED_UNIT ( * ) PLANE_ANGLE_UNIT ( ) SI_UNIT ( $, .RADIAN. ) );
#3620 = DIRECTION ( 'NONE',  ( -1.000000000000000000, -0.000000000000000000, -0.000000000000000000 ) ) ;
#3621 = EDGE_CURVE ( 'NONE', #3325, #7134, #9917, .T. ) ;
#3622 = SURFACE_STYLE_FILL_AREA ( #1991 ) ;
#3623 = MECHANICAL_DESIGN_GEOMETRIC_PRESENTATION_REPRESENTATION (  '', ( #1943 ), #2099 ) ;
#3624 = PLANE ( 'NONE',  #8845 ) ;
#3625 = STYLED_ITEM ( 'NONE', ( #1554 ), #5151 ) ;
#3626 = EDGE_CURVE ( 'NONE', #3836, #6212, #2621, .T. ) ;
#3627 = FILL_AREA_STYLE_COLOUR ( '', #739 ) ;
#3628 = DIRECTION ( 'NONE',  ( 0.000000000000000000, 0.000000000000000000, 1.000000000000000000 ) ) ;
#3629 =( LENGTH_UNIT ( ) NAMED_UNIT ( * ) SI_UNIT ( .MILLI., .METRE. ) );
#3630 = VERTEX_POINT ( 'NONE', #6819 ) ;
#3631 = FILL_AREA_STYLE ('',( #5310 ) ) ;
#3632 = EDGE_LOOP ( 'NONE', ( #8761, #1253, #8732, #1964 ) ) ;
#3633 = PRESENTATION_LAYER_ASSIGNMENT (  '', '', ( #10370 ) ) ;
#3634 = ORIENTED_EDGE ( 'NONE', *, *, #4512, .F. ) ;
#3635 = COLOUR_RGB ( '',0.7529411764705882248, 0.7529411764705882248, 0.7529411764705882248 ) ;
#3636 = ORIENTED_EDGE ( 'NONE', *, *, #1908, .F. ) ;
#3637 = ORIENTED_EDGE ( 'NONE', *, *, #5358, .T. ) ;
#3638 = VECTOR ( 'NONE', #4250, 1000.000000000000000 ) ;
#3639 = PRESENTATION_LAYER_ASSIGNMENT (  '', '', ( #5311 ) ) ;
#3640 = DIRECTION ( 'NONE',  ( 0.000000000000000000, -1.000000000000000000, 0.000000000000000000 ) ) ;
#3641 = CARTESIAN_POINT ( 'NONE',  ( 0.4299999999999998268, 0.1823257994792188419, -2.542325799479218773 ) ) ;
#3642 = STYLED_ITEM ( 'NONE', ( #8469 ), #156 ) ;
#3643 = DIRECTION ( 'NONE',  ( 0.000000000000000000, 0.000000000000000000, -1.000000000000000000 ) ) ;
#3644 = VERTEX_POINT ( 'NONE', #5823 ) ;
#3645 = PRESENTATION_STYLE_ASSIGNMENT (( #4486 ) ) ;
#3646 = ORIENTED_EDGE ( 'NONE', *, *, #6312, .T. ) ;
#3647 = EDGE_CURVE ( 'NONE', #3982, #8789, #7447, .T. ) ;
#3648 = CIRCLE ( 'NONE', #6313, 0.08232579947921878083 ) ;
#3649 = CARTESIAN_POINT ( 'NONE',  ( -1.700000000000001066, -0.1000000000000000056, -2.542325799479218773 ) ) ;
#3650 = AXIS2_PLACEMENT_3D ( 'NONE', #8023, #6405, #9640 ) ;
#3651 = FILL_AREA_STYLE ('',( #8452 ) ) ;
#3652 = ORIENTED_EDGE ( 'NONE', *, *, #1766, .F. ) ;
#3653 = DIRECTION ( 'NONE',  ( 0.000000000000000000, 0.000000000000000000, -1.000000000000000000 ) ) ;
#3654 = FACE_BOUND ( 'NONE', #1207, .T. ) ;
#3655 = SURFACE_STYLE_USAGE ( .BOTH. , #7750 ) ;
#3656 = ORIENTED_EDGE ( 'NONE', *, *, #8533, .F. ) ;
#3657 = AXIS2_PLACEMENT_3D ( 'NONE', #1562, #3211, #210 ) ;
#3658 = SURFACE_STYLE_USAGE ( .BOTH. , #6066 ) ;
#3659 = ORIENTED_EDGE ( 'NONE', *, *, #7925, .F. ) ;
#3660 = CARTESIAN_POINT ( 'NONE',  ( -2.970000000000000639, 0.1000000000000000056, 3.000000000000000000 ) ) ;
#3661 = LINE ( 'NONE', #10099, #10270 ) ;
#3662 = CARTESIAN_POINT ( 'NONE',  ( -0.8400000000000005240, 0.7249999999999999778, -2.000000000000000000 ) ) ;
#3663 = VECTOR ( 'NONE', #5537, 1000.000000000000000 ) ;
#3664 = FACE_OUTER_BOUND ( 'NONE', #1197, .T. ) ;
#3665 = FILL_AREA_STYLE_COLOUR ( '', #3133 ) ;
#3666 = DIRECTION ( 'NONE',  ( 0.000000000000000000, -0.000000000000000000, 1.000000000000000000 ) ) ;
#3667 = DIRECTION ( 'NONE',  ( -0.000000000000000000, 1.000000000000000000, 0.000000000000000000 ) ) ;
#3668 = ORIENTED_EDGE ( 'NONE', *, *, #1956, .T. ) ;
#3669 = EDGE_CURVE ( 'NONE', #6000, #8893, #1385, .T. ) ;
#3670 =( NAMED_UNIT ( * ) PLANE_ANGLE_UNIT ( ) SI_UNIT ( $, .RADIAN. ) );
#3671 = AXIS2_PLACEMENT_3D ( 'NONE', #7896, #669, #9483 ) ;
#3672 = PLANE ( 'NONE',  #3045 ) ;
#3673 = ORIENTED_EDGE ( 'NONE', *, *, #133, .F. ) ;
#3674 = DIRECTION ( 'NONE',  ( -1.000000000000000000, -0.000000000000000000, -0.000000000000000000 ) ) ;
#3675 = CARTESIAN_POINT ( 'NONE',  ( -2.110000000000000764, 0.6426742005207811692, 2.177674200520781422 ) ) ;
#3676 = CARTESIAN_POINT ( 'NONE',  ( 0.8399999999999996358, -0.1000000000000000056, -3.000000000000000000 ) ) ;
#3677 = PRESENTATION_STYLE_ASSIGNMENT (( #4312 ) ) ;
#3678 = FILL_AREA_STYLE ('',( #419 ) ) ;
#3679 = ORIENTED_EDGE ( 'NONE', *, *, #10249, .T. ) ;
#3680 = AXIS2_PLACEMENT_3D ( 'NONE', #8303, #2609, #2711 ) ;
#3681 = STYLED_ITEM ( 'NONE', ( #3554 ), #8393 ) ;
#3682 = CARTESIAN_POINT ( 'NONE',  ( -3.380000000000000338, 0.6426742005207811692, -2.177674200520781422 ) ) ;
#3683 = PRESENTATION_STYLE_ASSIGNMENT (( #1235 ) ) ;
#3684 = ADVANCED_FACE ( 'NONE', ( #514 ), #5244, .F. ) ;
#3685 = DIRECTION ( 'NONE',  ( 0.000000000000000000, -1.000000000000000000, 0.000000000000000000 ) ) ;
#3686 = ORIENTED_EDGE ( 'NONE', *, *, #619, .F. ) ;
#3687 = ORIENTED_EDGE ( 'NONE', *, *, #2452, .T. ) ;
#3688 = COLOUR_RGB ( '',0.7529411764705882248, 0.7529411764705882248, 0.7529411764705882248 ) ;
#3689 = VECTOR ( 'NONE', #3408, 1000.000000000000000 ) ;
#3690 = COLOUR_RGB ( '',0.7529411764705882248, 0.7529411764705882248, 0.7529411764705882248 ) ;
#3691 = VECTOR ( 'NONE', #272, 1000.000000000000000 ) ;
#3692 = SURFACE_STYLE_FILL_AREA ( #338 ) ;
#3693 = CARTESIAN_POINT ( 'NONE',  ( -2.970000000000000639, 0.9250000000000000444, 2.000000000000000000 ) ) ;
#3695 = ORIENTED_EDGE ( 'NONE', *, *, #6063, .F. ) ;
#3694 = COLOUR_RGB ( '',0.7529411764705882248, 0.7529411764705882248, 0.7529411764705882248 ) ;
#3696 = VECTOR ( 'NONE', #9049, 1000.000000000000000 ) ;
#3697 = LINE ( 'NONE', #5221, #9529 ) ;
#3698 = VERTEX_POINT ( 'NONE', #3041 ) ;
#3699 = UNCERTAINTY_MEASURE_WITH_UNIT (LENGTH_MEASURE( 1.000000000000000082E-05 ), #9274, 'distance_accuracy_value', 'NONE');
#3700 = PRESENTATION_LAYER_ASSIGNMENT (  '', '', ( #2527 ) ) ;
#3701 =( GEOMETRIC_REPRESENTATION_CONTEXT ( 3 ) GLOBAL_UNCERTAINTY_ASSIGNED_CONTEXT ( ( #2025 ) ) GLOBAL_UNIT_ASSIGNED_CONTEXT ( ( #6967, #8582, #2925 ) ) REPRESENTATION_CONTEXT ( 'NONE', 'WORKASPACE' ) );
#3702 = SURFACE_STYLE_USAGE ( .BOTH. , #5957 ) ;
#3703 = AXIS2_PLACEMENT_3D ( 'NONE', #1926, #1716, #5710 ) ;
#3704 = VERTEX_POINT ( 'NONE', #7766 ) ;
#3705 = ORIENTED_EDGE ( 'NONE', *, *, #5027, .F. ) ;
#3706 = VECTOR ( 'NONE', #5613, 1000.000000000000000 ) ;
#3707 = DIRECTION ( 'NONE',  ( -1.000000000000000000, -0.000000000000000000, -0.000000000000000000 ) ) ;
#3708 = ORIENTED_EDGE ( 'NONE', *, *, #534, .F. ) ;
#3709 = FILL_AREA_STYLE_COLOUR ( '', #3303 ) ;
#3710 = PRESENTATION_STYLE_ASSIGNMENT (( #2868 ) ) ;
#3711 = UNCERTAINTY_MEASURE_WITH_UNIT (LENGTH_MEASURE( 1.000000000000000082E-05 ), #5100, 'distance_accuracy_value', 'NONE');
#3712 = LINE ( 'NONE', #2976, #9202 ) ;
#3713 = SURFACE_STYLE_FILL_AREA ( #7588 ) ;
#3714 = DIRECTION ( 'NONE',  ( 0.000000000000000000, -0.000000000000000000, 1.000000000000000000 ) ) ;
#3715 = ORIENTED_EDGE ( 'NONE', *, *, #5775, .F. ) ;
#3716 = SURFACE_STYLE_FILL_AREA ( #10269 ) ;
#3717 = ORIENTED_EDGE ( 'NONE', *, *, #5777, .F. ) ;
#3718 = CARTESIAN_POINT ( 'NONE',  ( -2.110000000000000764, 0.7249999999999999778, 2.000000000000000000 ) ) ;
#3719 = SURFACE_SIDE_STYLE ('',( #5512 ) ) ;
#3720 = SURFACE_STYLE_FILL_AREA ( #3770 ) ;
#3721 = CARTESIAN_POINT ( 'NONE',  ( 0.8399999999999996358, 0.1000000000000000056, -3.000000000000000000 ) ) ;
#3722 = EDGE_CURVE ( 'NONE', #3567, #5419, #3768, .T. ) ;
#3723 = ORIENTED_EDGE ( 'NONE', *, *, #10229, .F. ) ;
#3724 = PLANE ( 'NONE',  #7985 ) ;
#3725 = SURFACE_SIDE_STYLE ('',( #1894 ) ) ;
#3726 = FACE_BOUND ( 'NONE', #4524, .T. ) ;
#3727 = VERTEX_POINT ( 'NONE', #7893 ) ;
#3728 = EDGE_LOOP ( 'NONE', ( #5400, #5729, #9308, #3428 ) ) ;
#3729 = ORIENTED_EDGE ( 'NONE', *, *, #8201, .F. ) ;
#3730 = EDGE_LOOP ( 'NONE', ( #643, #832, #6539, #8229 ) ) ;
#3731 = SURFACE_STYLE_USAGE ( .BOTH. , #572 ) ;
#3732 = EDGE_CURVE ( 'NONE', #1081, #9858, #2926, .T. ) ;
#3733 = EDGE_CURVE ( 'NONE', #9560, #531, #817, .T. ) ;
#3734 =( LENGTH_UNIT ( ) NAMED_UNIT ( * ) SI_UNIT ( .MILLI., .METRE. ) );
#3735 = DIRECTION ( 'NONE',  ( -1.000000000000000000, -0.000000000000000000, -0.000000000000000000 ) ) ;
#3736 = CARTESIAN_POINT ( 'NONE',  ( -4.240000000000001101, 0.6426742005207811692, -2.260000000000000231 ) ) ;
#3737 = ORIENTED_EDGE ( 'NONE', *, *, #8976, .F. ) ;
#3738 = CARTESIAN_POINT ( 'NONE',  ( 4.649999999999999467, 0.1000000000000000056, 2.542325799479218773 ) ) ;
#3739 = LINE ( 'NONE', #1364, #6859 ) ;
#3740 = CARTESIAN_POINT ( 'NONE',  ( -3.380000000000000338, 0.9250000000000000444, 2.000000000000000000 ) ) ;
#3741 = VERTEX_POINT ( 'NONE', #2241 ) ;
#3742 = EDGE_CURVE ( 'NONE', #5397, #4307, #6687, .T. ) ;
#3743 = FACE_BOUND ( 'NONE', #6253, .T. ) ;
#3744 = SURFACE_SIDE_STYLE ('',( #545 ) ) ;
#3745 = VERTEX_POINT ( 'NONE', #6968 ) ;
#3746 = ORIENTED_EDGE ( 'NONE', *, *, #9610, .F. ) ;
#3747 = EDGE_CURVE ( 'NONE', #9026, #2497, #1222, .T. ) ;
#3748 = ORIENTED_EDGE ( 'NONE', *, *, #6236, .F. ) ;
#3749 =( NAMED_UNIT ( * ) PLANE_ANGLE_UNIT ( ) SI_UNIT ( $, .RADIAN. ) );
#3750 = AXIS2_PLACEMENT_3D ( 'NONE', #9892, #8364, #2665 ) ;
#3751 = SURFACE_SIDE_STYLE ('',( #6169 ) ) ;
#3752 = AXIS2_PLACEMENT_3D ( 'NONE', #7102, #8815, #2427 ) ;
#3753 = STYLED_ITEM ( 'NONE', ( #3208 ), #7870 ) ;
#3754 = LINE ( 'NONE', #6958, #26 ) ;
#3755 = CARTESIAN_POINT ( 'NONE',  ( -1.700000000000001066, 0.6426742005207811692, -2.177674200520781422 ) ) ;
#3756 =( NAMED_UNIT ( * ) SI_UNIT ( $, .STERADIAN. ) SOLID_ANGLE_UNIT ( ) );
#3757 = CARTESIAN_POINT ( 'NONE',  ( 2.109999999999999432, -0.1000000000000000056, 2.542325799479218773 ) ) ;
#3758 = ORIENTED_EDGE ( 'NONE', *, *, #2060, .T. ) ;
#3759 = ADVANCED_FACE ( 'NONE', ( #1455 ), #4674, .T. ) ;
#3760 = FILL_AREA_STYLE_COLOUR ( '', #5346 ) ;
#3761 = ORIENTED_EDGE ( 'NONE', *, *, #7577, .F. ) ;
#3762 = MECHANICAL_DESIGN_GEOMETRIC_PRESENTATION_REPRESENTATION (  '', ( #9504 ), #4610 ) ;
#3763 = DIRECTION ( 'NONE',  ( 0.000000000000000000, 0.000000000000000000, -1.000000000000000000 ) ) ;
#3764 = VECTOR ( 'NONE', #5994, 1000.000000000000000 ) ;
#3765 = VERTEX_POINT ( 'NONE', #46 ) ;
#3766 = ADVANCED_FACE ( 'NONE', ( #7186 ), #8150, .F. ) ;
#3767 = SURFACE_STYLE_USAGE ( .BOTH. , #3090 ) ;
#3768 = LINE ( 'NONE', #2985, #8569 ) ;
#3769 = FILL_AREA_STYLE ('',( #559 ) ) ;
#3770 = FILL_AREA_STYLE ('',( #6665 ) ) ;
#3771 = VECTOR ( 'NONE', #4424, 1000.000000000000000 ) ;
#3772 = PRESENTATION_LAYER_ASSIGNMENT (  '', '', ( #8325 ) ) ;
#3773 = ORIENTED_EDGE ( 'NONE', *, *, #8061, .T. ) ;
#3774 = CARTESIAN_POINT ( 'NONE',  ( -2.970000000000000639, 0.1000000000000000056, -3.000000000000000000 ) ) ;
#3775 = SURFACE_SIDE_STYLE ('',( #10326 ) ) ;
#3776 = CIRCLE ( 'NONE', #9675, 0.2823257994792188752 ) ;
#3777 = DIRECTION ( 'NONE',  ( -1.000000000000000000, -0.000000000000000000, -0.000000000000000000 ) ) ;
#3778 = VERTEX_POINT ( 'NONE', #8000 ) ;
#3779 = DIRECTION ( 'NONE',  ( -1.000000000000000000, -0.000000000000000000, -0.000000000000000000 ) ) ;
#3780 = ORIENTED_EDGE ( 'NONE', *, *, #2525, .F. ) ;
#3781 = EDGE_CURVE ( 'NONE', #9858, #6643, #6879, .T. ) ;
#3782 =( GEOMETRIC_REPRESENTATION_CONTEXT ( 3 ) GLOBAL_UNCERTAINTY_ASSIGNED_CONTEXT ( ( #10392 ) ) GLOBAL_UNIT_ASSIGNED_CONTEXT ( ( #5012, #9197, #351 ) ) REPRESENTATION_CONTEXT ( 'NONE', 'WORKASPACE' ) );
#3783 = ORIENTED_EDGE ( 'NONE', *, *, #8455, .F. ) ;
#3784 = MECHANICAL_DESIGN_GEOMETRIC_PRESENTATION_REPRESENTATION (  '', ( #2941 ), #3288 ) ;
#3785 = FILL_AREA_STYLE ('',( #5553 ) ) ;
#3786 = SURFACE_STYLE_USAGE ( .BOTH. , #867 ) ;
#3787 = CARTESIAN_POINT ( 'NONE',  ( 2.969999999999999751, 0.1000000000000000056, 2.542325799479218773 ) ) ;
#3788 = MECHANICAL_DESIGN_GEOMETRIC_PRESENTATION_REPRESENTATION (  '', ( #8186 ), #1951 ) ;
#3789 =( NAMED_UNIT ( * ) SI_UNIT ( $, .STERADIAN. ) SOLID_ANGLE_UNIT ( ) );
#3790 = CARTESIAN_POINT ( 'NONE',  ( -3.380000000000000338, 0.1823257994792188419, -2.542325799479218773 ) ) ;
#3791 = VECTOR ( 'NONE', #5144, 1000.000000000000000 ) ;
#3792 = ORIENTED_EDGE ( 'NONE', *, *, #1079, .T. ) ;
#3793 = PRESENTATION_LAYER_ASSIGNMENT (  '', '', ( #8347 ) ) ;
#3794 = FACE_OUTER_BOUND ( 'NONE', #4346, .T. ) ;
#3795 = UNCERTAINTY_MEASURE_WITH_UNIT (LENGTH_MEASURE( 1.000000000000000082E-05 ), #7354, 'distance_accuracy_value', 'NONE');
#3796 = VERTEX_POINT ( 'NONE', #5605 ) ;
#3797 = EDGE_CURVE ( 'NONE', #3570, #8204, #2513, .T. ) ;
#3798 = DIRECTION ( 'NONE',  ( 0.000000000000000000, 0.000000000000000000, -1.000000000000000000 ) ) ;
#3799 = LINE ( 'NONE', #10402, #6798 ) ;
#3800 = VECTOR ( 'NONE', #2186, 1000.000000000000000 ) ;
#3801 = UNCERTAINTY_MEASURE_WITH_UNIT (LENGTH_MEASURE( 1.000000000000000082E-05 ), #3091, 'distance_accuracy_value', 'NONE');
#3802 = VECTOR ( 'NONE', #6694, 1000.000000000000000 ) ;
#3803 = FILL_AREA_STYLE ('',( #1876 ) ) ;
#3804 = CIRCLE ( 'NONE', #9865, 0.08232579947921878083 ) ;
#3805 = PRESENTATION_LAYER_ASSIGNMENT (  '', '', ( #8196 ) ) ;
#3806 = CARTESIAN_POINT ( 'NONE',  ( 0.8399999999999996358, -0.1000000000000000056, 3.000000000000000000 ) ) ;
#3807 = LINE ( 'NONE', #6702, #5199 ) ;
#3808 = FILL_AREA_STYLE ('',( #589 ) ) ;
#3809 =( NAMED_UNIT ( * ) PLANE_ANGLE_UNIT ( ) SI_UNIT ( $, .RADIAN. ) );
#3810 = SURFACE_STYLE_FILL_AREA ( #591 ) ;
#3811 = ORIENTED_EDGE ( 'NONE', *, *, #7121, .T. ) ;
#3812 = ORIENTED_EDGE ( 'NONE', *, *, #10239, .T. ) ;
#3813 = EDGE_CURVE ( 'NONE', #2497, #1688, #6040, .T. ) ;
#3814 = PRESENTATION_LAYER_ASSIGNMENT (  '', '', ( #2970 ) ) ;
#3815 = AXIS2_PLACEMENT_3D ( 'NONE', #10180, #7044, #3847 ) ;
#3816 = VERTEX_POINT ( 'NONE', #3201 ) ;
#3817 = LINE ( 'NONE', #7932, #4455 ) ;
#3818 =( NAMED_UNIT ( * ) SI_UNIT ( $, .STERADIAN. ) SOLID_ANGLE_UNIT ( ) );
#3819 = DIRECTION ( 'NONE',  ( -1.000000000000000000, 0.000000000000000000, 0.000000000000000000 ) ) ;
#3820 = EDGE_CURVE ( 'NONE', #2178, #2092, #4880, .T. ) ;
#3821 =( LENGTH_UNIT ( ) NAMED_UNIT ( * ) SI_UNIT ( .MILLI., .METRE. ) );
#3822 = DIRECTION ( 'NONE',  ( 0.000000000000000000, 0.000000000000000000, -1.000000000000000000 ) ) ;
#3823 = EDGE_LOOP ( 'NONE', ( #3464, #4729, #8820, #2203 ) ) ;
#3824 = FACE_OUTER_BOUND ( 'NONE', #8486, .T. ) ;
#3825 = EDGE_LOOP ( 'NONE', ( #4817, #4638, #6178, #3715 ) ) ;
#3826 = PLANE ( 'NONE',  #6801 ) ;
#3827 = ORIENTED_EDGE ( 'NONE', *, *, #6757, .T. ) ;
#3828 = ADVANCED_FACE ( 'NONE', ( #9625 ), #7340, .F. ) ;
#3829 = FILL_AREA_STYLE ('',( #5412 ) ) ;
#3830 = EDGE_CURVE ( 'NONE', #7510, #5793, #1874, .T. ) ;
#3831 = DIRECTION ( 'NONE',  ( 0.000000000000000000, 0.000000000000000000, 1.000000000000000000 ) ) ;
#3832 = EDGE_CURVE ( 'NONE', #2391, #297, #4348, .T. ) ;
#3833 = SURFACE_STYLE_FILL_AREA ( #1184 ) ;
#3834 =( GEOMETRIC_REPRESENTATION_CONTEXT ( 3 ) GLOBAL_UNCERTAINTY_ASSIGNED_CONTEXT ( ( #5618 ) ) GLOBAL_UNIT_ASSIGNED_CONTEXT ( ( #5975, #10215, #5408 ) ) REPRESENTATION_CONTEXT ( 'NONE', 'WORKASPACE' ) );
#3835 = SURFACE_STYLE_FILL_AREA ( #5418 ) ;
#3836 = VERTEX_POINT ( 'NONE', #8301 ) ;
#3837 = CYLINDRICAL_SURFACE ( 'NONE', #2364, 0.08232579947921878083 ) ;
#3838 = VERTEX_POINT ( 'NONE', #5181 ) ;
#3839 = ORIENTED_EDGE ( 'NONE', *, *, #9344, .T. ) ;
#3840 = UNCERTAINTY_MEASURE_WITH_UNIT (LENGTH_MEASURE( 1.000000000000000082E-05 ), #10006, 'distance_accuracy_value', 'NONE');
#3841 = FILL_AREA_STYLE ('',( #8642 ) ) ;
#3842 = VECTOR ( 'NONE', #3128, 1000.000000000000000 ) ;
#3843 = CARTESIAN_POINT ( 'NONE',  ( -2.970000000000000639, 0.9250000000000000444, 2.000000000000000000 ) ) ;
#3844 = EDGE_CURVE ( 'NONE', #3838, #5574, #5032, .T. ) ;
#3845 = SURFACE_STYLE_FILL_AREA ( #8020 ) ;
#3846 = CARTESIAN_POINT ( 'NONE',  ( -3.380000000000000338, -0.1000000000000000056, 2.542325799479218773 ) ) ;
#3847 = DIRECTION ( 'NONE',  ( 0.000000000000000000, 0.000000000000000000, -1.000000000000000000 ) ) ;
#3848 = ORIENTED_EDGE ( 'NONE', *, *, #7241, .T. ) ;
#3849 = VECTOR ( 'NONE', #1824, 1000.000000000000000 ) ;
#3850 = ORIENTED_EDGE ( 'NONE', *, *, #1203, .F. ) ;
#3851 = ORIENTED_EDGE ( 'NONE', *, *, #7969, .F. ) ;
#3852 = VECTOR ( 'NONE', #3620, 1000.000000000000000 ) ;
#3853 = CARTESIAN_POINT ( 'NONE',  ( 4.649999999999999467, 0.1823257994792188419, -2.542325799479218773 ) ) ;
#3854 = SURFACE_STYLE_USAGE ( .BOTH. , #740 ) ;
#3855 = MECHANICAL_DESIGN_GEOMETRIC_PRESENTATION_REPRESENTATION (  '', ( #6036 ), #6350 ) ;
#3856 = MECHANICAL_DESIGN_GEOMETRIC_PRESENTATION_REPRESENTATION (  '', ( #7208 ), #3527 ) ;
#3857 =( LENGTH_UNIT ( ) NAMED_UNIT ( * ) SI_UNIT ( .MILLI., .METRE. ) );
#3858 = SURFACE_STYLE_FILL_AREA ( #640 ) ;
#3859 = FILL_AREA_STYLE_COLOUR ( '', #2519 ) ;
#3860 = EDGE_CURVE ( 'NONE', #2138, #6931, #5906, .T. ) ;
#3861 = STYLED_ITEM ( 'NONE', ( #2608 ), #3933 ) ;
#3862 = DIRECTION ( 'NONE',  ( 0.000000000000000000, 0.000000000000000000, 1.000000000000000000 ) ) ;
#3863 = EDGE_LOOP ( 'NONE', ( #10029, #4609, #3337, #3850 ) ) ;
#3864 = DIRECTION ( 'NONE',  ( 1.000000000000000000, 0.000000000000000000, 0.000000000000000000 ) ) ;
#3865 =( LENGTH_UNIT ( ) NAMED_UNIT ( * ) SI_UNIT ( .MILLI., .METRE. ) );
#3866 = ORIENTED_EDGE ( 'NONE', *, *, #4066, .T. ) ;
#3867 = STYLED_ITEM ( 'NONE', ( #4265 ), #1580 ) ;
#3868 = SURFACE_SIDE_STYLE ('',( #5545 ) ) ;
#3869 = ORIENTED_EDGE ( 'NONE', *, *, #5656, .T. ) ;
#3870 = ORIENTED_EDGE ( 'NONE', *, *, #1497, .F. ) ;
#3871 = PRESENTATION_LAYER_ASSIGNMENT (  '', '', ( #2357 ) ) ;
#3872 = PRESENTATION_STYLE_ASSIGNMENT (( #1435 ) ) ;
#3873 = SURFACE_STYLE_FILL_AREA ( #7983 ) ;
#3874 = LINE ( 'NONE', #9520, #6699 ) ;
#3875 = UNCERTAINTY_MEASURE_WITH_UNIT (LENGTH_MEASURE( 1.000000000000000082E-05 ), #5465, 'distance_accuracy_value', 'NONE');
#3876 = CARTESIAN_POINT ( 'NONE',  ( -4.650000000000000355, 0.1000000000000000056, 2.542325799479218773 ) ) ;
#3877 = EDGE_CURVE ( 'NONE', #6369, #10295, #2656, .T. ) ;
#3878 = CARTESIAN_POINT ( 'NONE',  ( 1.699999999999999734, 0.9249999999999998224, -2.177674200520781422 ) ) ;
#3879 = EDGE_CURVE ( 'NONE', #2967, #1648, #9207, .T. ) ;
#3880 = CARTESIAN_POINT ( 'NONE',  ( 0.000000000000000000, 1.649999999999999911, 1.714668810570630475 ) ) ;
#3881 = ORIENTED_EDGE ( 'NONE', *, *, #1045, .F. ) ;
#3883 = ORIENTED_EDGE ( 'NONE', *, *, #7362, .F. ) ;
#3882 = LINE ( 'NONE', #7070, #587 ) ;
#3884 = CARTESIAN_POINT ( 'NONE',  ( -1.700000000000001066, 0.7249999999999999778, -2.000000000000000000 ) ) ;
#3885 = ORIENTED_EDGE ( 'NONE', *, *, #6818, .T. ) ;
#3886 = EDGE_LOOP ( 'NONE', ( #1336, #6885, #5625, #8297 ) ) ;
#3887 = PRESENTATION_STYLE_ASSIGNMENT (( #8739 ) ) ;
#3888 = SURFACE_SIDE_STYLE ('',( #1456 ) ) ;
#3889 = FILL_AREA_STYLE ('',( #9577 ) ) ;
#3890 =( GEOMETRIC_REPRESENTATION_CONTEXT ( 3 ) GLOBAL_UNCERTAINTY_ASSIGNED_CONTEXT ( ( #7678 ) ) GLOBAL_UNIT_ASSIGNED_CONTEXT ( ( #5232, #1109, #3602 ) ) REPRESENTATION_CONTEXT ( 'NONE', 'WORKASPACE' ) );
#3891 = DIRECTION ( 'NONE',  ( -0.000000000000000000, -1.000000000000000000, -0.000000000000000000 ) ) ;
#3892 =( LENGTH_UNIT ( ) NAMED_UNIT ( * ) SI_UNIT ( .MILLI., .METRE. ) );
#3893 = FACE_OUTER_BOUND ( 'NONE', #9282, .T. ) ;
#3894 = ORIENTED_EDGE ( 'NONE', *, *, #10140, .T. ) ;
#3895 = CARTESIAN_POINT ( 'NONE',  ( 0.4299999999999998268, -0.1000000000000000056, 3.000000000000000000 ) ) ;
#3896 = VECTOR ( 'NONE', #2617, 1000.000000000000000 ) ;
#3897 = ORIENTED_EDGE ( 'NONE', *, *, #4869, .T. ) ;
#3898 = VERTEX_POINT ( 'NONE', #6590 ) ;
#3899 = CARTESIAN_POINT ( 'NONE',  ( 2.969999999999999751, 0.6426742005207811692, 2.459999999999999964 ) ) ;
#3900 = FILL_AREA_STYLE_COLOUR ( '', #7223 ) ;
#3901 = DIRECTION ( 'NONE',  ( -0.000000000000000000, 0.000000000000000000, -1.000000000000000000 ) ) ;
#3902 = VERTEX_POINT ( 'NONE', #4202 ) ;
#3903 = PLANE ( 'NONE',  #7337 ) ;
#3904 = ORIENTED_EDGE ( 'NONE', *, *, #7201, .F. ) ;
#3905 =( LENGTH_UNIT ( ) NAMED_UNIT ( * ) SI_UNIT ( .MILLI., .METRE. ) );
#3906 = ORIENTED_EDGE ( 'NONE', *, *, #1389, .T. ) ;
#3907 = EDGE_CURVE ( 'NONE', #8576, #8637, #7431, .T. ) ;
#3908 = DIRECTION ( 'NONE',  ( 0.000000000000000000, 0.000000000000000000, -1.000000000000000000 ) ) ;
#3909 = DIRECTION ( 'NONE',  ( 0.000000000000000000, 0.000000000000000000, -1.000000000000000000 ) ) ;
#3910 = SURFACE_STYLE_FILL_AREA ( #2219 ) ;
#3911 = PLANE ( 'NONE',  #443 ) ;
#3912 = DIRECTION ( 'NONE',  ( 0.000000000000000000, 0.000000000000000000, 1.000000000000000000 ) ) ;
#3913 = CARTESIAN_POINT ( 'NONE',  ( 0.8399999999999996358, 0.6426742005207811692, -2.260000000000000231 ) ) ;
#3914 = CARTESIAN_POINT ( 'NONE',  ( 3.379999999999999449, 0.9249999999999998224, 2.177674200520781422 ) ) ;
#3915 = ORIENTED_EDGE ( 'NONE', *, *, #9117, .T. ) ;
#3916 = VERTEX_POINT ( 'NONE', #9154 ) ;
#3917 = ORIENTED_EDGE ( 'NONE', *, *, #227, .F. ) ;
#3918 = CARTESIAN_POINT ( 'NONE',  ( 2.109999999999999432, 0.1823257994792188419, 2.542325799479218773 ) ) ;
#3919 = EDGE_CURVE ( 'NONE', #7980, #7475, #4297, .T. ) ;
#3920 = DIRECTION ( 'NONE',  ( 0.000000000000000000, 0.000000000000000000, 1.000000000000000000 ) ) ;
#3921 = CARTESIAN_POINT ( 'NONE',  ( -1.700000000000001066, 0.9250000000000000444, -2.000000000000000000 ) ) ;
#3922 =( NAMED_UNIT ( * ) PLANE_ANGLE_UNIT ( ) SI_UNIT ( $, .RADIAN. ) );
#3923 = DIRECTION ( 'NONE',  ( -1.000000000000000000, -0.000000000000000000, -0.000000000000000000 ) ) ;
#3924 = CARTESIAN_POINT ( 'NONE',  ( -4.650000000000000355, -0.1000000000000000056, 2.542325799479218773 ) ) ;
#3925 = ORIENTED_EDGE ( 'NONE', *, *, #3747, .F. ) ;
#3926 = FACE_BOUND ( 'NONE', #2136, .T. ) ;
#3927 = ORIENTED_EDGE ( 'NONE', *, *, #10153, .T. ) ;
#3928 =( GEOMETRIC_REPRESENTATION_CONTEXT ( 3 ) GLOBAL_UNCERTAINTY_ASSIGNED_CONTEXT ( ( #5786 ) ) GLOBAL_UNIT_ASSIGNED_CONTEXT ( ( #8378, #10003, #5991 ) ) REPRESENTATION_CONTEXT ( 'NONE', 'WORKASPACE' ) );
#3929 = COLOUR_RGB ( '',0.7529411764705882248, 0.7529411764705882248, 0.7529411764705882248 ) ;
#3930 = DIRECTION ( 'NONE',  ( 0.000000000000000000, 1.000000000000000000, 0.000000000000000000 ) ) ;
#3931 = ORIENTED_EDGE ( 'NONE', *, *, #6519, .T. ) ;
#3932 = AXIS2_PLACEMENT_3D ( 'NONE', #9924, #9091, #8135 ) ;
#3933 = ADVANCED_FACE ( 'NONE', ( #1112 ), #3396, .F. ) ;
#3934 = EDGE_CURVE ( 'NONE', #1430, #5833, #2751, .T. ) ;
#3935 = DIRECTION ( 'NONE',  ( 0.000000000000000000, 0.000000000000000000, 1.000000000000000000 ) ) ;
#3936 = LINE ( 'NONE', #8630, #2344 ) ;
#3937 = SURFACE_STYLE_FILL_AREA ( #4731 ) ;
#3938 = DIRECTION ( 'NONE',  ( -0.000000000000000000, 0.000000000000000000, -1.000000000000000000 ) ) ;
#3939 = VECTOR ( 'NONE', #8556, 1000.000000000000000 ) ;
#3940 = STYLED_ITEM ( 'NONE', ( #3389 ), #1114 ) ;
#3941 = FACE_OUTER_BOUND ( 'NONE', #7665, .T. ) ;
#3942 = AXIS2_PLACEMENT_3D ( 'NONE', #521, #8431, #4414 ) ;
#3943 =( NAMED_UNIT ( * ) SI_UNIT ( $, .STERADIAN. ) SOLID_ANGLE_UNIT ( ) );
#3944 = VERTEX_POINT ( 'NONE', #1923 ) ;
#3945 = PRESENTATION_LAYER_ASSIGNMENT (  '', '', ( #9504 ) ) ;
#3946 = PRESENTATION_STYLE_ASSIGNMENT (( #4629 ) ) ;
#3947 = UNCERTAINTY_MEASURE_WITH_UNIT (LENGTH_MEASURE( 1.000000000000000082E-05 ), #8573, 'distance_accuracy_value', 'NONE');
#3948 = PRESENTATION_STYLE_ASSIGNMENT (( #3731 ) ) ;
#3949 = VECTOR ( 'NONE', #4416, 1000.000000000000000 ) ;
#3950 = ADVANCED_FACE ( 'NONE', ( #5967 ), #1014, .T. ) ;
#3951 = FILL_AREA_STYLE ('',( #8019 ) ) ;
#3952 = SURFACE_STYLE_USAGE ( .BOTH. , #7042 ) ;
#3953 = DIRECTION ( 'NONE',  ( 0.000000000000000000, 0.000000000000000000, -1.000000000000000000 ) ) ;
#3954 = VERTEX_POINT ( 'NONE', #6860 ) ;
#3955 = COLOUR_RGB ( '',0.7529411764705882248, 0.7529411764705882248, 0.7529411764705882248 ) ;
#3956 = STYLED_ITEM ( 'NONE', ( #8724 ), #10382 ) ;
#3957 = MECHANICAL_DESIGN_GEOMETRIC_PRESENTATION_REPRESENTATION (  '', ( #8836 ), #10182 ) ;
#3958 = SURFACE_STYLE_USAGE ( .BOTH. , #2267 ) ;
#3959 = CIRCLE ( 'NONE', #5963, 0.2823257994792188752 ) ;
#3960 = ORIENTED_EDGE ( 'NONE', *, *, #7066, .F. ) ;
#3961 = DIRECTION ( 'NONE',  ( 0.000000000000000000, -1.000000000000000000, 0.000000000000000000 ) ) ;
#3962 = FACE_OUTER_BOUND ( 'NONE', #8738, .T. ) ;
#3963 = CARTESIAN_POINT ( 'NONE',  ( 4.240000000000000213, 0.1823257994792188419, -2.542325799479218773 ) ) ;
#3964 = COLOUR_RGB ( '',0.7529411764705882248, 0.7529411764705882248, 0.7529411764705882248 ) ;
#3965 = PRESENTATION_STYLE_ASSIGNMENT (( #1424 ) ) ;
#3966 = FACE_OUTER_BOUND ( 'NONE', #565, .T. ) ;
#3967 = CARTESIAN_POINT ( 'NONE',  ( -4.240000000000001101, 0.1823257994792188419, 2.459999999999999964 ) ) ;
#3968 = CARTESIAN_POINT ( 'NONE',  ( -4.650000000000000355, 0.1823257994792188419, 2.542325799479218773 ) ) ;
#3969 = FILL_AREA_STYLE_COLOUR ( '', #2072 ) ;
#3970 = DIRECTION ( 'NONE',  ( 1.000000000000000000, 0.000000000000000000, 0.000000000000000000 ) ) ;
#3971 = ORIENTED_EDGE ( 'NONE', *, *, #7723, .T. ) ;
#3972 = STYLED_ITEM ( 'NONE', ( #9767 ), #6927 ) ;
#3973 = ORIENTED_EDGE ( 'NONE', *, *, #9117, .F. ) ;
#3974 = FILL_AREA_STYLE_COLOUR ( '', #10018 ) ;
#3975 = UNCERTAINTY_MEASURE_WITH_UNIT (LENGTH_MEASURE( 1.000000000000000082E-05 ), #4109, 'distance_accuracy_value', 'NONE');
#3976 = CARTESIAN_POINT ( 'NONE',  ( 4.649999999999999467, 0.7249999999999999778, 2.000000000000000000 ) ) ;
#3977 = CARTESIAN_POINT ( 'NONE',  ( 2.109999999999999432, 0.9250000000000000444, 2.000000000000000000 ) ) ;
#3978 = DIRECTION ( 'NONE',  ( -1.000000000000000000, -0.000000000000000000, -0.000000000000000000 ) ) ;
#3979 = ORIENTED_EDGE ( 'NONE', *, *, #4413, .F. ) ;
#3980 = EDGE_CURVE ( 'NONE', #2784, #1533, #3661, .T. ) ;
#3981 = MECHANICAL_DESIGN_GEOMETRIC_PRESENTATION_REPRESENTATION (  '', ( #10050 ), #8525 ) ;
#3982 = VERTEX_POINT ( 'NONE', #9265 ) ;
#3983 = STYLED_ITEM ( 'NONE', ( #6510 ), #5788 ) ;
#3984 = DIRECTION ( 'NONE',  ( -1.000000000000000000, -0.000000000000000000, -0.000000000000000000 ) ) ;
#3985 =( NAMED_UNIT ( * ) SI_UNIT ( $, .STERADIAN. ) SOLID_ANGLE_UNIT ( ) );
#3986 = ORIENTED_EDGE ( 'NONE', *, *, #845, .T. ) ;
#3987 = CARTESIAN_POINT ( 'NONE',  ( 0.8399999999999996358, 0.1823257994792188419, 2.459999999999999964 ) ) ;
#3988 = VECTOR ( 'NONE', #5477, 1000.000000000000000 ) ;
#3989 = DIRECTION ( 'NONE',  ( -1.000000000000000000, -0.000000000000000000, -0.000000000000000000 ) ) ;
#3990 = DIRECTION ( 'NONE',  ( -1.000000000000000000, 0.000000000000000000, 0.000000000000000000 ) ) ;
#3991 = PRESENTATION_LAYER_ASSIGNMENT (  '', '', ( #10061 ) ) ;
#3992 = CARTESIAN_POINT ( 'NONE',  ( -1.700000000000001066, 0.9249999999999998224, -2.177674200520781422 ) ) ;
#3993 = CARTESIAN_POINT ( 'NONE',  ( 4.649999999999999467, 0.6426742005207811692, 2.177674200520781422 ) ) ;
#3994 = EDGE_CURVE ( 'NONE', #4667, #3601, #6069, .T. ) ;
#3995 = CARTESIAN_POINT ( 'NONE',  ( -2.970000000000000639, 0.1000000000000000056, 2.542325799479218773 ) ) ;
#3996 =( NAMED_UNIT ( * ) SI_UNIT ( $, .STERADIAN. ) SOLID_ANGLE_UNIT ( ) );
#3997 = LINE ( 'NONE', #4161, #4176 ) ;
#3998 = STYLED_ITEM ( 'NONE', ( #4903 ), #6173 ) ;
#3999 = CARTESIAN_POINT ( 'NONE',  ( 2.109999999999999432, 0.1823257994792188419, -2.542325799479218773 ) ) ;
#4000 = STYLED_ITEM ( 'NONE', ( #1692 ), #9184 ) ;
#4001 = EDGE_LOOP ( 'NONE', ( #6185, #3503, #3668, #9515 ) ) ;
#4002 = CARTESIAN_POINT ( 'NONE',  ( 4.649999999999999467, 0.1000000000000000056, -2.542325799479218773 ) ) ;
#4003 = ADVANCED_FACE ( 'NONE', ( #7007 ), #6802, .T. ) ;
#4004 =( NAMED_UNIT ( * ) SI_UNIT ( $, .STERADIAN. ) SOLID_ANGLE_UNIT ( ) );
#4005 = ORIENTED_EDGE ( 'NONE', *, *, #8746, .T. ) ;
#4006 = EDGE_LOOP ( 'NONE', ( #7262, #5467, #10196, #4569 ) ) ;
#4007 = AXIS2_PLACEMENT_3D ( 'NONE', #9879, #4923, #8941 ) ;
#4008 = LINE ( 'NONE', #7157, #2456 ) ;
#4009 = LINE ( 'NONE', #7094, #106 ) ;
#4010 = MECHANICAL_DESIGN_GEOMETRIC_PRESENTATION_REPRESENTATION (  '', ( #648 ), #6182 ) ;
#4011 = FILL_AREA_STYLE_COLOUR ( '', #1286 ) ;
#4012 = SURFACE_STYLE_FILL_AREA ( #4801 ) ;
#4013 = CARTESIAN_POINT ( 'NONE',  ( 4.649999999999999467, 0.6426742005207811692, 2.177674200520781422 ) ) ;
#4014 = COLOUR_RGB ( '',0.7529411764705882248, 0.7529411764705882248, 0.7529411764705882248 ) ;
#4015 = CARTESIAN_POINT ( 'NONE',  ( -4.240000000000001101, 0.7249999999999998668, -2.177674200520781422 ) ) ;
#4016 =( GEOMETRIC_REPRESENTATION_CONTEXT ( 3 ) GLOBAL_UNCERTAINTY_ASSIGNED_CONTEXT ( ( #174 ) ) GLOBAL_UNIT_ASSIGNED_CONTEXT ( ( #505, #1214, #6704 ) ) REPRESENTATION_CONTEXT ( 'NONE', 'WORKASPACE' ) );
#4017 = LINE ( 'NONE', #7269, #75 ) ;
#4018 = VERTEX_POINT ( 'NONE', #4599 ) ;
#4019 =( GEOMETRIC_REPRESENTATION_CONTEXT ( 3 ) GLOBAL_UNCERTAINTY_ASSIGNED_CONTEXT ( ( #2957 ) ) GLOBAL_UNIT_ASSIGNED_CONTEXT ( ( #8221, #264, #2822 ) ) REPRESENTATION_CONTEXT ( 'NONE', 'WORKASPACE' ) );
#4020 = AXIS2_PLACEMENT_3D ( 'NONE', #7243, #4090, #9790 ) ;
#4021 = VERTEX_POINT ( 'NONE', #9472 ) ;
#4022 = SHAPE_DEFINITION_REPRESENTATION ( #1736, #8289 ) ;
#4023 =( NAMED_UNIT ( * ) SI_UNIT ( $, .STERADIAN. ) SOLID_ANGLE_UNIT ( ) );
#4024 = STYLED_ITEM ( 'NONE', ( #6157 ), #8704 ) ;
#4025 = STYLED_ITEM ( 'NONE', ( #1511 ), #3828 ) ;
#4026 = SURFACE_STYLE_FILL_AREA ( #8046 ) ;
#4027 = LINE ( 'NONE', #6420, #8159 ) ;
#4028 = FILL_AREA_STYLE ('',( #6176 ) ) ;
#4029 = COLOUR_RGB ( '',0.7529411764705882248, 0.7529411764705882248, 0.7529411764705882248 ) ;
#4030 = AXIS2_PLACEMENT_3D ( 'NONE', #9756, #8075, #4175 ) ;
#4031 =( NAMED_UNIT ( * ) PLANE_ANGLE_UNIT ( ) SI_UNIT ( $, .RADIAN. ) );
#4032 = ORIENTED_EDGE ( 'NONE', *, *, #3547, .T. ) ;
#4033 = CARTESIAN_POINT ( 'NONE',  ( 1.699999999999999734, 0.1823257994792188696, 2.259999999999999787 ) ) ;
#4034 = COLOUR_RGB ( '',0.7529411764705882248, 0.7529411764705882248, 0.7529411764705882248 ) ;
#4035 = CARTESIAN_POINT ( 'NONE',  ( -3.380000000000000338, 0.6426742005207811692, 2.459999999999999964 ) ) ;
#4036 = ORIENTED_EDGE ( 'NONE', *, *, #6107, .F. ) ;
#4037 = CARTESIAN_POINT ( 'NONE',  ( 1.699999999999999734, 0.1823257994792188419, 2.542325799479218773 ) ) ;
#4038 = CARTESIAN_POINT ( 'NONE',  ( -0.8400000000000005240, 0.9250000000000000444, 2.000000000000000000 ) ) ;
#4039 = EDGE_CURVE ( 'NONE', #1402, #5397, #453, .T. ) ;
#4040 = SURFACE_SIDE_STYLE ('',( #8690 ) ) ;
#4041 =( NAMED_UNIT ( * ) PLANE_ANGLE_UNIT ( ) SI_UNIT ( $, .RADIAN. ) );
#4042 = MECHANICAL_DESIGN_GEOMETRIC_PRESENTATION_REPRESENTATION (  '', ( #8596 ), #3545 ) ;
#4043 = CARTESIAN_POINT ( 'NONE',  ( -0.4300000000000007150, 0.1823257994792188696, -2.259999999999999787 ) ) ;
#4044 = CARTESIAN_POINT ( 'NONE',  ( -4.240000000000001101, -0.1000000000000000056, 2.542325799479218773 ) ) ;
#4045 = PLANE ( 'NONE',  #10398 ) ;
#4046 = DIRECTION ( 'NONE',  ( 0.000000000000000000, 0.000000000000000000, -1.000000000000000000 ) ) ;
#4047 = STYLED_ITEM ( 'NONE', ( #5969 ), #2679 ) ;
#4048 = PRESENTATION_STYLE_ASSIGNMENT (( #9584 ) ) ;
#4049 = ORIENTED_EDGE ( 'NONE', *, *, #4146, .F. ) ;
#4050 = LINE ( 'NONE', #7919, #1838 ) ;
#4051 = SURFACE_STYLE_FILL_AREA ( #8856 ) ;
#4052 = ADVANCED_FACE ( 'NONE', ( #2230 ), #8950, .T. ) ;
#4053 = UNCERTAINTY_MEASURE_WITH_UNIT (LENGTH_MEASURE( 1.000000000000000082E-05 ), #4561, 'distance_accuracy_value', 'NONE');
#4054 = SURFACE_STYLE_FILL_AREA ( #834 ) ;
#4055 = CARTESIAN_POINT ( 'NONE',  ( -1.700000000000001066, 0.7249999999999998668, -2.177674200520781422 ) ) ;
#4056 = DIRECTION ( 'NONE',  ( -0.000000000000000000, -1.000000000000000000, -0.000000000000000000 ) ) ;
#4057 = CIRCLE ( 'NONE', #8442, 0.2823257994792188752 ) ;
#4058 = PLANE ( 'NONE',  #7177 ) ;
#4059 = DIRECTION ( 'NONE',  ( -1.000000000000000000, -0.000000000000000000, -0.000000000000000000 ) ) ;
#4060 = ORIENTED_EDGE ( 'NONE', *, *, #4646, .T. ) ;
#4061 = VERTEX_POINT ( 'NONE', #7284 ) ;
#4062 = CARTESIAN_POINT ( 'NONE',  ( 4.649999999999999467, 0.6426742005207811692, 2.177674200520781422 ) ) ;
#4063 = VERTEX_POINT ( 'NONE', #3 ) ;
#4064 = UNCERTAINTY_MEASURE_WITH_UNIT (LENGTH_MEASURE( 1.000000000000000082E-05 ), #260, 'distance_accuracy_value', 'NONE');
#4065 = DIRECTION ( 'NONE',  ( -1.000000000000000000, -0.000000000000000000, -0.000000000000000000 ) ) ;
#4066 = EDGE_CURVE ( 'NONE', #9587, #10359, #1000, .T. ) ;
#4067 = EDGE_CURVE ( 'NONE', #4063, #5007, #8839, .T. ) ;
#4068 = SURFACE_STYLE_USAGE ( .BOTH. , #8925 ) ;
#4069 = DIRECTION ( 'NONE',  ( -1.000000000000000000, 0.000000000000000000, 0.000000000000000000 ) ) ;
#4070 = DIRECTION ( 'NONE',  ( 1.000000000000000000, 0.000000000000000000, 0.000000000000000000 ) ) ;
#4071 = DIRECTION ( 'NONE',  ( 0.000000000000000000, 0.000000000000000000, 1.000000000000000000 ) ) ;
#4072 = CARTESIAN_POINT ( 'NONE',  ( -1.700000000000001066, 0.6426742005207811692, 2.177674200520781422 ) ) ;
#4073 = CARTESIAN_POINT ( 'NONE',  ( 2.109999999999999432, -0.1000000000000000056, -3.000000000000000000 ) ) ;
#4074 =( NAMED_UNIT ( * ) SI_UNIT ( $, .STERADIAN. ) SOLID_ANGLE_UNIT ( ) );
#4075 = ORIENTED_EDGE ( 'NONE', *, *, #227, .T. ) ;
#4076 = CARTESIAN_POINT ( 'NONE',  ( 3.379999999999999449, 0.6426742005207811692, 2.459999999999999964 ) ) ;
#4077 = ORIENTED_EDGE ( 'NONE', *, *, #10126, .F. ) ;
#4078 = CARTESIAN_POINT ( 'NONE',  ( -5.000000000000000888, 0.9499999999999816369, -2.000000000000000000 ) ) ;
#4079 = LINE ( 'NONE', #10310, #8401 ) ;
#4080 = EDGE_CURVE ( 'NONE', #6369, #6760, #4826, .T. ) ;
#4081 = DIRECTION ( 'NONE',  ( -0.000000000000000000, -1.000000000000000000, -0.000000000000000000 ) ) ;
#4082 = DIRECTION ( 'NONE',  ( -1.000000000000000000, -0.000000000000000000, -0.000000000000000000 ) ) ;
#4083 = LINE ( 'NONE', #7276, #1051 ) ;
#4084 = DIRECTION ( 'NONE',  ( 0.000000000000000000, 0.000000000000000000, 1.000000000000000000 ) ) ;
#4085 = ORIENTED_EDGE ( 'NONE', *, *, #5949, .T. ) ;
#4086 = CARTESIAN_POINT ( 'NONE',  ( 0.4299999999999998268, 0.6426742005207811692, 2.459999999999999964 ) ) ;
#4087 = VERTEX_POINT ( 'NONE', #4461 ) ;
#4088 = CARTESIAN_POINT ( 'NONE',  ( 0.8399999999999996358, 0.6426742005207811692, -2.260000000000000231 ) ) ;
#4089 =( NAMED_UNIT ( * ) PLANE_ANGLE_UNIT ( ) SI_UNIT ( $, .RADIAN. ) );
#4090 = DIRECTION ( 'NONE',  ( -1.000000000000000000, -0.000000000000000000, -0.000000000000000000 ) ) ;
#4091 = DIRECTION ( 'NONE',  ( 0.000000000000000000, -0.000000000000000000, 1.000000000000000000 ) ) ;
#4092 = EDGE_CURVE ( 'NONE', #66, #3073, #8427, .T. ) ;
#4093 = DIRECTION ( 'NONE',  ( 0.000000000000000000, 0.000000000000000000, 1.000000000000000000 ) ) ;
#4094 =( LENGTH_UNIT ( ) NAMED_UNIT ( * ) SI_UNIT ( .MILLI., .METRE. ) );
#4095 = DIRECTION ( 'NONE',  ( -1.000000000000000000, -0.000000000000000000, -0.000000000000000000 ) ) ;
#4096 = DIRECTION ( 'NONE',  ( 0.000000000000000000, -0.000000000000000000, -1.000000000000000000 ) ) ;
#4097 = LINE ( 'NONE', #5080, #8391 ) ;
#4098 = SURFACE_SIDE_STYLE ('',( #1018 ) ) ;
#4099 = DIRECTION ( 'NONE',  ( -1.000000000000000000, -0.000000000000000000, -0.000000000000000000 ) ) ;
#4100 = EDGE_CURVE ( 'NONE', #7862, #1160, #4362, .T. ) ;
#4101 = SURFACE_STYLE_USAGE ( .BOTH. , #4780 ) ;
#4102 = DIRECTION ( 'NONE',  ( 0.000000000000000000, 0.000000000000000000, 1.000000000000000000 ) ) ;
#4103 = ORIENTED_EDGE ( 'NONE', *, *, #482, .F. ) ;
#4104 = SURFACE_STYLE_USAGE ( .BOTH. , #926 ) ;
#4105 = DIRECTION ( 'NONE',  ( 0.000000000000000000, 1.000000000000000000, 0.000000000000000000 ) ) ;
#4106 = COLOUR_RGB ( '',0.7529411764705882248, 0.7529411764705882248, 0.7529411764705882248 ) ;
#4107 =( GEOMETRIC_REPRESENTATION_CONTEXT ( 3 ) GLOBAL_UNCERTAINTY_ASSIGNED_CONTEXT ( ( #5722 ) ) GLOBAL_UNIT_ASSIGNED_CONTEXT ( ( #6335, #5464, #777 ) ) REPRESENTATION_CONTEXT ( 'NONE', 'WORKASPACE' ) );
#4108 = CARTESIAN_POINT ( 'NONE',  ( 4.649999999999999467, 0.6426742005207811692, -2.260000000000000231 ) ) ;
#4109 =( LENGTH_UNIT ( ) NAMED_UNIT ( * ) SI_UNIT ( .MILLI., .METRE. ) );
#4110 =( LENGTH_UNIT ( ) NAMED_UNIT ( * ) SI_UNIT ( .MILLI., .METRE. ) );
#4111 = CARTESIAN_POINT ( 'NONE',  ( -0.4300000000000007150, 0.7249999999999999778, 2.000000000000000000 ) ) ;
#4112 = ORIENTED_EDGE ( 'NONE', *, *, #3224, .T. ) ;
#4113 = VECTOR ( 'NONE', #1213, 1000.000000000000000 ) ;
#4114 = DIRECTION ( 'NONE',  ( -1.000000000000000000, -0.000000000000000000, -0.000000000000000000 ) ) ;
#4115 = ORIENTED_EDGE ( 'NONE', *, *, #10201, .F. ) ;
#4116 = MECHANICAL_DESIGN_GEOMETRIC_PRESENTATION_REPRESENTATION (  '', ( #9834 ), #6270 ) ;
#4117 = PRESENTATION_STYLE_ASSIGNMENT (( #2484 ) ) ;
#4118 = FILL_AREA_STYLE ('',( #9705 ) ) ;
#4119 = PRESENTATION_LAYER_ASSIGNMENT (  '', '', ( #5770 ) ) ;
#4120 = FILL_AREA_STYLE_COLOUR ( '', #4472 ) ;
#4121 =( NAMED_UNIT ( * ) PLANE_ANGLE_UNIT ( ) SI_UNIT ( $, .RADIAN. ) );
#4122 = FILL_AREA_STYLE ('',( #8237 ) ) ;
#4123 = VECTOR ( 'NONE', #1488, 1000.000000000000000 ) ;
#4124 = CIRCLE ( 'NONE', #5463, 0.08232579947921878083 ) ;
#4125 = DIRECTION ( 'NONE',  ( -0.000000000000000000, 1.000000000000000000, 0.000000000000000000 ) ) ;
#4126 = EDGE_CURVE ( 'NONE', #6009, #4061, #4542, .T. ) ;
#4127 = CARTESIAN_POINT ( 'NONE',  ( 4.649999999999999467, 0.6426742005207811692, -2.459999999999999964 ) ) ;
#4128 = ORIENTED_EDGE ( 'NONE', *, *, #5927, .T. ) ;
#4129 = UNCERTAINTY_MEASURE_WITH_UNIT (LENGTH_MEASURE( 1.000000000000000082E-05 ), #5413, 'distance_accuracy_value', 'NONE');
#4130 =( GEOMETRIC_REPRESENTATION_CONTEXT ( 3 ) GLOBAL_UNCERTAINTY_ASSIGNED_CONTEXT ( ( #8182 ) ) GLOBAL_UNIT_ASSIGNED_CONTEXT ( ( #9429, #8679, #5291 ) ) REPRESENTATION_CONTEXT ( 'NONE', 'WORKASPACE' ) );
#4131 = VERTEX_POINT ( 'NONE', #2722 ) ;
#4132 = LINE ( 'NONE', #852, #259 ) ;
#4133 = CARTESIAN_POINT ( 'NONE',  ( 0.4299999999999998268, 0.6426742005207811692, 2.260000000000000231 ) ) ;
#4134 = AXIS2_PLACEMENT_3D ( 'NONE', #2853, #6207, #9304 ) ;
#4135 = AXIS2_PLACEMENT_3D ( 'NONE', #3376, #130, #7417 ) ;
#4136 = FILL_AREA_STYLE ('',( #4196 ) ) ;
#4137 = DIRECTION ( 'NONE',  ( -0.000000000000000000, 1.000000000000000000, 0.000000000000000000 ) ) ;
#4138 =( LENGTH_UNIT ( ) NAMED_UNIT ( * ) SI_UNIT ( .MILLI., .METRE. ) );
#4139 = DIRECTION ( 'NONE',  ( 0.000000000000000000, 0.000000000000000000, 1.000000000000000000 ) ) ;
#4140 = EDGE_CURVE ( 'NONE', #2068, #7416, #3366, .T. ) ;
#4141 = ORIENTED_EDGE ( 'NONE', *, *, #3367, .F. ) ;
#4142 = EDGE_CURVE ( 'NONE', #6784, #2733, #4510, .T. ) ;
#4143 = VECTOR ( 'NONE', #3103, 1000.000000000000000 ) ;
#4144 = VECTOR ( 'NONE', #9961, 1000.000000000000000 ) ;
#4145 = SURFACE_STYLE_USAGE ( .BOTH. , #2449 ) ;
#4146 = EDGE_CURVE ( 'NONE', #7485, #3567, #1516, .T. ) ;
#4147 = ORIENTED_EDGE ( 'NONE', *, *, #9259, .T. ) ;
#4148 = DIRECTION ( 'NONE',  ( 0.000000000000000000, 1.000000000000000000, 0.000000000000000000 ) ) ;
#4149 = FILL_AREA_STYLE ('',( #4203 ) ) ;
#4150 = SURFACE_STYLE_FILL_AREA ( #8152 ) ;
#4151 = STYLED_ITEM ( 'NONE', ( #7492 ), #7033 ) ;
#4152 = VECTOR ( 'NONE', #1662, 1000.000000000000000 ) ;
#4153 = DIRECTION ( 'NONE',  ( 0.000000000000000000, 0.000000000000000000, -1.000000000000000000 ) ) ;
#4154 = UNCERTAINTY_MEASURE_WITH_UNIT (LENGTH_MEASURE( 1.000000000000000082E-05 ), #7143, 'distance_accuracy_value', 'NONE');
#4155 = MECHANICAL_DESIGN_GEOMETRIC_PRESENTATION_REPRESENTATION (  '', ( #3642 ), #3138 ) ;
#4156 = CARTESIAN_POINT ( 'NONE',  ( 2.969999999999999751, 0.1000000000000000056, 3.000000000000000000 ) ) ;
#4157 = DIRECTION ( 'NONE',  ( 1.000000000000000000, 0.000000000000000000, 0.000000000000000000 ) ) ;
#4158 =( NAMED_UNIT ( * ) PLANE_ANGLE_UNIT ( ) SI_UNIT ( $, .RADIAN. ) );
#4159 = PRESENTATION_STYLE_ASSIGNMENT (( #1721 ) ) ;
#4160 = SURFACE_SIDE_STYLE ('',( #9836 ) ) ;
#4161 = CARTESIAN_POINT ( 'NONE',  ( -2.970000000000000639, 0.1000000000000000056, -2.542325799479218773 ) ) ;
#4162 = CARTESIAN_POINT ( 'NONE',  ( 0.8399999999999996358, -0.1000000000000000056, -2.542325799479218773 ) ) ;
#4163 = VECTOR ( 'NONE', #3163, 1000.000000000000000 ) ;
#4164 = DIRECTION ( 'NONE',  ( 0.000000000000000000, 0.000000000000000000, -1.000000000000000000 ) ) ;
#4165 = ORIENTED_EDGE ( 'NONE', *, *, #3323, .F. ) ;
#4166 =( GEOMETRIC_REPRESENTATION_CONTEXT ( 3 ) GLOBAL_UNCERTAINTY_ASSIGNED_CONTEXT ( ( #4794 ) ) GLOBAL_UNIT_ASSIGNED_CONTEXT ( ( #8969, #4225, #3220 ) ) REPRESENTATION_CONTEXT ( 'NONE', 'WORKASPACE' ) );
#4167 = DIRECTION ( 'NONE',  ( -0.9848077530122085754, -0.1736481776669281663, -0.000000000000000000 ) ) ;
#4168 =( NAMED_UNIT ( * ) SI_UNIT ( $, .STERADIAN. ) SOLID_ANGLE_UNIT ( ) );
#4169 = DIRECTION ( 'NONE',  ( -0.000000000000000000, 1.000000000000000000, 0.000000000000000000 ) ) ;
#4170 = UNCERTAINTY_MEASURE_WITH_UNIT (LENGTH_MEASURE( 1.000000000000000082E-05 ), #4401, 'distance_accuracy_value', 'NONE');
#4171 = VECTOR ( 'NONE', #8899, 1000.000000000000000 ) ;
#4172 = CARTESIAN_POINT ( 'NONE',  ( -2.970000000000000639, -0.1000000000000000056, -3.000000000000000000 ) ) ;
#4173 = CARTESIAN_POINT ( 'NONE',  ( -0.4300000000000007150, 0.1000000000000000056, 3.000000000000000000 ) ) ;
#4174 = SURFACE_SIDE_STYLE ('',( #6564 ) ) ;
#4175 = DIRECTION ( 'NONE',  ( 0.000000000000000000, 0.000000000000000000, -1.000000000000000000 ) ) ;
#4176 = VECTOR ( 'NONE', #1777, 1000.000000000000000 ) ;
#4177 = FILL_AREA_STYLE_COLOUR ( '', #8541 ) ;
#4178 = CARTESIAN_POINT ( 'NONE',  ( -1.700000000000001066, 0.6426742005207811692, 2.260000000000000231 ) ) ;
#4179 = ORIENTED_EDGE ( 'NONE', *, *, #4771, .T. ) ;
#4180 = CARTESIAN_POINT ( 'NONE',  ( -4.650000000000000355, 0.6426742005207811692, -2.459999999999999964 ) ) ;
#4181 = ORIENTED_EDGE ( 'NONE', *, *, #10394, .T. ) ;
#4182 = UNCERTAINTY_MEASURE_WITH_UNIT (LENGTH_MEASURE( 1.000000000000000082E-05 ), #1710, 'distance_accuracy_value', 'NONE');
#4183 = SURFACE_SIDE_STYLE ('',( #8871 ) ) ;
#4184 = CARTESIAN_POINT ( 'NONE',  ( -2.970000000000000639, -0.1000000000000000056, 2.542325799479218773 ) ) ;
#4185 = EDGE_CURVE ( 'NONE', #8803, #5572, #1940, .T. ) ;
#4186 = CARTESIAN_POINT ( 'NONE',  ( 1.699999999999999734, -0.1000000000000000056, -3.000000000000000000 ) ) ;
#4187 =( NAMED_UNIT ( * ) SI_UNIT ( $, .STERADIAN. ) SOLID_ANGLE_UNIT ( ) );
#4188 = DIRECTION ( 'NONE',  ( 0.000000000000000000, 0.000000000000000000, 1.000000000000000000 ) ) ;
#4189 =( NAMED_UNIT ( * ) PLANE_ANGLE_UNIT ( ) SI_UNIT ( $, .RADIAN. ) );
#4190 = ORIENTED_EDGE ( 'NONE', *, *, #1875, .T. ) ;
#4191 = VECTOR ( 'NONE', #1387, 1000.000000000000000 ) ;
#4192 = VECTOR ( 'NONE', #4303, 1000.000000000000000 ) ;
#4193 = EDGE_CURVE ( 'NONE', #3601, #368, #5296, .T. ) ;
#4194 = VECTOR ( 'NONE', #3831, 1000.000000000000000 ) ;
#4195 =( GEOMETRIC_REPRESENTATION_CONTEXT ( 3 ) GLOBAL_UNCERTAINTY_ASSIGNED_CONTEXT ( ( #2255 ) ) GLOBAL_UNIT_ASSIGNED_CONTEXT ( ( #1602, #4031, #4873 ) ) REPRESENTATION_CONTEXT ( 'NONE', 'WORKASPACE' ) );
#4196 = FILL_AREA_STYLE_COLOUR ( '', #8033 ) ;
#4197 = PLANE ( 'NONE',  #5610 ) ;
#4198 =( LENGTH_UNIT ( ) NAMED_UNIT ( * ) SI_UNIT ( .MILLI., .METRE. ) );
#4199 = ORIENTED_EDGE ( 'NONE', *, *, #6250, .T. ) ;
#4200 = VECTOR ( 'NONE', #9270, 1000.000000000000000 ) ;
#4201 = ORIENTED_EDGE ( 'NONE', *, *, #1671, .T. ) ;
#4202 = CARTESIAN_POINT ( 'NONE',  ( 2.969999999999999751, 0.1000000000000000056, -3.000000000000000000 ) ) ;
#4203 = FILL_AREA_STYLE_COLOUR ( '', #7205 ) ;
#4204 = EDGE_CURVE ( 'NONE', #1688, #5624, #10060, .T. ) ;
#4205 = EDGE_CURVE ( 'NONE', #1081, #8457, #513, .T. ) ;
#4206 =( NAMED_UNIT ( * ) SI_UNIT ( $, .STERADIAN. ) SOLID_ANGLE_UNIT ( ) );
#4207 = MECHANICAL_DESIGN_GEOMETRIC_PRESENTATION_REPRESENTATION (  '', ( #4890 ), #9920 ) ;
#4208 = VECTOR ( 'NONE', #4635, 1000.000000000000000 ) ;
#4209 = FILL_AREA_STYLE ('',( #970 ) ) ;
#4210 = FILL_AREA_STYLE ('',( #3307 ) ) ;
#4211 = DIRECTION ( 'NONE',  ( 0.000000000000000000, 0.000000000000000000, -1.000000000000000000 ) ) ;
#4212 = AXIS2_PLACEMENT_3D ( 'NONE', #818, #3299, #3935 ) ;
#4213 = CARTESIAN_POINT ( 'NONE',  ( 0.4299999999999998268, 0.1000000000000000056, 2.542325799479218773 ) ) ;
#4214 = DIRECTION ( 'NONE',  ( 0.000000000000000000, 0.000000000000000000, 1.000000000000000000 ) ) ;
#4215 = CARTESIAN_POINT ( 'NONE',  ( 0.8399999999999996358, 0.7249999999999999778, 2.000000000000000000 ) ) ;
#4216 = VECTOR ( 'NONE', #4714, 1000.000000000000000 ) ;
#4217 = ORIENTED_EDGE ( 'NONE', *, *, #4245, .F. ) ;
#4218 = SURFACE_STYLE_USAGE ( .BOTH. , #1888 ) ;
#4219 = CARTESIAN_POINT ( 'NONE',  ( 0.4299999999999998268, 0.1823257994792188419, 2.542325799479218773 ) ) ;
#4220 = COLOUR_RGB ( '',0.7529411764705882248, 0.7529411764705882248, 0.7529411764705882248 ) ;
#4221 = DIRECTION ( 'NONE',  ( 0.000000000000000000, 0.000000000000000000, 1.000000000000000000 ) ) ;
#4222 = ADVANCED_FACE ( 'NONE', ( #1069 ), #9955, .T. ) ;
#4223 = CARTESIAN_POINT ( 'NONE',  ( -4.240000000000001101, 0.6426742005207811692, 2.260000000000000231 ) ) ;
#4224 = LINE ( 'NONE', #5577, #2598 ) ;
#4225 =( NAMED_UNIT ( * ) PLANE_ANGLE_UNIT ( ) SI_UNIT ( $, .RADIAN. ) );
#4226 = ORIENTED_EDGE ( 'NONE', *, *, #7318, .T. ) ;
#4227 = AXIS2_PLACEMENT_3D ( 'NONE', #2153, #564, #6978 ) ;
#4228 = PRESENTATION_STYLE_ASSIGNMENT (( #5887 ) ) ;
#4229 = EDGE_LOOP ( 'NONE', ( #524, #530, #5081, #4239 ) ) ;
#4230 = ORIENTED_EDGE ( 'NONE', *, *, #5212, .F. ) ;
#4231 = DIRECTION ( 'NONE',  ( 0.000000000000000000, 0.000000000000000000, 1.000000000000000000 ) ) ;
#4232 = STYLED_ITEM ( 'NONE', ( #202 ), #4617 ) ;
#4233 = FILL_AREA_STYLE ('',( #947 ) ) ;
#4234 = CARTESIAN_POINT ( 'NONE',  ( -3.380000000000000338, -0.1000000000000000056, 3.000000000000000000 ) ) ;
#4235 = EDGE_LOOP ( 'NONE', ( #6225, #886, #15, #3479 ) ) ;
#4236 = SURFACE_SIDE_STYLE ('',( #8239 ) ) ;
#4237 = EDGE_CURVE ( 'NONE', #9619, #4906, #1124, .T. ) ;
#4238 = FILL_AREA_STYLE ('',( #5789 ) ) ;
#4239 = ORIENTED_EDGE ( 'NONE', *, *, #2913, .T. ) ;
#4240 = CARTESIAN_POINT ( 'NONE',  ( -0.4300000000000007150, 0.9250000000000000444, 2.000000000000000000 ) ) ;
#4241 = CARTESIAN_POINT ( 'NONE',  ( 2.109999999999999432, 0.1000000000000000056, -2.542325799479218773 ) ) ;
#4242 = CARTESIAN_POINT ( 'NONE',  ( 0.4299999999999998268, 0.1000000000000000056, -3.000000000000000000 ) ) ;
#4243 = SURFACE_STYLE_USAGE ( .BOTH. , #4924 ) ;
#4244 = ORIENTED_EDGE ( 'NONE', *, *, #4039, .T. ) ;
#4245 = EDGE_CURVE ( 'NONE', #10078, #1342, #318, .T. ) ;
#4246 = ORIENTED_EDGE ( 'NONE', *, *, #9844, .F. ) ;
#4247 = DIRECTION ( 'NONE',  ( 1.000000000000000000, 0.000000000000000000, -0.000000000000000000 ) ) ;
#4248 = FACE_OUTER_BOUND ( 'NONE', #328, .T. ) ;
#4249 = FACE_OUTER_BOUND ( 'NONE', #1907, .T. ) ;
#4250 = DIRECTION ( 'NONE',  ( -1.000000000000000000, -0.000000000000000000, -0.000000000000000000 ) ) ;
#4251 = PRESENTATION_STYLE_ASSIGNMENT (( #8259 ) ) ;
#4252 = LINE ( 'NONE', #8116, #813 ) ;
#4253 = CARTESIAN_POINT ( 'NONE',  ( -3.380000000000000338, 0.9250000000000000444, 2.000000000000000000 ) ) ;
#4254 = CARTESIAN_POINT ( 'NONE',  ( 4.649999999999999467, 0.6426742005207811692, -2.260000000000000231 ) ) ;
#4255 = CARTESIAN_POINT ( 'NONE',  ( -4.240000000000001101, 0.7249999999999999778, -2.000000000000000000 ) ) ;
#4256 = FILL_AREA_STYLE ('',( #1831 ) ) ;
#4257 = ADVANCED_FACE ( 'NONE', ( #3571 ), #2351, .T. ) ;
#4258 = CARTESIAN_POINT ( 'NONE',  ( 3.379999999999999449, 0.6426742005207811692, -2.260000000000000231 ) ) ;
#4259 = ORIENTED_EDGE ( 'NONE', *, *, #6189, .F. ) ;
#4260 = VECTOR ( 'NONE', #3249, 1000.000000000000000 ) ;
#4261 = DIRECTION ( 'NONE',  ( -1.000000000000000000, -0.000000000000000000, -0.000000000000000000 ) ) ;
#4262 = LINE ( 'NONE', #9956, #2495 ) ;
#4263 = DIRECTION ( 'NONE',  ( -0.000000000000000000, -1.000000000000000000, -0.000000000000000000 ) ) ;
#4264 = UNCERTAINTY_MEASURE_WITH_UNIT (LENGTH_MEASURE( 1.000000000000000082E-05 ), #10405, 'distance_accuracy_value', 'NONE');
#4265 = PRESENTATION_STYLE_ASSIGNMENT (( #2477 ) ) ;
#4266 = CARTESIAN_POINT ( 'NONE',  ( 4.649999999999999467, -0.1000000000000000056, -2.542325799479218773 ) ) ;
#4267 = DIRECTION ( 'NONE',  ( -0.000000000000000000, -1.000000000000000000, -0.000000000000000000 ) ) ;
#4268 = ORIENTED_EDGE ( 'NONE', *, *, #1548, .T. ) ;
#4269 =( LENGTH_UNIT ( ) NAMED_UNIT ( * ) SI_UNIT ( .MILLI., .METRE. ) );
#4270 = EDGE_LOOP ( 'NONE', ( #5367, #409, #4466, #7524 ) ) ;
#4271 = VERTEX_POINT ( 'NONE', #5457 ) ;
#4272 = VECTOR ( 'NONE', #6432, 1000.000000000000000 ) ;
#4273 = EDGE_CURVE ( 'NONE', #680, #1297, #8088, .T. ) ;
#4274 = PRESENTATION_LAYER_ASSIGNMENT (  '', '', ( #6093 ) ) ;
#4275 = DIRECTION ( 'NONE',  ( -1.000000000000000000, -0.000000000000000000, -0.000000000000000000 ) ) ;
#4276 = FACE_OUTER_BOUND ( 'NONE', #2844, .T. ) ;
#4277 = PRESENTATION_LAYER_ASSIGNMENT (  '', '', ( #7796 ) ) ;
#4278 = PRESENTATION_LAYER_ASSIGNMENT (  '', '', ( #899 ) ) ;
#4279 =( LENGTH_UNIT ( ) NAMED_UNIT ( * ) SI_UNIT ( .MILLI., .METRE. ) );
#4280 = CARTESIAN_POINT ( 'NONE',  ( 4.649999999999999467, 0.1823257994792188419, 2.542325799479218773 ) ) ;
#4281 = ORIENTED_EDGE ( 'NONE', *, *, #7706, .T. ) ;
#4282 = PRESENTATION_STYLE_ASSIGNMENT (( #3489 ) ) ;
#4283 = ORIENTED_EDGE ( 'NONE', *, *, #9422, .F. ) ;
#4284 = SURFACE_STYLE_FILL_AREA ( #4238 ) ;
#4285 = AXIS2_PLACEMENT_3D ( 'NONE', #10356, #3122, #6310 ) ;
#4286 = CIRCLE ( 'NONE', #581, 0.08232579947921878083 ) ;
#4287 = SURFACE_STYLE_USAGE ( .BOTH. , #9820 ) ;
#4288 = DIRECTION ( 'NONE',  ( 0.000000000000000000, -0.000000000000000000, 1.000000000000000000 ) ) ;
#4289 = AXIS2_PLACEMENT_3D ( 'NONE', #9996, #3616, #4458 ) ;
#4290 = CARTESIAN_POINT ( 'NONE',  ( -4.650000000000000355, 0.1000000000000000056, -2.542325799479218773 ) ) ;
#4291 = SURFACE_STYLE_FILL_AREA ( #6642 ) ;
#4292 = ORIENTED_EDGE ( 'NONE', *, *, #9748, .F. ) ;
#4293 = MECHANICAL_DESIGN_GEOMETRIC_PRESENTATION_REPRESENTATION (  '', ( #1205 ), #2096 ) ;
#4294 = VECTOR ( 'NONE', #4082, 1000.000000000000000 ) ;
#4295 = ORIENTED_EDGE ( 'NONE', *, *, #10040, .T. ) ;
#4296 =( GEOMETRIC_REPRESENTATION_CONTEXT ( 3 ) GLOBAL_UNCERTAINTY_ASSIGNED_CONTEXT ( ( #8922 ) ) GLOBAL_UNIT_ASSIGNED_CONTEXT ( ( #2922, #4726, #711 ) ) REPRESENTATION_CONTEXT ( 'NONE', 'WORKASPACE' ) );
#4297 = LINE ( 'NONE', #8358, #9096 ) ;
#4298 = PRESENTATION_STYLE_ASSIGNMENT (( #4350 ) ) ;
#4299 = CARTESIAN_POINT ( 'NONE',  ( 2.109999999999999432, 0.6426742005207811692, -2.177674200520781422 ) ) ;
#4300 = EDGE_CURVE ( 'NONE', #8639, #10369, #1453, .T. ) ;
#4301 =( GEOMETRIC_REPRESENTATION_CONTEXT ( 3 ) GLOBAL_UNCERTAINTY_ASSIGNED_CONTEXT ( ( #8705 ) ) GLOBAL_UNIT_ASSIGNED_CONTEXT ( ( #6898, #8553, #4589 ) ) REPRESENTATION_CONTEXT ( 'NONE', 'WORKASPACE' ) );
#4302 = COLOUR_RGB ( '',0.7529411764705882248, 0.7529411764705882248, 0.7529411764705882248 ) ;
#4303 = DIRECTION ( 'NONE',  ( -1.000000000000000000, -0.000000000000000000, -0.000000000000000000 ) ) ;
#4304 = FACE_OUTER_BOUND ( 'NONE', #8918, .T. ) ;
#4305 = PRESENTATION_LAYER_ASSIGNMENT (  '', '', ( #4641 ) ) ;
#4306 = DIRECTION ( 'NONE',  ( 0.000000000000000000, 0.000000000000000000, 1.000000000000000000 ) ) ;
#4307 = VERTEX_POINT ( 'NONE', #10321 ) ;
#4308 = STYLED_ITEM ( 'NONE', ( #9110 ), #7021 ) ;
#4309 = PRESENTATION_STYLE_ASSIGNMENT (( #4218 ) ) ;
#4310 = PRESENTATION_LAYER_ASSIGNMENT (  '', '', ( #4808 ) ) ;
#4311 = SURFACE_STYLE_USAGE ( .BOTH. , #1071 ) ;
#4312 = SURFACE_STYLE_USAGE ( .BOTH. , #6037 ) ;
#4313 = DIRECTION ( 'NONE',  ( -1.000000000000000000, -0.000000000000000000, -0.000000000000000000 ) ) ;
#4314 = ADVANCED_FACE ( 'NONE', ( #3146 ), #7825, .F. ) ;
#4315 = LINE ( 'NONE', #323, #3264 ) ;
#4316 = VECTOR ( 'NONE', #1331, 1000.000000000000000 ) ;
#4317 = FILL_AREA_STYLE_COLOUR ( '', #4820 ) ;
#4318 = ORIENTED_EDGE ( 'NONE', *, *, #6919, .T. ) ;
#4319 = AXIS2_PLACEMENT_3D ( 'NONE', #9078, #9699, #4904 ) ;
#4320 = DIRECTION ( 'NONE',  ( 0.000000000000000000, 0.000000000000000000, -1.000000000000000000 ) ) ;
#4321 = ORIENTED_EDGE ( 'NONE', *, *, #3002, .F. ) ;
#4322 = ORIENTED_EDGE ( 'NONE', *, *, #5594, .F. ) ;
#4323 = EDGE_LOOP ( 'NONE', ( #461, #2085, #8147, #10306 ) ) ;
#4324 = CARTESIAN_POINT ( 'NONE',  ( 4.240000000000000213, 0.7249999999999999778, -2.000000000000000000 ) ) ;
#4325 = STYLED_ITEM ( 'NONE', ( #5171 ), #360 ) ;
#4326 = MECHANICAL_DESIGN_GEOMETRIC_PRESENTATION_REPRESENTATION (  '', ( #6995 ), #2804 ) ;
#4327 = SURFACE_SIDE_STYLE ('',( #1089 ) ) ;
#4328 = CARTESIAN_POINT ( 'NONE',  ( 4.240000000000000213, 0.7249999999999999778, 2.000000000000000000 ) ) ;
#4329 =( NAMED_UNIT ( * ) PLANE_ANGLE_UNIT ( ) SI_UNIT ( $, .RADIAN. ) );
#4330 = DIRECTION ( 'NONE',  ( -1.000000000000000000, -0.000000000000000000, -0.000000000000000000 ) ) ;
#4331 = DIRECTION ( 'NONE',  ( 1.000000000000000000, 0.000000000000000000, 0.000000000000000000 ) ) ;
#4332 = EDGE_LOOP ( 'NONE', ( #7509, #893, #3723, #1098 ) ) ;
#4333 = CARTESIAN_POINT ( 'NONE',  ( 3.379999999999999449, 0.7249999999999998668, -2.177674200520781422 ) ) ;
#4334 = VECTOR ( 'NONE', #7043, 1000.000000000000000 ) ;
#4335 = CIRCLE ( 'NONE', #7668, 0.2823257994792188752 ) ;
#4336 = DIRECTION ( 'NONE',  ( 0.000000000000000000, 0.000000000000000000, 1.000000000000000000 ) ) ;
#4337 = DIRECTION ( 'NONE',  ( 1.000000000000000000, 0.000000000000000000, 0.000000000000000000 ) ) ;
#4338 = FILL_AREA_STYLE ('',( #5899 ) ) ;
#4339 = PRESENTATION_LAYER_ASSIGNMENT (  '', '', ( #4024 ) ) ;
#4340 = EDGE_CURVE ( 'NONE', #761, #5558, #1854, .T. ) ;
#4341 = COLOUR_RGB ( '',0.7529411764705882248, 0.7529411764705882248, 0.7529411764705882248 ) ;
#4342 = ADVANCED_FACE ( 'NONE', ( #4276 ), #3099, .T. ) ;
#4343 = ORIENTED_EDGE ( 'NONE', *, *, #534, .T. ) ;
#4344 = VERTEX_POINT ( 'NONE', #8698 ) ;
#4345 = DIRECTION ( 'NONE',  ( -1.000000000000000000, -0.000000000000000000, -0.000000000000000000 ) ) ;
#4346 = EDGE_LOOP ( 'NONE', ( #9775, #9929, #1119, #3063 ) ) ;
#4347 = MECHANICAL_DESIGN_GEOMETRIC_PRESENTATION_REPRESENTATION (  '', ( #6020 ), #6512 ) ;
#4348 = LINE ( 'NONE', #5131, #8754 ) ;
#4349 = VECTOR ( 'NONE', #4139, 1000.000000000000000 ) ;
#4350 = SURFACE_STYLE_USAGE ( .BOTH. , #3449 ) ;
#4351 =( LENGTH_UNIT ( ) NAMED_UNIT ( * ) SI_UNIT ( .MILLI., .METRE. ) );
#4352 = AXIS2_PLACEMENT_3D ( 'NONE', #7256, #6194, #7110 ) ;
#4353 = UNCERTAINTY_MEASURE_WITH_UNIT (LENGTH_MEASURE( 1.000000000000000082E-05 ), #5401, 'distance_accuracy_value', 'NONE');
#4354 =( NAMED_UNIT ( * ) SI_UNIT ( $, .STERADIAN. ) SOLID_ANGLE_UNIT ( ) );
#4355 = SURFACE_SIDE_STYLE ('',( #4559 ) ) ;
#4356 = ORIENTED_EDGE ( 'NONE', *, *, #8145, .T. ) ;
#4357 = AXIS2_PLACEMENT_3D ( 'NONE', #10104, #9992, #3666 ) ;
#4358 = CYLINDRICAL_SURFACE ( 'NONE', #7999, 0.08232579947921878083 ) ;
#4359 = STYLED_ITEM ( 'NONE', ( #10112 ), #3759 ) ;
#4360 = SURFACE_STYLE_USAGE ( .BOTH. , #2876 ) ;
#4361 = ORIENTED_EDGE ( 'NONE', *, *, #8714, .T. ) ;
#4362 = LINE ( 'NONE', #8373, #1856 ) ;
#4363 = VECTOR ( 'NONE', #6651, 1000.000000000000000 ) ;
#4364 = SURFACE_STYLE_FILL_AREA ( #7448 ) ;
#4365 = MECHANICAL_DESIGN_GEOMETRIC_PRESENTATION_REPRESENTATION (  '', ( #1646 ), #6506 ) ;
#4366 = CARTESIAN_POINT ( 'NONE',  ( -2.110000000000000764, 0.9249999999999998224, -2.177674200520781422 ) ) ;
#4367 = VECTOR ( 'NONE', #8207, 1000.000000000000000 ) ;
#4368 = DIRECTION ( 'NONE',  ( 0.000000000000000000, 0.000000000000000000, -1.000000000000000000 ) ) ;
#4369 = FILL_AREA_STYLE_COLOUR ( '', #501 ) ;
#4370 = CARTESIAN_POINT ( 'NONE',  ( 4.649999999999999467, 0.1000000000000000056, -2.542325799479218773 ) ) ;
#4371 = VERTEX_POINT ( 'NONE', #7138 ) ;
#4372 = VERTEX_POINT ( 'NONE', #1466 ) ;
#4373 = EDGE_CURVE ( 'NONE', #3902, #5529, #2206, .T. ) ;
#4374 = MECHANICAL_DESIGN_GEOMETRIC_PRESENTATION_REPRESENTATION (  '', ( #6878 ), #10278 ) ;
#4375 = STYLED_ITEM ( 'NONE', ( #3887 ), #4257 ) ;
#4376 = ORIENTED_EDGE ( 'NONE', *, *, #6038, .F. ) ;
#4377 = VECTOR ( 'NONE', #137, 1000.000000000000000 ) ;
#4378 =( GEOMETRIC_REPRESENTATION_CONTEXT ( 3 ) GLOBAL_UNCERTAINTY_ASSIGNED_CONTEXT ( ( #8138 ) ) GLOBAL_UNIT_ASSIGNED_CONTEXT ( ( #5184, #10146, #2026 ) ) REPRESENTATION_CONTEXT ( 'NONE', 'WORKASPACE' ) );
#4379 = PRESENTATION_STYLE_ASSIGNMENT (( #7669 ) ) ;
#4380 = FILL_AREA_STYLE_COLOUR ( '', #8199 ) ;
#4381 = CIRCLE ( 'NONE', #3037, 0.08232579947921878083 ) ;
#4382 = LINE ( 'NONE', #387, #3203 ) ;
#4383 =( LENGTH_UNIT ( ) NAMED_UNIT ( * ) SI_UNIT ( .MILLI., .METRE. ) );
#4384 = EDGE_LOOP ( 'NONE', ( #5383, #1398, #2362, #2638 ) ) ;
#4385 = CARTESIAN_POINT ( 'NONE',  ( -4.240000000000001101, -0.1000000000000000056, 3.000000000000000000 ) ) ;
#4386 = ORIENTED_EDGE ( 'NONE', *, *, #2149, .T. ) ;
#4387 = EDGE_CURVE ( 'NONE', #10014, #2497, #7196, .T. ) ;
#4388 = CARTESIAN_POINT ( 'NONE',  ( 0.8399999999999996358, 0.1000000000000000056, 3.000000000000000000 ) ) ;
#4389 = SURFACE_STYLE_FILL_AREA ( #2063 ) ;
#4390 = SURFACE_SIDE_STYLE ('',( #8407 ) ) ;
#4391 = MECHANICAL_DESIGN_GEOMETRIC_PRESENTATION_REPRESENTATION (  '', ( #1702 ), #3556 ) ;
#4392 = EDGE_LOOP ( 'NONE', ( #6673, #5415, #184, #9275 ) ) ;
#4393 = ORIENTED_EDGE ( 'NONE', *, *, #8131, .T. ) ;
#4394 = ADVANCED_FACE ( 'NONE', ( #6340 ), #3837, .F. ) ;
#4395 = EDGE_LOOP ( 'NONE', ( #7253, #8070, #5208, #1442 ) ) ;
#4396 = CARTESIAN_POINT ( 'NONE',  ( 2.109999999999999432, 0.9250000000000000444, -2.000000000000000000 ) ) ;
#4397 = DIRECTION ( 'NONE',  ( 0.000000000000000000, 0.000000000000000000, 1.000000000000000000 ) ) ;
#4398 = CARTESIAN_POINT ( 'NONE',  ( -0.8400000000000005240, 0.6426742005207811692, -2.260000000000000231 ) ) ;
#4399 = EDGE_CURVE ( 'NONE', #8789, #1648, #2249, .T. ) ;
#4400 =( NAMED_UNIT ( * ) SI_UNIT ( $, .STERADIAN. ) SOLID_ANGLE_UNIT ( ) );
#4401 =( LENGTH_UNIT ( ) NAMED_UNIT ( * ) SI_UNIT ( .MILLI., .METRE. ) );
#4402 = DIRECTION ( 'NONE',  ( -1.000000000000000000, -0.000000000000000000, -0.000000000000000000 ) ) ;
#4403 = ORIENTED_EDGE ( 'NONE', *, *, #2081, .F. ) ;
#4404 = SURFACE_SIDE_STYLE ('',( #2669 ) ) ;
#4405 = CARTESIAN_POINT ( 'NONE',  ( 0.8399999999999996358, 0.6426742005207811692, -2.459999999999999964 ) ) ;
#4406 = DIRECTION ( 'NONE',  ( -1.000000000000000000, -0.000000000000000000, -0.000000000000000000 ) ) ;
#4407 = ORIENTED_EDGE ( 'NONE', *, *, #9626, .F. ) ;
#4408 = DIRECTION ( 'NONE',  ( 0.000000000000000000, 0.000000000000000000, 1.000000000000000000 ) ) ;
#4409 = DIRECTION ( 'NONE',  ( 0.000000000000000000, 0.000000000000000000, -1.000000000000000000 ) ) ;
#4410 = EDGE_CURVE ( 'NONE', #2371, #1760, #8749, .T. ) ;
#4411 = CARTESIAN_POINT ( 'NONE',  ( -3.380000000000000338, 0.9250000000000000444, -2.000000000000000000 ) ) ;
#4412 = CARTESIAN_POINT ( 'NONE',  ( -4.240000000000001101, 0.6426742005207811692, 2.459999999999999964 ) ) ;
#4413 = EDGE_CURVE ( 'NONE', #2686, #8010, #8217, .T. ) ;
#4414 = DIRECTION ( 'NONE',  ( -1.000000000000000000, 0.000000000000000000, 0.000000000000000000 ) ) ;
#4415 = SURFACE_STYLE_FILL_AREA ( #2931 ) ;
#4416 = DIRECTION ( 'NONE',  ( 0.000000000000000000, 0.000000000000000000, -1.000000000000000000 ) ) ;
#4417 = DIRECTION ( 'NONE',  ( 0.000000000000000000, 0.000000000000000000, 1.000000000000000000 ) ) ;
#4418 = ORIENTED_EDGE ( 'NONE', *, *, #2537, .T. ) ;
#4419 = CARTESIAN_POINT ( 'NONE',  ( -1.700000000000001510, 0.7249999999999999778, 2.000000000000000000 ) ) ;
#4420 = ORIENTED_EDGE ( 'NONE', *, *, #4899, .T. ) ;
#4421 = ORIENTED_EDGE ( 'NONE', *, *, #633, .F. ) ;
#4422 = LINE ( 'NONE', #2785, #8512 ) ;
#4423 = VECTOR ( 'NONE', #8430, 1000.000000000000000 ) ;
#4424 = DIRECTION ( 'NONE',  ( -1.000000000000000000, -0.000000000000000000, -0.000000000000000000 ) ) ;
#4425 = CARTESIAN_POINT ( 'NONE',  ( 0.8399999999999996358, 0.1823257994792188696, 2.259999999999999787 ) ) ;
#4426 = ORIENTED_EDGE ( 'NONE', *, *, #55, .T. ) ;
#4427 = VERTEX_POINT ( 'NONE', #5669 ) ;
#4428 = DIRECTION ( 'NONE',  ( -1.000000000000000000, -0.000000000000000000, -0.000000000000000000 ) ) ;
#4429 = EDGE_LOOP ( 'NONE', ( #3125, #8307, #4049, #1159 ) ) ;
#4430 =( GEOMETRIC_REPRESENTATION_CONTEXT ( 3 ) GLOBAL_UNCERTAINTY_ASSIGNED_CONTEXT ( ( #7377 ) ) GLOBAL_UNIT_ASSIGNED_CONTEXT ( ( #4279, #6735, #9770 ) ) REPRESENTATION_CONTEXT ( 'NONE', 'WORKASPACE' ) );
#4431 = DIRECTION ( 'NONE',  ( -1.000000000000000000, -0.000000000000000000, -0.000000000000000000 ) ) ;
#4432 = CIRCLE ( 'NONE', #5269, 0.08232579947921878083 ) ;
#4433 = CARTESIAN_POINT ( 'NONE',  ( 2.109999999999999432, 0.1823257994792188419, -2.542325799479218773 ) ) ;
#4434 = CARTESIAN_POINT ( 'NONE',  ( 0.8399999999999996358, 0.6426742005207811692, 2.177674200520781422 ) ) ;
#4435 = EDGE_CURVE ( 'NONE', #1818, #3570, #8906, .T. ) ;
#4436 =( NAMED_UNIT ( * ) PLANE_ANGLE_UNIT ( ) SI_UNIT ( $, .RADIAN. ) );
#4437 = CIRCLE ( 'NONE', #6778, 0.2823257994792188752 ) ;
#4438 = FILL_AREA_STYLE_COLOUR ( '', #3178 ) ;
#4439 = EDGE_LOOP ( 'NONE', ( #5845, #8330, #7903, #2393 ) ) ;
#4440 = DIRECTION ( 'NONE',  ( 0.000000000000000000, 0.000000000000000000, -1.000000000000000000 ) ) ;
#4441 = AXIS2_PLACEMENT_3D ( 'NONE', #6409, #4752, #588 ) ;
#4442 = ORIENTED_EDGE ( 'NONE', *, *, #3621, .T. ) ;
#4443 = CARTESIAN_POINT ( 'NONE',  ( 4.240000000000000213, 0.7249999999999999778, -2.000000000000000000 ) ) ;
#4444 = FILL_AREA_STYLE ('',( #6021 ) ) ;
#4445 = VECTOR ( 'NONE', #3267, 1000.000000000000000 ) ;
#4446 = CARTESIAN_POINT ( 'NONE',  ( 0.8399999999999996358, 0.6426742005207811692, 2.459999999999999964 ) ) ;
#4447 = STYLED_ITEM ( 'NONE', ( #5717 ), #4922 ) ;
#4448 = UNCERTAINTY_MEASURE_WITH_UNIT (LENGTH_MEASURE( 1.000000000000000082E-05 ), #7433, 'distance_accuracy_value', 'NONE');
#4449 = CARTESIAN_POINT ( 'NONE',  ( -0.4300000000000007150, 0.1823257994792188419, -2.459999999999999964 ) ) ;
#4450 = EDGE_CURVE ( 'NONE', #2247, #6557, #4381, .T. ) ;
#4451 = ADVANCED_FACE ( 'NONE', ( #3359 ), #9799, .F. ) ;
#4452 = CARTESIAN_POINT ( 'NONE',  ( 4.240000000000001101, 0.9250000000000000444, 2.000000000000000000 ) ) ;
#4453 = CARTESIAN_POINT ( 'NONE',  ( 3.379999999999999449, 0.1000000000000000056, 3.000000000000000000 ) ) ;
#4454 = ORIENTED_EDGE ( 'NONE', *, *, #5033, .T. ) ;
#4455 = VECTOR ( 'NONE', #10257, 1000.000000000000000 ) ;
#4456 = ADVANCED_FACE ( 'NONE', ( #1623 ), #2469, .T. ) ;
#4457 = CIRCLE ( 'NONE', #4628, 0.08232579947921878083 ) ;
#4458 = DIRECTION ( 'NONE',  ( 0.000000000000000000, 0.000000000000000000, -1.000000000000000000 ) ) ;
#4459 = DIRECTION ( 'NONE',  ( 0.000000000000000000, 0.000000000000000000, 1.000000000000000000 ) ) ;
#4460 = VERTEX_POINT ( 'NONE', #4215 ) ;
#4461 = CARTESIAN_POINT ( 'NONE',  ( 0.8399999999999996358, 0.6426742005207811692, 2.260000000000000231 ) ) ;
#4462 = FILL_AREA_STYLE ('',( #666 ) ) ;
#4463 = CARTESIAN_POINT ( 'NONE',  ( -2.970000000000000639, 0.7249999999999999778, 2.000000000000000000 ) ) ;
#4464 = AXIS2_PLACEMENT_3D ( 'NONE', #9409, #10193, #5390 ) ;
#4465 = FACE_OUTER_BOUND ( 'NONE', #7413, .T. ) ;
#4466 = ORIENTED_EDGE ( 'NONE', *, *, #6175, .T. ) ;
#4467 = PRESENTATION_LAYER_ASSIGNMENT (  '', '', ( #3119 ) ) ;
#4468 = SURFACE_SIDE_STYLE ('',( #3833 ) ) ;
#4469 = CARTESIAN_POINT ( 'NONE',  ( 2.109999999999999432, -0.1000000000000000056, 3.000000000000000000 ) ) ;
#4470 = CARTESIAN_POINT ( 'NONE',  ( -2.970000000000000639, 0.6426742005207811692, -2.260000000000000231 ) ) ;
#4471 = VERTEX_POINT ( 'NONE', #1779 ) ;
#4472 = COLOUR_RGB ( '',0.7529411764705882248, 0.7529411764705882248, 0.7529411764705882248 ) ;
#4473 = ORIENTED_EDGE ( 'NONE', *, *, #1656, .T. ) ;
#4474 = PRESENTATION_LAYER_ASSIGNMENT (  '', '', ( #9029 ) ) ;
#4475 = ORIENTED_EDGE ( 'NONE', *, *, #7912, .F. ) ;
#4476 = VECTOR ( 'NONE', #9972, 1000.000000000000000 ) ;
#4477 = ORIENTED_EDGE ( 'NONE', *, *, #8219, .T. ) ;
#4478 = FILL_AREA_STYLE_COLOUR ( '', #267 ) ;
#4479 = EDGE_LOOP ( 'NONE', ( #4809, #3120, #6983, #10199 ) ) ;
#4480 = PRESENTATION_LAYER_ASSIGNMENT (  '', '', ( #5487 ) ) ;
#4481 = SURFACE_STYLE_FILL_AREA ( #6889 ) ;
#4482 = FILL_AREA_STYLE ('',( #1244 ) ) ;
#4483 = CIRCLE ( 'NONE', #3815, 0.2823257994792188752 ) ;
#4484 = EDGE_LOOP ( 'NONE', ( #9427, #3717, #6873, #1796 ) ) ;
#4485 = EDGE_LOOP ( 'NONE', ( #10217, #80, #1659, #7838 ) ) ;
#4486 = SURFACE_STYLE_USAGE ( .BOTH. , #6935 ) ;
#4487 = ADVANCED_FACE ( 'NONE', ( #4986 ), #5036, .F. ) ;
#4488 = LINE ( 'NONE', #5950, #10353 ) ;
#4489 = STYLED_ITEM ( 'NONE', ( #3164 ), #5738 ) ;
#4490 = PRESENTATION_LAYER_ASSIGNMENT (  '', '', ( #7852 ) ) ;
#4491 = CARTESIAN_POINT ( 'NONE',  ( -0.8400000000000005240, 0.6426742005207811692, 2.177674200520781422 ) ) ;
#4492 = CARTESIAN_POINT ( 'NONE',  ( -0.4300000000000007150, 0.9250000000000000444, -2.000000000000000000 ) ) ;
#4493 = SURFACE_STYLE_FILL_AREA ( #5338 ) ;
#4494 = ORIENTED_EDGE ( 'NONE', *, *, #6767, .F. ) ;
#4495 = CIRCLE ( 'NONE', #3491, 0.2823257994792188752 ) ;
#4496 = LINE ( 'NONE', #498, #5405 ) ;
#4497 = ORIENTED_EDGE ( 'NONE', *, *, #3820, .F. ) ;
#4498 = FACE_OUTER_BOUND ( 'NONE', #7022, .T. ) ;
#4499 = ADVANCED_FACE ( 'NONE', ( #5241 ), #3672, .T. ) ;
#4500 = FILL_AREA_STYLE ('',( #2024 ) ) ;
#4501 = CARTESIAN_POINT ( 'NONE',  ( 3.379999999999999449, 0.9249999999999998224, 2.177674200520781422 ) ) ;
#4502 = DIRECTION ( 'NONE',  ( -1.000000000000000000, -0.000000000000000000, -0.000000000000000000 ) ) ;
#4503 = SURFACE_STYLE_USAGE ( .BOTH. , #4355 ) ;
#4504 = ORIENTED_EDGE ( 'NONE', *, *, #1062, .T. ) ;
#4505 = DIRECTION ( 'NONE',  ( -1.000000000000000000, -0.000000000000000000, -0.000000000000000000 ) ) ;
#4506 = STYLED_ITEM ( 'NONE', ( #5300 ), #8882 ) ;
#4507 =( NAMED_UNIT ( * ) PLANE_ANGLE_UNIT ( ) SI_UNIT ( $, .RADIAN. ) );
#4508 = VECTOR ( 'NONE', #3391, 1000.000000000000000 ) ;
#4509 = ORIENTED_EDGE ( 'NONE', *, *, #404, .F. ) ;
#4510 = LINE ( 'NONE', #369, #190 ) ;
#4511 = VECTOR ( 'NONE', #2570, 1000.000000000000000 ) ;
#4512 = EDGE_CURVE ( 'NONE', #1352, #3294, #1870, .T. ) ;
#4513 = DIRECTION ( 'NONE',  ( -1.000000000000000000, -0.000000000000000000, -0.000000000000000000 ) ) ;
#4514 = PRESENTATION_STYLE_ASSIGNMENT (( #5459 ) ) ;
#4515 = ORIENTED_EDGE ( 'NONE', *, *, #9240, .T. ) ;
#4516 =( GEOMETRIC_REPRESENTATION_CONTEXT ( 3 ) GLOBAL_UNCERTAINTY_ASSIGNED_CONTEXT ( ( #2662 ) ) GLOBAL_UNIT_ASSIGNED_CONTEXT ( ( #4351, #7539, #1822 ) ) REPRESENTATION_CONTEXT ( 'NONE', 'WORKASPACE' ) );
#4517 =( GEOMETRIC_REPRESENTATION_CONTEXT ( 3 ) GLOBAL_UNCERTAINTY_ASSIGNED_CONTEXT ( ( #6561 ) ) GLOBAL_UNIT_ASSIGNED_CONTEXT ( ( #1368, #3809, #8616 ) ) REPRESENTATION_CONTEXT ( 'NONE', 'WORKASPACE' ) );
#4518 = CARTESIAN_POINT ( 'NONE',  ( -1.700000000000001066, 0.6426742005207811692, -2.260000000000000231 ) ) ;
#4519 = VECTOR ( 'NONE', #7298, 1000.000000000000000 ) ;
#4520 =( LENGTH_UNIT ( ) NAMED_UNIT ( * ) SI_UNIT ( .MILLI., .METRE. ) );
#4521 = DIRECTION ( 'NONE',  ( 0.000000000000000000, 0.000000000000000000, 1.000000000000000000 ) ) ;
#4522 = ORIENTED_EDGE ( 'NONE', *, *, #3429, .T. ) ;
#4523 = VERTEX_POINT ( 'NONE', #8371 ) ;
#4524 = EDGE_LOOP ( 'NONE', ( #5932, #753, #3894, #1228 ) ) ;
#4525 = SURFACE_STYLE_FILL_AREA ( #5098 ) ;
#4526 =( GEOMETRIC_REPRESENTATION_CONTEXT ( 3 ) GLOBAL_UNCERTAINTY_ASSIGNED_CONTEXT ( ( #8656 ) ) GLOBAL_UNIT_ASSIGNED_CONTEXT ( ( #5566, #4089, #5510 ) ) REPRESENTATION_CONTEXT ( 'NONE', 'WORKASPACE' ) );
#4527 = EDGE_CURVE ( 'NONE', #4696, #2333, #10108, .T. ) ;
#4528 = DIRECTION ( 'NONE',  ( 0.000000000000000000, 0.000000000000000000, -1.000000000000000000 ) ) ;
#4529 = EDGE_CURVE ( 'NONE', #9332, #1978, #1176, .T. ) ;
#4530 = DIRECTION ( 'NONE',  ( 0.000000000000000000, 0.000000000000000000, 1.000000000000000000 ) ) ;
#4531 =( NAMED_UNIT ( * ) PLANE_ANGLE_UNIT ( ) SI_UNIT ( $, .RADIAN. ) );
#4532 = SURFACE_STYLE_USAGE ( .BOTH. , #4581 ) ;
#4533 =( NAMED_UNIT ( * ) SI_UNIT ( $, .STERADIAN. ) SOLID_ANGLE_UNIT ( ) );
#4535 = ORIENTED_EDGE ( 'NONE', *, *, #7156, .F. ) ;
#4534 = STYLED_ITEM ( 'NONE', ( #10007 ), #1701 ) ;
#4536 = PRESENTATION_LAYER_ASSIGNMENT (  '', '', ( #5541 ) ) ;
#4537 = MECHANICAL_DESIGN_GEOMETRIC_PRESENTATION_REPRESENTATION (  '', ( #9590 ), #9099 ) ;
#4538 = COLOUR_RGB ( '',0.7529411764705882248, 0.7529411764705882248, 0.7529411764705882248 ) ;
#4539 = CARTESIAN_POINT ( 'NONE',  ( -4.650000000000000355, 0.6426742005207811692, -2.177674200520781422 ) ) ;
#4540 = UNCERTAINTY_MEASURE_WITH_UNIT (LENGTH_MEASURE( 1.000000000000000082E-05 ), #4760, 'distance_accuracy_value', 'NONE');
#4541 = CARTESIAN_POINT ( 'NONE',  ( 0.4299999999999998268, 0.9250000000000000444, -2.000000000000000000 ) ) ;
#4542 = CIRCLE ( 'NONE', #5380, 0.2823257994792188752 ) ;
#4543 = DIRECTION ( 'NONE',  ( 0.000000000000000000, -0.000000000000000000, -1.000000000000000000 ) ) ;
#4544 = FACE_OUTER_BOUND ( 'NONE', #496, .T. ) ;
#4545 = VERTEX_POINT ( 'NONE', #7593 ) ;
#4546 = STYLED_ITEM ( 'NONE', ( #9945 ), #2585 ) ;
#4547 = PRESENTATION_STYLE_ASSIGNMENT (( #6709 ) ) ;
#4548 = EDGE_CURVE ( 'NONE', #1953, #7656, #1529, .T. ) ;
#4549 = PLANE ( 'NONE',  #7020 ) ;
#4550 =( NAMED_UNIT ( * ) PLANE_ANGLE_UNIT ( ) SI_UNIT ( $, .RADIAN. ) );
#4551 = ORIENTED_EDGE ( 'NONE', *, *, #6696, .F. ) ;
#4552 = STYLED_ITEM ( 'NONE', ( #7252 ), #4456 ) ;
#4553 = ORIENTED_EDGE ( 'NONE', *, *, #4204, .F. ) ;
#4554 = CARTESIAN_POINT ( 'NONE',  ( 2.109999999999999432, 0.6426742005207811692, 2.459999999999999964 ) ) ;
#4555 = FACE_OUTER_BOUND ( 'NONE', #4683, .T. ) ;
#4556 = CARTESIAN_POINT ( 'NONE',  ( 3.379999999999999449, 0.9250000000000000444, 2.000000000000000000 ) ) ;
#4557 = VECTOR ( 'NONE', #4440, 1000.000000000000000 ) ;
#4558 = SURFACE_STYLE_FILL_AREA ( #602 ) ;
#4559 = SURFACE_STYLE_FILL_AREA ( #1118 ) ;
#4560 = EDGE_CURVE ( 'NONE', #6082, #2164, #5293, .T. ) ;
#4561 =( LENGTH_UNIT ( ) NAMED_UNIT ( * ) SI_UNIT ( .MILLI., .METRE. ) );
#4562 = ORIENTED_EDGE ( 'NONE', *, *, #7409, .F. ) ;
#4563 = FILL_AREA_STYLE ('',( #3143 ) ) ;
#4564 = ORIENTED_EDGE ( 'NONE', *, *, #9452, .T. ) ;
#4565 = SURFACE_STYLE_FILL_AREA ( #9480 ) ;
#4566 = FACE_OUTER_BOUND ( 'NONE', #8699, .T. ) ;
#4567 = CARTESIAN_POINT ( 'NONE',  ( 4.999999999999999112, 1.649999999999999911, -2.000000000000000000 ) ) ;
#4568 = LINE ( 'NONE', #10156, #4423 ) ;
#4569 = ORIENTED_EDGE ( 'NONE', *, *, #619, .T. ) ;
#4570 = ADVANCED_FACE ( 'NONE', ( #7822 ), #1450, .F. ) ;
#4571 = PRESENTATION_STYLE_ASSIGNMENT (( #4623 ) ) ;
#4572 = CARTESIAN_POINT ( 'NONE',  ( -4.240000000000001101, -0.1000000000000000056, -2.542325799479218773 ) ) ;
#4573 = ORIENTED_EDGE ( 'NONE', *, *, #4644, .T. ) ;
#4574 = ORIENTED_EDGE ( 'NONE', *, *, #6158, .F. ) ;
#4575 = VERTEX_POINT ( 'NONE', #664 ) ;
#4576 = UNCERTAINTY_MEASURE_WITH_UNIT (LENGTH_MEASURE( 1.000000000000000082E-05 ), #971, 'distance_accuracy_value', 'NONE');
#4577 = CARTESIAN_POINT ( 'NONE',  ( -2.970000000000000639, 0.7249999999999999778, -2.000000000000000000 ) ) ;
#4578 = UNCERTAINTY_MEASURE_WITH_UNIT (LENGTH_MEASURE( 1.000000000000000082E-05 ), #5488, 'distance_accuracy_value', 'NONE');
#4579 =( LENGTH_UNIT ( ) NAMED_UNIT ( * ) SI_UNIT ( .MILLI., .METRE. ) );
#4580 = EDGE_CURVE ( 'NONE', #301, #2858, #1509, .T. ) ;
#4581 = SURFACE_SIDE_STYLE ('',( #6602 ) ) ;
#4582 = DIRECTION ( 'NONE',  ( 1.000000000000000000, 0.000000000000000000, 0.000000000000000000 ) ) ;
#4583 = FILL_AREA_STYLE_COLOUR ( '', #271 ) ;
#4584 = EDGE_CURVE ( 'NONE', #5504, #9611, #6916, .T. ) ;
#4585 = FILL_AREA_STYLE ('',( #6503 ) ) ;
#4586 = DIRECTION ( 'NONE',  ( 0.000000000000000000, 0.000000000000000000, 1.000000000000000000 ) ) ;
#4587 = CARTESIAN_POINT ( 'NONE',  ( -2.110000000000000764, 0.1823257994792188419, 2.542325799479218773 ) ) ;
#4588 = DIRECTION ( 'NONE',  ( 0.000000000000000000, 0.000000000000000000, 1.000000000000000000 ) ) ;
#4589 =( NAMED_UNIT ( * ) SI_UNIT ( $, .STERADIAN. ) SOLID_ANGLE_UNIT ( ) );
#4590 = MECHANICAL_DESIGN_GEOMETRIC_PRESENTATION_REPRESENTATION (  '', ( #4934 ), #1208 ) ;
#4591 = DIRECTION ( 'NONE',  ( 0.9848077530122085754, -0.1736481776669281663, 0.000000000000000000 ) ) ;
#4592 = LINE ( 'NONE', #7864, #579 ) ;
#4593 = VERTEX_POINT ( 'NONE', #9377 ) ;
#4594 = ADVANCED_FACE ( 'NONE', ( #7122 ), #6329, .T. ) ;
#4595 = ORIENTED_EDGE ( 'NONE', *, *, #2408, .F. ) ;
#4596 = VERTEX_POINT ( 'NONE', #6384 ) ;
#4597 = LINE ( 'NONE', #7808, #7468 ) ;
#4598 = COLOUR_RGB ( '',0.7529411764705882248, 0.7529411764705882248, 0.7529411764705882248 ) ;
#4599 = CARTESIAN_POINT ( 'NONE',  ( -4.650000000000000355, 0.9249999999999998224, 2.177674200520781422 ) ) ;
#4600 = ADVANCED_FACE ( 'NONE', ( #5801 ), #97, .T. ) ;
#4601 = UNCERTAINTY_MEASURE_WITH_UNIT (LENGTH_MEASURE( 1.000000000000000082E-05 ), #7783, 'distance_accuracy_value', 'NONE');
#4602 = STYLED_ITEM ( 'NONE', ( #2358 ), #7770 ) ;
#4603 = DIRECTION ( 'NONE',  ( 1.000000000000000000, 0.000000000000000000, 0.000000000000000000 ) ) ;
#4604 = DIRECTION ( 'NONE',  ( 0.000000000000000000, 0.000000000000000000, 1.000000000000000000 ) ) ;
#4605 = DIRECTION ( 'NONE',  ( 0.000000000000000000, -0.5591929034707421309, -0.8290375725550449548 ) ) ;
#4606 = SURFACE_STYLE_USAGE ( .BOTH. , #1380 ) ;
#4607 = ORIENTED_EDGE ( 'NONE', *, *, #1271, .T. ) ;
#4608 = DIRECTION ( 'NONE',  ( 0.000000000000000000, -1.000000000000000000, 0.000000000000000000 ) ) ;
#4609 = ORIENTED_EDGE ( 'NONE', *, *, #3049, .T. ) ;
#4610 =( GEOMETRIC_REPRESENTATION_CONTEXT ( 3 ) GLOBAL_UNCERTAINTY_ASSIGNED_CONTEXT ( ( #2365 ) ) GLOBAL_UNIT_ASSIGNED_CONTEXT ( ( #1757, #7383, #543 ) ) REPRESENTATION_CONTEXT ( 'NONE', 'WORKASPACE' ) );
#4611 = COLOUR_RGB ( '',0.7529411764705882248, 0.7529411764705882248, 0.7529411764705882248 ) ;
#4612 = DIRECTION ( 'NONE',  ( -0.000000000000000000, -1.000000000000000000, -0.000000000000000000 ) ) ;
#4613 = CIRCLE ( 'NONE', #3104, 0.2823257994792188752 ) ;
#4614 = ORIENTED_EDGE ( 'NONE', *, *, #7000, .T. ) ;
#4615 = PRESENTATION_STYLE_ASSIGNMENT (( #10221 ) ) ;
#4616 = CARTESIAN_POINT ( 'NONE',  ( 3.379999999999999449, 0.6426742005207811692, 2.177674200520781422 ) ) ;
#4617 = ADVANCED_FACE ( 'NONE', ( #8947 ), #1817, .T. ) ;
#4618 =( GEOMETRIC_REPRESENTATION_CONTEXT ( 3 ) GLOBAL_UNCERTAINTY_ASSIGNED_CONTEXT ( ( #6984 ) ) GLOBAL_UNIT_ASSIGNED_CONTEXT ( ( #6308, #8718, #7055 ) ) REPRESENTATION_CONTEXT ( 'NONE', 'WORKASPACE' ) );
#4619 = DIRECTION ( 'NONE',  ( -1.000000000000000000, -0.000000000000000000, -0.000000000000000000 ) ) ;
#4620 = ORIENTED_EDGE ( 'NONE', *, *, #7937, .T. ) ;
#4621 = VECTOR ( 'NONE', #7681, 1000.000000000000000 ) ;
#4622 = SURFACE_STYLE_USAGE ( .BOTH. , #1392 ) ;
#4623 = SURFACE_STYLE_USAGE ( .BOTH. , #6922 ) ;
#4624 = VERTEX_POINT ( 'NONE', #4035 ) ;
#4625 = VERTEX_POINT ( 'NONE', #43 ) ;
#4626 = CARTESIAN_POINT ( 'NONE',  ( -2.970000000000000639, 0.1823257994792188419, 2.542325799479218773 ) ) ;
#4627 = VECTOR ( 'NONE', #1756, 1000.000000000000000 ) ;
#4628 = AXIS2_PLACEMENT_3D ( 'NONE', #8612, #28, #1420 ) ;
#4629 = SURFACE_STYLE_USAGE ( .BOTH. , #627 ) ;
#4630 = EDGE_CURVE ( 'NONE', #1661, #10015, #9884, .T. ) ;
#4631 = AXIS2_PLACEMENT_3D ( 'NONE', #3243, #3984, #8053 ) ;
#4632 = DIRECTION ( 'NONE',  ( 0.000000000000000000, 0.000000000000000000, 1.000000000000000000 ) ) ;
#4633 = DIRECTION ( 'NONE',  ( 0.000000000000000000, 0.000000000000000000, 1.000000000000000000 ) ) ;
#4634 = PRESENTATION_STYLE_ASSIGNMENT (( #337 ) ) ;
#4635 = DIRECTION ( 'NONE',  ( -1.000000000000000000, -0.000000000000000000, -0.000000000000000000 ) ) ;
#4636 = CARTESIAN_POINT ( 'NONE',  ( 4.240000000000000213, 0.6426742005207811692, 2.177674200520781422 ) ) ;
#4637 =( GEOMETRIC_REPRESENTATION_CONTEXT ( 3 ) GLOBAL_UNCERTAINTY_ASSIGNED_CONTEXT ( ( #251 ) ) GLOBAL_UNIT_ASSIGNED_CONTEXT ( ( #5825, #2406, #4942 ) ) REPRESENTATION_CONTEXT ( 'NONE', 'WORKASPACE' ) );
#4638 = ORIENTED_EDGE ( 'NONE', *, *, #6333, .F. ) ;
#4639 = LINE ( 'NONE', #7916, #7327 ) ;
#4640 = ORIENTED_EDGE ( 'NONE', *, *, #1560, .T. ) ;
#4641 = STYLED_ITEM ( 'NONE', ( #7854 ), #5374 ) ;
#4642 = SURFACE_STYLE_FILL_AREA ( #4695 ) ;
#4643 = FACE_OUTER_BOUND ( 'NONE', #5850, .T. ) ;
#4644 = EDGE_CURVE ( 'NONE', #2126, #6814, #10291, .T. ) ;
#4645 = AXIS2_PLACEMENT_3D ( 'NONE', #8674, #6172, #9425 ) ;
#4646 = EDGE_CURVE ( 'NONE', #5242, #1324, #8410, .T. ) ;
#4647 = UNCERTAINTY_MEASURE_WITH_UNIT (LENGTH_MEASURE( 1.000000000000000082E-05 ), #2709, 'distance_accuracy_value', 'NONE');
#4648 = PRESENTATION_STYLE_ASSIGNMENT (( #4798 ) ) ;
#4649 =( GEOMETRIC_REPRESENTATION_CONTEXT ( 3 ) GLOBAL_UNCERTAINTY_ASSIGNED_CONTEXT ( ( #5732 ) ) GLOBAL_UNIT_ASSIGNED_CONTEXT ( ( #6525, #4189, #4074 ) ) REPRESENTATION_CONTEXT ( 'NONE', 'WORKASPACE' ) );
#4650 = DIRECTION ( 'NONE',  ( 0.000000000000000000, 0.000000000000000000, 1.000000000000000000 ) ) ;
#4651 = SURFACE_SIDE_STYLE ('',( #542 ) ) ;
#4652 = CARTESIAN_POINT ( 'NONE',  ( -2.970000000000000639, 0.1823257994792188419, 2.542325799479218773 ) ) ;
#4653 = ORIENTED_EDGE ( 'NONE', *, *, #645, .T. ) ;
#4654 = CARTESIAN_POINT ( 'NONE',  ( 4.649999999999999467, 0.7249999999999999778, 2.000000000000000000 ) ) ;
#4655 = CARTESIAN_POINT ( 'NONE',  ( -0.4300000000000007150, 0.1823257994792188419, 2.542325799479218773 ) ) ;
#4656 = EDGE_LOOP ( 'NONE', ( #1370, #8372, #2417, #7278 ) ) ;
#4657 = PRESENTATION_LAYER_ASSIGNMENT (  '', '', ( #9209 ) ) ;
#4658 = ORIENTED_EDGE ( 'NONE', *, *, #4560, .T. ) ;
#4659 = AXIS2_PLACEMENT_3D ( 'NONE', #7381, #6686, #7424 ) ;
#4660 = ORIENTED_EDGE ( 'NONE', *, *, #3291, .F. ) ;
#4661 = PLANE ( 'NONE',  #2264 ) ;
#4662 = MECHANICAL_DESIGN_GEOMETRIC_PRESENTATION_REPRESENTATION (  '', ( #9216 ), #1043 ) ;
#4663 = PRESENTATION_STYLE_ASSIGNMENT (( #10045 ) ) ;
#4664 = LINE ( 'NONE', #3876, #7489 ) ;
#4665 = CIRCLE ( 'NONE', #789, 0.08232579947921878083 ) ;
#4666 = DIRECTION ( 'NONE',  ( 1.000000000000000000, 0.000000000000000000, 0.000000000000000000 ) ) ;
#4667 = VERTEX_POINT ( 'NONE', #2706 ) ;
#4668 = SURFACE_STYLE_FILL_AREA ( #8676 ) ;
#4670 = EDGE_LOOP ( 'NONE', ( #7240, #278, #4442, #5409 ) ) ;
#4669 = CARTESIAN_POINT ( 'NONE',  ( -1.700000000000001066, -0.1000000000000000056, 3.000000000000000000 ) ) ;
#4671 = DIRECTION ( 'NONE',  ( 0.000000000000000000, 0.000000000000000000, 1.000000000000000000 ) ) ;
#4672 = ORIENTED_EDGE ( 'NONE', *, *, #6568, .T. ) ;
#4673 = FILL_AREA_STYLE ('',( #6227 ) ) ;
#4674 = PLANE ( 'NONE',  #3196 ) ;
#4675 = COLOUR_RGB ( '',0.7529411764705882248, 0.7529411764705882248, 0.7529411764705882248 ) ;
#4676 = LINE ( 'NONE', #6127, #7904 ) ;
#4677 = PRESENTATION_STYLE_ASSIGNMENT (( #7188 ) ) ;
#4678 = AXIS2_PLACEMENT_3D ( 'NONE', #2919, #3667, #3714 ) ;
#4679 = EDGE_CURVE ( 'NONE', #10369, #9092, #4895, .T. ) ;
#4680 = CARTESIAN_POINT ( 'NONE',  ( 0.8399999999999996358, 0.6426742005207811692, -2.177674200520781422 ) ) ;
#4681 = ORIENTED_EDGE ( 'NONE', *, *, #1967, .T. ) ;
#4682 = EDGE_LOOP ( 'NONE', ( #6834, #1002, #6398, #4179 ) ) ;
#4683 = EDGE_LOOP ( 'NONE', ( #4914, #8231, #3614, #6633 ) ) ;
#4684 = UNCERTAINTY_MEASURE_WITH_UNIT (LENGTH_MEASURE( 1.000000000000000082E-05 ), #2030, 'distance_accuracy_value', 'NONE');
#4685 = UNCERTAINTY_MEASURE_WITH_UNIT (LENGTH_MEASURE( 1.000000000000000082E-05 ), #2327, 'distance_accuracy_value', 'NONE');
#4686 = CARTESIAN_POINT ( 'NONE',  ( 3.379999999999999449, 0.1823257994792188419, -2.542325799479218773 ) ) ;
#4687 = STYLED_ITEM ( 'NONE', ( #4514 ), #8892 ) ;
#4688 = COLOUR_RGB ( '',0.7529411764705882248, 0.7529411764705882248, 0.7529411764705882248 ) ;
#4689 = AXIS2_PLACEMENT_3D ( 'NONE', #5245, #6876, #3468 ) ;
#4690 = CARTESIAN_POINT ( 'NONE',  ( -3.380000000000000338, 0.1823257994792188419, 2.459999999999999964 ) ) ;
#4691 = DIRECTION ( 'NONE',  ( -1.000000000000000000, 0.000000000000000000, 0.000000000000000000 ) ) ;
#4692 = ADVANCED_FACE ( 'NONE', ( #244 ), #3559, .F. ) ;
#4693 = LINE ( 'NONE', #8607, #126 ) ;
#4694 = VECTOR ( 'NONE', #8958, 1000.000000000000000 ) ;
#4695 = FILL_AREA_STYLE ('',( #7209 ) ) ;
#4696 = VERTEX_POINT ( 'NONE', #8456 ) ;
#4697 = AXIS2_PLACEMENT_3D ( 'NONE', #7650, #6183, #10323 ) ;
#4698 = DIRECTION ( 'NONE',  ( -1.000000000000000000, -0.000000000000000000, -0.000000000000000000 ) ) ;
#4699 = STYLED_ITEM ( 'NONE', ( #8897 ), #2813 ) ;
#4700 = SURFACE_SIDE_STYLE ('',( #8085 ) ) ;
#4701 = DIRECTION ( 'NONE',  ( -1.000000000000000000, -0.000000000000000000, -0.000000000000000000 ) ) ;
#4702 = FILL_AREA_STYLE ('',( #1425 ) ) ;
#4703 = MECHANICAL_DESIGN_GEOMETRIC_PRESENTATION_REPRESENTATION (  '', ( #1145 ), #7544 ) ;
#4704 = DIRECTION ( 'NONE',  ( 0.000000000000000000, 0.000000000000000000, -1.000000000000000000 ) ) ;
#4705 = ORIENTED_EDGE ( 'NONE', *, *, #1432, .T. ) ;
#4706 = FACE_OUTER_BOUND ( 'NONE', #7724, .T. ) ;
#4707 = ORIENTED_EDGE ( 'NONE', *, *, #1497, .T. ) ;
#4708 = AXIS2_PLACEMENT_3D ( 'NONE', #4002, #9493, #4740 ) ;
#4709 = ORIENTED_EDGE ( 'NONE', *, *, #1492, .T. ) ;
#4710 = CARTESIAN_POINT ( 'NONE',  ( -2.970000000000000639, 0.6426742005207811692, 2.459999999999999964 ) ) ;
#4711 = VECTOR ( 'NONE', #5983, 1000.000000000000000 ) ;
#4712 =( NAMED_UNIT ( * ) PLANE_ANGLE_UNIT ( ) SI_UNIT ( $, .RADIAN. ) );
#4713 = DIRECTION ( 'NONE',  ( 0.000000000000000000, 0.000000000000000000, -1.000000000000000000 ) ) ;
#4714 = DIRECTION ( 'NONE',  ( -1.000000000000000000, -0.000000000000000000, -0.000000000000000000 ) ) ;
#4715 = UNCERTAINTY_MEASURE_WITH_UNIT (LENGTH_MEASURE( 1.000000000000000082E-05 ), #4520, 'distance_accuracy_value', 'NONE');
#4716 = FACE_OUTER_BOUND ( 'NONE', #7136, .T. ) ;
#4717 = MECHANICAL_DESIGN_GEOMETRIC_PRESENTATION_REPRESENTATION (  '', ( #7393 ), #2185 ) ;
#4718 = CARTESIAN_POINT ( 'NONE',  ( 2.109999999999999432, 0.1000000000000000056, -3.000000000000000000 ) ) ;
#4719 = DIRECTION ( 'NONE',  ( 0.000000000000000000, 0.000000000000000000, 1.000000000000000000 ) ) ;
#4720 = ORIENTED_EDGE ( 'NONE', *, *, #8191, .T. ) ;
#4721 = DIRECTION ( 'NONE',  ( -0.000000000000000000, 0.000000000000000000, -1.000000000000000000 ) ) ;
#4722 = EDGE_CURVE ( 'NONE', #4018, #8522, #4057, .T. ) ;
#4723 = DIRECTION ( 'NONE',  ( 0.000000000000000000, -0.1736481776669273613, 0.9848077530122085754 ) ) ;
#4724 = PRESENTATION_LAYER_ASSIGNMENT (  '', '', ( #9280 ) ) ;
#4725 = VERTEX_POINT ( 'NONE', #5017 ) ;
#4726 =( NAMED_UNIT ( * ) PLANE_ANGLE_UNIT ( ) SI_UNIT ( $, .RADIAN. ) );
#4727 = DIRECTION ( 'NONE',  ( 0.000000000000000000, 0.000000000000000000, 1.000000000000000000 ) ) ;
#4728 = ADVANCED_FACE ( 'NONE', ( #9104 ), #8250, .F. ) ;
#4729 = ORIENTED_EDGE ( 'NONE', *, *, #9249, .F. ) ;
#4730 = DIRECTION ( 'NONE',  ( 0.000000000000000000, 0.000000000000000000, 1.000000000000000000 ) ) ;
#4731 = FILL_AREA_STYLE ('',( #3149 ) ) ;
#4732 = STYLED_ITEM ( 'NONE', ( #6123 ), #4570 ) ;
#4733 = DIRECTION ( 'NONE',  ( -1.000000000000000000, -0.000000000000000000, -0.000000000000000000 ) ) ;
#4734 = FACE_OUTER_BOUND ( 'NONE', #8300, .T. ) ;
#4735 = CARTESIAN_POINT ( 'NONE',  ( 2.969999999999999751, 0.1823257994792188419, 2.459999999999999964 ) ) ;
#4736 = SURFACE_STYLE_FILL_AREA ( #1520 ) ;
#4737 = PRESENTATION_STYLE_ASSIGNMENT (( #9585 ) ) ;
#4738 = EDGE_CURVE ( 'NONE', #7997, #9165, #2205, .T. ) ;
#4739 = EDGE_LOOP ( 'NONE', ( #6191, #3362, #366, #2748 ) ) ;
#4740 = DIRECTION ( 'NONE',  ( 0.000000000000000000, -0.000000000000000000, 1.000000000000000000 ) ) ;
#4741 = DIRECTION ( 'NONE',  ( 0.000000000000000000, 0.000000000000000000, -1.000000000000000000 ) ) ;
#4742 = EDGE_CURVE ( 'NONE', #9823, #1699, #4496, .T. ) ;
#4743 =( NAMED_UNIT ( * ) SI_UNIT ( $, .STERADIAN. ) SOLID_ANGLE_UNIT ( ) );
#4744 = SURFACE_STYLE_USAGE ( .BOTH. , #1570 ) ;
#4745 = CARTESIAN_POINT ( 'NONE',  ( -4.650000000000000355, 0.6426742005207811692, -2.260000000000000231 ) ) ;
#4746 = ORIENTED_EDGE ( 'NONE', *, *, #1100, .F. ) ;
#4747 = UNCERTAINTY_MEASURE_WITH_UNIT (LENGTH_MEASURE( 1.000000000000000082E-05 ), #3202, 'distance_accuracy_value', 'NONE');
#4748 = EDGE_LOOP ( 'NONE', ( #4553, #511, #6966, #7090 ) ) ;
#4749 = CARTESIAN_POINT ( 'NONE',  ( -3.380000000000000338, 0.1000000000000000056, 3.000000000000000000 ) ) ;
#4750 = DIRECTION ( 'NONE',  ( -1.000000000000000000, -0.000000000000000000, -0.000000000000000000 ) ) ;
#4751 = FILL_AREA_STYLE ('',( #4011 ) ) ;
#4752 = DIRECTION ( 'NONE',  ( 1.000000000000000000, 0.000000000000000000, 0.000000000000000000 ) ) ;
#4753 = CARTESIAN_POINT ( 'NONE',  ( -4.650000000000000355, 0.1823257994792188419, 2.459999999999999964 ) ) ;
#4754 =( NAMED_UNIT ( * ) PLANE_ANGLE_UNIT ( ) SI_UNIT ( $, .RADIAN. ) );
#4755 = FILL_AREA_STYLE_COLOUR ( '', #2083 ) ;
#4756 = DIRECTION ( 'NONE',  ( 1.000000000000000000, 0.000000000000000000, -0.000000000000000000 ) ) ;
#4757 = DIRECTION ( 'NONE',  ( -1.000000000000000000, -0.000000000000000000, -0.000000000000000000 ) ) ;
#4758 = ORIENTED_EDGE ( 'NONE', *, *, #252, .T. ) ;
#4759 =( NAMED_UNIT ( * ) SI_UNIT ( $, .STERADIAN. ) SOLID_ANGLE_UNIT ( ) );
#4760 =( LENGTH_UNIT ( ) NAMED_UNIT ( * ) SI_UNIT ( .MILLI., .METRE. ) );
#4761 = EDGE_CURVE ( 'NONE', #5834, #5276, #2067, .T. ) ;
#4762 = FACE_OUTER_BOUND ( 'NONE', #4392, .T. ) ;
#4763 = LINE ( 'NONE', #4870, #84 ) ;
#4764 = FACE_OUTER_BOUND ( 'NONE', #7561, .T. ) ;
#4765 = ORIENTED_EDGE ( 'NONE', *, *, #9543, .T. ) ;
#4766 = DIRECTION ( 'NONE',  ( 0.000000000000000000, 0.000000000000000000, 1.000000000000000000 ) ) ;
#4767 = CARTESIAN_POINT ( 'NONE',  ( 4.649999999999999467, 0.6426742005207811692, -2.260000000000000231 ) ) ;
#4768 = ORIENTED_EDGE ( 'NONE', *, *, #9166, .T. ) ;
#4769 = SURFACE_STYLE_FILL_AREA ( #8791 ) ;
#4770 = SURFACE_STYLE_FILL_AREA ( #5607 ) ;
#4771 = EDGE_CURVE ( 'NONE', #9858, #9587, #2906, .T. ) ;
#4772 = EDGE_CURVE ( 'NONE', #9092, #9823, #6435, .T. ) ;
#4773 =( NAMED_UNIT ( * ) SI_UNIT ( $, .STERADIAN. ) SOLID_ANGLE_UNIT ( ) );
#4774 = AXIS2_PLACEMENT_3D ( 'NONE', #3968, #1586, #10351 ) ;
#4775 = MECHANICAL_DESIGN_GEOMETRIC_PRESENTATION_REPRESENTATION (  '', ( #245 ), #6269 ) ;
#4776 = LINE ( 'NONE', #7247, #8312 ) ;
#4777 = SURFACE_STYLE_FILL_AREA ( #1559 ) ;
#4778 = MECHANICAL_DESIGN_GEOMETRIC_PRESENTATION_REPRESENTATION (  '', ( #79 ), #5606 ) ;
#4779 = CARTESIAN_POINT ( 'NONE',  ( -0.8400000000000005240, -0.1000000000000000056, 2.542325799479218773 ) ) ;
#4780 = SURFACE_SIDE_STYLE ('',( #5718 ) ) ;
#4781 = CARTESIAN_POINT ( 'NONE',  ( 0.8399999999999996358, 0.9249999999999998224, -2.177674200520781422 ) ) ;
#4782 = ORIENTED_EDGE ( 'NONE', *, *, #3626, .F. ) ;
#4783 = AXIS2_PLACEMENT_3D ( 'NONE', #4652, #10302, #8878 ) ;
#4784 = COLOUR_RGB ( '',0.7529411764705882248, 0.7529411764705882248, 0.7529411764705882248 ) ;
#4785 = UNCERTAINTY_MEASURE_WITH_UNIT (LENGTH_MEASURE( 1.000000000000000082E-05 ), #5271, 'distance_accuracy_value', 'NONE');
#4786 = DIRECTION ( 'NONE',  ( -1.000000000000000000, 0.000000000000000000, -0.000000000000000000 ) ) ;
#4787 = UNCERTAINTY_MEASURE_WITH_UNIT (LENGTH_MEASURE( 1.000000000000000082E-05 ), #5102, 'distance_accuracy_value', 'NONE');
#4788 =( LENGTH_UNIT ( ) NAMED_UNIT ( * ) SI_UNIT ( .MILLI., .METRE. ) );
#4789 = MECHANICAL_DESIGN_GEOMETRIC_PRESENTATION_REPRESENTATION (  '', ( #8826 ), #9660 ) ;
#4790 = AXIS2_PLACEMENT_3D ( 'NONE', #8369, #3516, #2719 ) ;
#4791 = CARTESIAN_POINT ( 'NONE',  ( 4.240000000000000213, 0.6426742005207811692, -2.177674200520781422 ) ) ;
#4792 = ORIENTED_EDGE ( 'NONE', *, *, #8311, .F. ) ;
#4793 = ORIENTED_EDGE ( 'NONE', *, *, #3813, .T. ) ;
#4794 = UNCERTAINTY_MEASURE_WITH_UNIT (LENGTH_MEASURE( 1.000000000000000082E-05 ), #8969, 'distance_accuracy_value', 'NONE');
#4795 = CIRCLE ( 'NONE', #4631, 0.08232579947921878083 ) ;
#4796 =( NAMED_UNIT ( * ) SI_UNIT ( $, .STERADIAN. ) SOLID_ANGLE_UNIT ( ) );
#4797 = CYLINDRICAL_SURFACE ( 'NONE', #9025, 0.08232579947921878083 ) ;
#4798 = SURFACE_STYLE_USAGE ( .BOTH. , #7217 ) ;
#4799 = AXIS2_PLACEMENT_3D ( 'NONE', #4434, #5851, #293 ) ;
#4800 = PRESENTATION_LAYER_ASSIGNMENT (  '', '', ( #10379 ) ) ;
#4801 = FILL_AREA_STYLE ('',( #10300 ) ) ;
#4802 =( NAMED_UNIT ( * ) SI_UNIT ( $, .STERADIAN. ) SOLID_ANGLE_UNIT ( ) );
#4803 = DIRECTION ( 'NONE',  ( 0.000000000000000000, 0.000000000000000000, 1.000000000000000000 ) ) ;
#4804 = PRESENTATION_LAYER_ASSIGNMENT (  '', '', ( #6636 ) ) ;
#4805 = ORIENTED_EDGE ( 'NONE', *, *, #9089, .T. ) ;
#4806 = EDGE_LOOP ( 'NONE', ( #5894, #593, #6105, #4386 ) ) ;
#4807 = VECTOR ( 'NONE', #1640, 1000.000000000000000 ) ;
#4808 = STYLED_ITEM ( 'NONE', ( #4117 ), #10115 ) ;
#4809 = ORIENTED_EDGE ( 'NONE', *, *, #1683, .F. ) ;
#4810 = VECTOR ( 'NONE', #5817, 1000.000000000000000 ) ;
#4811 = CARTESIAN_POINT ( 'NONE',  ( -3.380000000000000338, 0.7249999999999999778, -2.000000000000000000 ) ) ;
#4812 = PRESENTATION_LAYER_ASSIGNMENT (  '', '', ( #6142 ) ) ;
#4813 = UNCERTAINTY_MEASURE_WITH_UNIT (LENGTH_MEASURE( 1.000000000000000082E-05 ), #9385, 'distance_accuracy_value', 'NONE');
#4814 = LINE ( 'NONE', #9614, #9854 ) ;
#4815 = DIRECTION ( 'NONE',  ( 0.000000000000000000, 0.000000000000000000, -1.000000000000000000 ) ) ;
#4816 = DIRECTION ( 'NONE',  ( -1.000000000000000000, -0.000000000000000000, -0.000000000000000000 ) ) ;
#4817 = ORIENTED_EDGE ( 'NONE', *, *, #4413, .T. ) ;
#4818 = CARTESIAN_POINT ( 'NONE',  ( -2.110000000000000764, 0.7249999999999999778, 2.000000000000000000 ) ) ;
#4819 = ORIENTED_EDGE ( 'NONE', *, *, #3224, .F. ) ;
#4820 = COLOUR_RGB ( '',0.7529411764705882248, 0.7529411764705882248, 0.7529411764705882248 ) ;
#4821 = DIRECTION ( 'NONE',  ( 0.000000000000000000, 0.000000000000000000, -1.000000000000000000 ) ) ;
#4822 = EDGE_CURVE ( 'NONE', #5411, #3698, #6552, .T. ) ;
#4823 = DIRECTION ( 'NONE',  ( -1.000000000000000000, -0.000000000000000000, -0.000000000000000000 ) ) ;
#4824 = ORIENTED_EDGE ( 'NONE', *, *, #3086, .F. ) ;
#4825 = CARTESIAN_POINT ( 'NONE',  ( -0.4300000000000007150, 0.1000000000000000056, 3.000000000000000000 ) ) ;
#4826 = LINE ( 'NONE', #3718, #9768 ) ;
#4827 =( GEOMETRIC_REPRESENTATION_CONTEXT ( 3 ) GLOBAL_UNCERTAINTY_ASSIGNED_CONTEXT ( ( #4787 ) ) GLOBAL_UNIT_ASSIGNED_CONTEXT ( ( #5102, #857, #9136 ) ) REPRESENTATION_CONTEXT ( 'NONE', 'WORKASPACE' ) );
#4828 = SURFACE_STYLE_USAGE ( .BOTH. , #9676 ) ;
#4829 =( NAMED_UNIT ( * ) SI_UNIT ( $, .STERADIAN. ) SOLID_ANGLE_UNIT ( ) );
#4830 = DIRECTION ( 'NONE',  ( -0.000000000000000000, -1.000000000000000000, -0.000000000000000000 ) ) ;
#4831 = VECTOR ( 'NONE', #5336, 1000.000000000000000 ) ;
#4832 = CYLINDRICAL_SURFACE ( 'NONE', #9819, 0.08232579947921878083 ) ;
#4833 = DIRECTION ( 'NONE',  ( -1.000000000000000000, -0.000000000000000000, -0.000000000000000000 ) ) ;
#4834 = SURFACE_SIDE_STYLE ('',( #1827 ) ) ;
#4835 = CARTESIAN_POINT ( 'NONE',  ( 2.109999999999999432, -0.1000000000000000056, -2.542325799479218773 ) ) ;
#4836 = CARTESIAN_POINT ( 'NONE',  ( 0.4299999999999998268, 0.1823257994792188696, 2.259999999999999787 ) ) ;
#4837 = EDGE_CURVE ( 'NONE', #4593, #2391, #3209, .T. ) ;
#4838 = SURFACE_SIDE_STYLE ('',( #4736 ) ) ;
#4839 = EDGE_CURVE ( 'NONE', #2924, #3038, #13, .T. ) ;
#4840 = FILL_AREA_STYLE ('',( #4893 ) ) ;
#4841 = MECHANICAL_DESIGN_GEOMETRIC_PRESENTATION_REPRESENTATION (  '', ( #1471 ), #6332 ) ;
#4842 = ORIENTED_EDGE ( 'NONE', *, *, #3844, .F. ) ;
#4843 = DIRECTION ( 'NONE',  ( 0.000000000000000000, -0.000000000000000000, 1.000000000000000000 ) ) ;
#4844 = COLOUR_RGB ( '',0.7529411764705882248, 0.7529411764705882248, 0.7529411764705882248 ) ;
#4845 = LINE ( 'NONE', #60, #8707 ) ;
#4846 = DIRECTION ( 'NONE',  ( 0.000000000000000000, 0.000000000000000000, 1.000000000000000000 ) ) ;
#4847 = PRESENTATION_STYLE_ASSIGNMENT (( #8077 ) ) ;
#4848 = VERTEX_POINT ( 'NONE', #7401 ) ;
#4849 = ORIENTED_EDGE ( 'NONE', *, *, #988, .F. ) ;
#4850 = DIRECTION ( 'NONE',  ( 0.000000000000000000, 1.000000000000000000, 0.000000000000000000 ) ) ;
#4851 = EDGE_LOOP ( 'NONE', ( #3017, #3548, #755, #3244 ) ) ;
#4852 = AXIS2_PLACEMENT_3D ( 'NONE', #2514, #8952, #9052 ) ;
#4853 = CARTESIAN_POINT ( 'NONE',  ( 1.699999999999999734, -0.1000000000000000056, 2.542325799479218773 ) ) ;
#4854 =( NAMED_UNIT ( * ) PLANE_ANGLE_UNIT ( ) SI_UNIT ( $, .RADIAN. ) );
#4855 = CYLINDRICAL_SURFACE ( 'NONE', #7180, 0.2823257994792186532 ) ;
#4856 = EDGE_CURVE ( 'NONE', #5558, #1430, #8961, .T. ) ;
#4857 = PRESENTATION_STYLE_ASSIGNMENT (( #7371 ) ) ;
#4858 = DIRECTION ( 'NONE',  ( 0.000000000000000000, -1.000000000000000000, 0.000000000000000000 ) ) ;
#4859 = PRESENTATION_STYLE_ASSIGNMENT (( #1641 ) ) ;
#4860 = DIRECTION ( 'NONE',  ( 0.000000000000000000, 0.000000000000000000, 1.000000000000000000 ) ) ;
#4861 = AXIS2_PLACEMENT_3D ( 'NONE', #7543, #1171, #8365 ) ;
#4862 = SURFACE_SIDE_STYLE ('',( #5637 ) ) ;
#4863 = ORIENTED_EDGE ( 'NONE', *, *, #4080, .T. ) ;
#4864 = VECTOR ( 'NONE', #8684, 1000.000000000000000 ) ;
#4865 = VECTOR ( 'NONE', #2395, 1000.000000000000000 ) ;
#4866 = ORIENTED_EDGE ( 'NONE', *, *, #8276, .T. ) ;
#4867 = PRESENTATION_STYLE_ASSIGNMENT (( #9185 ) ) ;
#4868 =( GEOMETRIC_REPRESENTATION_CONTEXT ( 3 ) GLOBAL_UNCERTAINTY_ASSIGNED_CONTEXT ( ( #10248 ) ) GLOBAL_UNIT_ASSIGNED_CONTEXT ( ( #7947, #10375, #6331 ) ) REPRESENTATION_CONTEXT ( 'NONE', 'WORKASPACE' ) );
#4869 = EDGE_CURVE ( 'NONE', #10367, #9595, #7566, .T. ) ;
#4870 = CARTESIAN_POINT ( 'NONE',  ( -4.240000000000001101, -0.1000000000000000056, -2.542325799479218773 ) ) ;
#4871 =( NAMED_UNIT ( * ) SI_UNIT ( $, .STERADIAN. ) SOLID_ANGLE_UNIT ( ) );
#4872 = MECHANICAL_DESIGN_GEOMETRIC_PRESENTATION_REPRESENTATION (  '', ( #2847 ), #7215 ) ;
#4873 =( NAMED_UNIT ( * ) SI_UNIT ( $, .STERADIAN. ) SOLID_ANGLE_UNIT ( ) );
#4874 = LINE ( 'NONE', #9784, #6946 ) ;
#4875 = ORIENTED_EDGE ( 'NONE', *, *, #9027, .T. ) ;
#4876 = FILL_AREA_STYLE ('',( #9141 ) ) ;
#4877 = VECTOR ( 'NONE', #10161, 1000.000000000000000 ) ;
#4878 = ORIENTED_EDGE ( 'NONE', *, *, #7875, .T. ) ;
#4879 = LINE ( 'NONE', #100, #1415 ) ;
#4880 = LINE ( 'NONE', #6388, #8921 ) ;
#4881 = CARTESIAN_POINT ( 'NONE',  ( 3.379999999999999449, 0.1823257994792188419, -2.459999999999999964 ) ) ;
#4882 = MECHANICAL_DESIGN_GEOMETRIC_PRESENTATION_REPRESENTATION (  '', ( #512 ), #193 ) ;
#4883 = SURFACE_STYLE_USAGE ( .BOTH. , #1611 ) ;
#4884 = FACE_OUTER_BOUND ( 'NONE', #791, .T. ) ;
#4885 = MECHANICAL_DESIGN_GEOMETRIC_PRESENTATION_REPRESENTATION (  '', ( #9280 ), #9777 ) ;
#4886 = FACE_OUTER_BOUND ( 'NONE', #2783, .T. ) ;
#4887 = SURFACE_STYLE_USAGE ( .BOTH. , #1669 ) ;
#4888 = SURFACE_STYLE_USAGE ( .BOTH. , #4098 ) ;
#4889 = SURFACE_STYLE_USAGE ( .BOTH. , #4160 ) ;
#4890 = STYLED_ITEM ( 'NONE', ( #4973 ), #2841 ) ;
#4891 = SURFACE_STYLE_FILL_AREA ( #8851 ) ;
#4892 =( NAMED_UNIT ( * ) PLANE_ANGLE_UNIT ( ) SI_UNIT ( $, .RADIAN. ) );
#4893 = FILL_AREA_STYLE_COLOUR ( '', #9603 ) ;
#4894 = ORIENTED_EDGE ( 'NONE', *, *, #9794, .T. ) ;
#4895 = CIRCLE ( 'NONE', #1346, 0.2823257994792188752 ) ;
#4896 = DIRECTION ( 'NONE',  ( -1.000000000000000000, -0.000000000000000000, -0.000000000000000000 ) ) ;
#4897 = UNCERTAINTY_MEASURE_WITH_UNIT (LENGTH_MEASURE( 1.000000000000000082E-05 ), #8832, 'distance_accuracy_value', 'NONE');
#4898 = DIRECTION ( 'NONE',  ( 0.000000000000000000, 0.000000000000000000, 1.000000000000000000 ) ) ;
#4899 = EDGE_CURVE ( 'NONE', #8538, #2045, #8214, .T. ) ;
#4900 = PRESENTATION_STYLE_ASSIGNMENT (( #1472 ) ) ;
#4901 = VECTOR ( 'NONE', #4099, 1000.000000000000000 ) ;
#4902 = DIRECTION ( 'NONE',  ( -1.000000000000000000, -0.000000000000000000, -0.000000000000000000 ) ) ;
#4903 = PRESENTATION_STYLE_ASSIGNMENT (( #180 ) ) ;
#4904 = DIRECTION ( 'NONE',  ( 0.000000000000000000, 0.000000000000000000, 1.000000000000000000 ) ) ;
#4905 = ORIENTED_EDGE ( 'NONE', *, *, #9055, .F. ) ;
#4906 = VERTEX_POINT ( 'NONE', #8163 ) ;
#4907 = UNCERTAINTY_MEASURE_WITH_UNIT (LENGTH_MEASURE( 1.000000000000000082E-05 ), #6484, 'distance_accuracy_value', 'NONE');
#4908 = EDGE_CURVE ( 'NONE', #9457, #3073, #6497, .T. ) ;
#4909 = EDGE_CURVE ( 'NONE', #5157, #2068, #7192, .T. ) ;
#4910 = FILL_AREA_STYLE ('',( #5002 ) ) ;
#4911 = DIRECTION ( 'NONE',  ( -1.000000000000000000, 0.000000000000000000, -0.000000000000000000 ) ) ;
#4912 =( LENGTH_UNIT ( ) NAMED_UNIT ( * ) SI_UNIT ( .MILLI., .METRE. ) );
#4913 = EDGE_CURVE ( 'NONE', #6299, #7324, #870, .T. ) ;
#4914 = ORIENTED_EDGE ( 'NONE', *, *, #5317, .F. ) ;
#4915 = ORIENTED_EDGE ( 'NONE', *, *, #570, .T. ) ;
#4916 = DIRECTION ( 'NONE',  ( -1.000000000000000000, -0.000000000000000000, -0.000000000000000000 ) ) ;
#4917 = LINE ( 'NONE', #3010, #4511 ) ;
#4918 = CYLINDRICAL_SURFACE ( 'NONE', #5821, 0.2823257994792188752 ) ;
#4919 =( NAMED_UNIT ( * ) PLANE_ANGLE_UNIT ( ) SI_UNIT ( $, .RADIAN. ) );
#4920 = EDGE_CURVE ( 'NONE', #519, #2247, #8119, .T. ) ;
#4921 = FILL_AREA_STYLE ('',( #2440 ) ) ;
#4922 = ADVANCED_FACE ( 'NONE', ( #8901 ), #2465, .T. ) ;
#4923 = DIRECTION ( 'NONE',  ( -1.000000000000000000, -0.000000000000000000, -0.000000000000000000 ) ) ;
#4924 = SURFACE_SIDE_STYLE ('',( #4291 ) ) ;
#4925 = ORIENTED_EDGE ( 'NONE', *, *, #466, .T. ) ;
#4926 = SURFACE_STYLE_USAGE ( .BOTH. , #6542 ) ;
#4927 = VERTEX_POINT ( 'NONE', #921 ) ;
#4928 = SURFACE_STYLE_FILL_AREA ( #8995 ) ;
#4929 = FILL_AREA_STYLE_COLOUR ( '', #7211 ) ;
#4930 = SURFACE_STYLE_FILL_AREA ( #4149 ) ;
#4931 = LINE ( 'NONE', #9792, #3295 ) ;
#4932 = DIRECTION ( 'NONE',  ( -0.000000000000000000, -1.000000000000000000, -0.000000000000000000 ) ) ;
#4933 = DIRECTION ( 'NONE',  ( -1.000000000000000000, -0.000000000000000000, -0.000000000000000000 ) ) ;
#4934 = STYLED_ITEM ( 'NONE', ( #10021 ), #583 ) ;
#4935 = CARTESIAN_POINT ( 'NONE',  ( -4.240000000000001101, 0.6426742005207811692, -2.459999999999999964 ) ) ;
#4936 =( NAMED_UNIT ( * ) SI_UNIT ( $, .STERADIAN. ) SOLID_ANGLE_UNIT ( ) );
#4937 = FILL_AREA_STYLE_COLOUR ( '', #31 ) ;
#4938 = ORIENTED_EDGE ( 'NONE', *, *, #3742, .T. ) ;
#4939 = ADVANCED_FACE ( 'NONE', ( #167 ), #7249, .T. ) ;
#4940 = CARTESIAN_POINT ( 'NONE',  ( -0.4300000000000007150, 0.1823257994792188419, -2.542325799479218773 ) ) ;
#4941 = SURFACE_SIDE_STYLE ('',( #4051 ) ) ;
#4942 =( NAMED_UNIT ( * ) SI_UNIT ( $, .STERADIAN. ) SOLID_ANGLE_UNIT ( ) );
#4943 = VECTOR ( 'NONE', #6974, 1000.000000000000000 ) ;
#4944 = PRESENTATION_STYLE_ASSIGNMENT (( #3369 ) ) ;
#4945 = FACE_OUTER_BOUND ( 'NONE', #7207, .T. ) ;
#4946 = CARTESIAN_POINT ( 'NONE',  ( 4.649999999999999467, 0.1000000000000000056, 3.000000000000000000 ) ) ;
#4947 = EDGE_LOOP ( 'NONE', ( #4504, #6222, #8869, #4866 ) ) ;
#4948 = LINE ( 'NONE', #1791, #5810 ) ;
#4949 = ORIENTED_EDGE ( 'NONE', *, *, #295, .T. ) ;
#4950 = COLOUR_RGB ( '',0.7529411764705882248, 0.7529411764705882248, 0.7529411764705882248 ) ;
#4951 = SURFACE_SIDE_STYLE ('',( #7309 ) ) ;
#4952 = VERTEX_POINT ( 'NONE', #5920 ) ;
#4953 = EDGE_CURVE ( 'NONE', #8629, #7182, #9839, .T. ) ;
#4954 =( GEOMETRIC_REPRESENTATION_CONTEXT ( 3 ) GLOBAL_UNCERTAINTY_ASSIGNED_CONTEXT ( ( #3102 ) ) GLOBAL_UNIT_ASSIGNED_CONTEXT ( ( #4198, #7387, #241 ) ) REPRESENTATION_CONTEXT ( 'NONE', 'WORKASPACE' ) );
#4955 =( GEOMETRIC_REPRESENTATION_CONTEXT ( 3 ) GLOBAL_UNCERTAINTY_ASSIGNED_CONTEXT ( ( #6356 ) ) GLOBAL_UNIT_ASSIGNED_CONTEXT ( ( #5143, #6758, #411 ) ) REPRESENTATION_CONTEXT ( 'NONE', 'WORKASPACE' ) );
#4956 = AXIS2_PLACEMENT_3D ( 'NONE', #6252, #8771, #1365 ) ;
#4957 = COLOUR_RGB ( '',0.7529411764705882248, 0.7529411764705882248, 0.7529411764705882248 ) ;
#4958 = LINE ( 'NONE', #3426, #5873 ) ;
#4959 = SURFACE_STYLE_FILL_AREA ( #6467 ) ;
#4960 = VERTEX_POINT ( 'NONE', #5874 ) ;
#4961 = ADVANCED_FACE ( 'NONE', ( #2816 ), #6812, .T. ) ;
#4962 = COLOUR_RGB ( '',0.7529411764705882248, 0.7529411764705882248, 0.7529411764705882248 ) ;
#4963 = VECTOR ( 'NONE', #1581, 1000.000000000000000 ) ;
#4964 = LINE ( 'NONE', #8197, #457 ) ;
#4965 =( LENGTH_UNIT ( ) NAMED_UNIT ( * ) SI_UNIT ( .MILLI., .METRE. ) );
#4966 = LINE ( 'NONE', #8202, #6113 ) ;
#4967 = ORIENTED_EDGE ( 'NONE', *, *, #3390, .T. ) ;
#4968 = AXIS2_PLACEMENT_3D ( 'NONE', #4686, #8015, #10289 ) ;
#4969 = CIRCLE ( 'NONE', #6131, 0.2823257994792188752 ) ;
#4970 = ORIENTED_EDGE ( 'NONE', *, *, #7912, .T. ) ;
#4971 = DIRECTION ( 'NONE',  ( 0.000000000000000000, 1.000000000000000000, 0.000000000000000000 ) ) ;
#4972 = EDGE_CURVE ( 'NONE', #555, #1414, #5119, .T. ) ;
#4973 = PRESENTATION_STYLE_ASSIGNMENT (( #1610 ) ) ;
#4974 = SURFACE_STYLE_USAGE ( .BOTH. , #912 ) ;
#4975 = PRESENTATION_LAYER_ASSIGNMENT (  '', '', ( #5318 ) ) ;
#4976 = LINE ( 'NONE', #8154, #5708 ) ;
#4977 = UNCERTAINTY_MEASURE_WITH_UNIT (LENGTH_MEASURE( 1.000000000000000082E-05 ), #715, 'distance_accuracy_value', 'NONE');
#4978 = PRESENTATION_STYLE_ASSIGNMENT (( #3305 ) ) ;
#4979 = PLANE ( 'NONE',  #9239 ) ;
#4980 = FACE_OUTER_BOUND ( 'NONE', #1239, .T. ) ;
#4981 = CARTESIAN_POINT ( 'NONE',  ( -4.240000000000001101, -0.1000000000000000056, 3.000000000000000000 ) ) ;
#4982 = DIRECTION ( 'NONE',  ( 0.000000000000000000, 0.000000000000000000, 1.000000000000000000 ) ) ;
#4983 = DIRECTION ( 'NONE',  ( -1.000000000000000000, -0.000000000000000000, -0.000000000000000000 ) ) ;
#4984 = CARTESIAN_POINT ( 'NONE',  ( -0.4300000000000007150, -0.1000000000000000056, 3.000000000000000000 ) ) ;
#4985 = VECTOR ( 'NONE', #8074, 1000.000000000000000 ) ;
#4986 = FACE_OUTER_BOUND ( 'NONE', #8970, .T. ) ;
#4987 = ORIENTED_EDGE ( 'NONE', *, *, #2181, .F. ) ;
#4988 = AXIS2_PLACEMENT_3D ( 'NONE', #1186, #10120, #4417 ) ;
#4989 = FACE_OUTER_BOUND ( 'NONE', #5737, .T. ) ;
#4990 = UNCERTAINTY_MEASURE_WITH_UNIT (LENGTH_MEASURE( 1.000000000000000082E-05 ), #3456, 'distance_accuracy_value', 'NONE');
#4991 = VECTOR ( 'NONE', #3355, 1000.000000000000000 ) ;
#4992 = DIRECTION ( 'NONE',  ( -0.1710878697460327114, 0.9702875252478150303, -0.1710878697460327114 ) ) ;
#4993 = EDGE_CURVE ( 'NONE', #6000, #8639, #8310, .T. ) ;
#4994 = DIRECTION ( 'NONE',  ( -0.000000000000000000, 1.000000000000000000, -0.000000000000000000 ) ) ;
#4995 = SURFACE_SIDE_STYLE ('',( #9019 ) ) ;
#4996 = VECTOR ( 'NONE', #922, 1000.000000000000000 ) ;
#4997 =( LENGTH_UNIT ( ) NAMED_UNIT ( * ) SI_UNIT ( .MILLI., .METRE. ) );
#4998 = ORIENTED_EDGE ( 'NONE', *, *, #1023, .T. ) ;
#4999 =( LENGTH_UNIT ( ) NAMED_UNIT ( * ) SI_UNIT ( .MILLI., .METRE. ) );
#5000 = ORIENTED_EDGE ( 'NONE', *, *, #158, .T. ) ;
#5001 = STYLED_ITEM ( 'NONE', ( #4648 ), #9133 ) ;
#5002 = FILL_AREA_STYLE_COLOUR ( '', #2597 ) ;
#5003 = EDGE_CURVE ( 'NONE', #3982, #10328, #10057, .T. ) ;
#5004 = SURFACE_STYLE_USAGE ( .BOTH. , #9090 ) ;
#5005 = DIRECTION ( 'NONE',  ( 0.000000000000000000, -0.000000000000000000, 1.000000000000000000 ) ) ;
#5006 = SURFACE_STYLE_USAGE ( .BOTH. , #4862 ) ;
#5007 = VERTEX_POINT ( 'NONE', #9118 ) ;
#5008 = CIRCLE ( 'NONE', #9565, 0.08232579947921878083 ) ;
#5009 = ORIENTED_EDGE ( 'NONE', *, *, #394, .F. ) ;
#5010 =( GEOMETRIC_REPRESENTATION_CONTEXT ( 3 ) GLOBAL_UNCERTAINTY_ASSIGNED_CONTEXT ( ( #4448 ) ) GLOBAL_UNIT_ASSIGNED_CONTEXT ( ( #7433, #5909, #6751 ) ) REPRESENTATION_CONTEXT ( 'NONE', 'WORKASPACE' ) );
#5011 = VERTEX_POINT ( 'NONE', #1884 ) ;
#5012 =( LENGTH_UNIT ( ) NAMED_UNIT ( * ) SI_UNIT ( .MILLI., .METRE. ) );
#5013 = ADVANCED_FACE ( 'NONE', ( #1065 ), #4358, .F. ) ;
#5014 =( LENGTH_UNIT ( ) NAMED_UNIT ( * ) SI_UNIT ( .MILLI., .METRE. ) );
#5015 = DIRECTION ( 'NONE',  ( -1.000000000000000000, -0.000000000000000000, -0.000000000000000000 ) ) ;
#5016 = ORIENTED_EDGE ( 'NONE', *, *, #7452, .F. ) ;
#5017 = CARTESIAN_POINT ( 'NONE',  ( 1.699999999999999734, 0.6426742005207811692, 2.459999999999999964 ) ) ;
#5018 =( GEOMETRIC_REPRESENTATION_CONTEXT ( 3 ) GLOBAL_UNCERTAINTY_ASSIGNED_CONTEXT ( ( #4170 ) ) GLOBAL_UNIT_ASSIGNED_CONTEXT ( ( #4401, #5136, #1983 ) ) REPRESENTATION_CONTEXT ( 'NONE', 'WORKASPACE' ) );
#5019 = EDGE_LOOP ( 'NONE', ( #4318, #8972, #665, #8081 ) ) ;
#5020 = FILL_AREA_STYLE_COLOUR ( '', #6820 ) ;
#5021 = AXIS2_PLACEMENT_3D ( 'NONE', #2471, #4896, #6993 ) ;
#5022 = DIRECTION ( 'NONE',  ( 0.000000000000000000, -0.000000000000000000, 1.000000000000000000 ) ) ;
#5023 = DIRECTION ( 'NONE',  ( -1.000000000000000000, 0.000000000000000000, 0.000000000000000000 ) ) ;
#5024 = SURFACE_STYLE_USAGE ( .BOTH. , #9888 ) ;
#5025 = FACE_OUTER_BOUND ( 'NONE', #447, .T. ) ;
#5026 = COLOUR_RGB ( '',0.7529411764705882248, 0.7529411764705882248, 0.7529411764705882248 ) ;
#5027 = EDGE_CURVE ( 'NONE', #5007, #9470, #6793, .T. ) ;
#5028 = SURFACE_SIDE_STYLE ('',( #3400 ) ) ;
#5029 = CARTESIAN_POINT ( 'NONE',  ( 4.999999999999999112, 0.7000000000000166089, 2.000000000000000000 ) ) ;
#5030 = FACE_OUTER_BOUND ( 'NONE', #1396, .T. ) ;
#5031 = CARTESIAN_POINT ( 'NONE',  ( -2.970000000000000639, 0.1823257994792188696, 2.259999999999999787 ) ) ;
#5032 = CIRCLE ( 'NONE', #994, 0.2823257994792188752 ) ;
#5033 = EDGE_CURVE ( 'NONE', #6061, #555, #7762, .T. ) ;
#5034 = DIRECTION ( 'NONE',  ( -0.000000000000000000, -1.000000000000000000, -0.000000000000000000 ) ) ;
#5035 = LINE ( 'NONE', #262, #3791 ) ;
#5036 = PLANE ( 'NONE',  #2022 ) ;
#5037 = PRESENTATION_LAYER_ASSIGNMENT (  '', '', ( #9590 ) ) ;
#5038 = MECHANICAL_DESIGN_GEOMETRIC_PRESENTATION_REPRESENTATION (  '', ( #2014 ), #9591 ) ;
#5039 = ORIENTED_EDGE ( 'NONE', *, *, #5927, .F. ) ;
#5040 = EDGE_CURVE ( 'NONE', #8893, #8055, #1383, .T. ) ;
#5041 = DIRECTION ( 'NONE',  ( 0.000000000000000000, 1.000000000000000000, 0.000000000000000000 ) ) ;
#5042 = PLANE ( 'NONE',  #5878 ) ;
#5043 = DIRECTION ( 'NONE',  ( 0.000000000000000000, 0.000000000000000000, -1.000000000000000000 ) ) ;
#5044 = COLOUR_RGB ( '',0.7529411764705882248, 0.7529411764705882248, 0.7529411764705882248 ) ;
#5045 = DIRECTION ( 'NONE',  ( -1.000000000000000000, -0.000000000000000000, -0.000000000000000000 ) ) ;
#5046 = CIRCLE ( 'NONE', #3703, 0.2823257994792188752 ) ;
#5047 = DIRECTION ( 'NONE',  ( 0.000000000000000000, 0.000000000000000000, 1.000000000000000000 ) ) ;
#5048 = DIRECTION ( 'NONE',  ( -1.000000000000000000, -0.000000000000000000, -0.000000000000000000 ) ) ;
#5049 = CARTESIAN_POINT ( 'NONE',  ( 4.999999999999999112, 0.7000000000000166089, 2.000000000000000000 ) ) ;
#5050 =( LENGTH_UNIT ( ) NAMED_UNIT ( * ) SI_UNIT ( .MILLI., .METRE. ) );
#5051 = ORIENTED_EDGE ( 'NONE', *, *, #9553, .F. ) ;
#5052 = STYLED_ITEM ( 'NONE', ( #6399 ), #4451 ) ;
#5053 = CARTESIAN_POINT ( 'NONE',  ( -3.380000000000000338, 0.1823257994792188696, -2.259999999999999787 ) ) ;
#5054 = VERTEX_POINT ( 'NONE', #7705 ) ;
#5055 = ORIENTED_EDGE ( 'NONE', *, *, #3013, .T. ) ;
#5056 =( LENGTH_UNIT ( ) NAMED_UNIT ( * ) SI_UNIT ( .MILLI., .METRE. ) );
#5057 = PRESENTATION_LAYER_ASSIGNMENT (  '', '', ( #4232 ) ) ;
#5058 = DIRECTION ( 'NONE',  ( 0.1446444018625451799, 0.8203191665925412268, -0.5533122643957435471 ) ) ;
#5059 =( NAMED_UNIT ( * ) PLANE_ANGLE_UNIT ( ) SI_UNIT ( $, .RADIAN. ) );
#5060 = SURFACE_SIDE_STYLE ('',( #5736 ) ) ;
#5061 = ORIENTED_EDGE ( 'NONE', *, *, #7527, .T. ) ;
#5062 = EDGE_CURVE ( 'NONE', #2333, #1381, #10371, .T. ) ;
#5063 = CARTESIAN_POINT ( 'NONE',  ( -2.970000000000000639, 0.9249999999999998224, -2.177674200520781422 ) ) ;
#5064 = PRESENTATION_STYLE_ASSIGNMENT (( #4287 ) ) ;
#5065 = CARTESIAN_POINT ( 'NONE',  ( 2.969999999999999751, 0.6426742005207811692, -2.260000000000000231 ) ) ;
#5066 = PLANE ( 'NONE',  #5524 ) ;
#5067 = SURFACE_STYLE_FILL_AREA ( #6538 ) ;
#5068 = ORIENTED_EDGE ( 'NONE', *, *, #2060, .F. ) ;
#5069 =( NAMED_UNIT ( * ) PLANE_ANGLE_UNIT ( ) SI_UNIT ( $, .RADIAN. ) );
#5070 = ORIENTED_EDGE ( 'NONE', *, *, #211, .T. ) ;
#5071 = PRESENTATION_STYLE_ASSIGNMENT (( #9941 ) ) ;
#5072 = EDGE_CURVE ( 'NONE', #10059, #3285, #5352, .T. ) ;
#5073 = FILL_AREA_STYLE ('',( #3448 ) ) ;
#5074 =( LENGTH_UNIT ( ) NAMED_UNIT ( * ) SI_UNIT ( .MILLI., .METRE. ) );
#5075 =( NAMED_UNIT ( * ) PLANE_ANGLE_UNIT ( ) SI_UNIT ( $, .RADIAN. ) );
#5076 = UNCERTAINTY_MEASURE_WITH_UNIT (LENGTH_MEASURE( 1.000000000000000082E-05 ), #10076, 'distance_accuracy_value', 'NONE');
#5077 = LINE ( 'NONE', #10049, #5984 ) ;
#5078 = DIRECTION ( 'NONE',  ( 0.000000000000000000, 0.000000000000000000, 1.000000000000000000 ) ) ;
#5079 = LINE ( 'NONE', #7291, #4694 ) ;
#5080 = CARTESIAN_POINT ( 'NONE',  ( 2.109999999999999432, 0.7249999999999999778, -2.000000000000000000 ) ) ;
#5081 = ORIENTED_EDGE ( 'NONE', *, *, #6626, .F. ) ;
#5082 = DIRECTION ( 'NONE',  ( -1.000000000000000000, -0.000000000000000000, -0.000000000000000000 ) ) ;
#5083 = CARTESIAN_POINT ( 'NONE',  ( 2.109999999999999432, 0.7249999999999999778, 2.000000000000000000 ) ) ;
#5084 = ORIENTED_EDGE ( 'NONE', *, *, #7343, .T. ) ;
#5085 = EDGE_CURVE ( 'NONE', #688, #2815, #6074, .T. ) ;
#5086 = DIRECTION ( 'NONE',  ( 0.000000000000000000, 0.000000000000000000, 1.000000000000000000 ) ) ;
#5087 = EDGE_CURVE ( 'NONE', #1298, #7282, #3776, .T. ) ;
#5088 = DIRECTION ( 'NONE',  ( 0.000000000000000000, 0.000000000000000000, -1.000000000000000000 ) ) ;
#5089 = UNCERTAINTY_MEASURE_WITH_UNIT (LENGTH_MEASURE( 1.000000000000000082E-05 ), #3857, 'distance_accuracy_value', 'NONE');
#5090 = CARTESIAN_POINT ( 'NONE',  ( 0.4299999999999998268, 0.1823257994792188419, 2.542325799479218773 ) ) ;
#5091 = DIRECTION ( 'NONE',  ( 0.000000000000000000, 0.000000000000000000, -1.000000000000000000 ) ) ;
#5092 = PRESENTATION_STYLE_ASSIGNMENT (( #2728 ) ) ;
#5093 = ORIENTED_EDGE ( 'NONE', *, *, #6458, .F. ) ;
#5094 = VERTEX_POINT ( 'NONE', #8578 ) ;
#5095 = ORIENTED_EDGE ( 'NONE', *, *, #5474, .F. ) ;
#5096 = COLOUR_RGB ( '',0.2509803921568627416, 0.2509803921568627416, 0.2509803921568627416 ) ;
#5097 = ORIENTED_EDGE ( 'NONE', *, *, #2859, .T. ) ;
#5098 = FILL_AREA_STYLE ('',( #4478 ) ) ;
#5099 = EDGE_CURVE ( 'NONE', #5589, #2833, #7071, .T. ) ;
#5100 =( LENGTH_UNIT ( ) NAMED_UNIT ( * ) SI_UNIT ( .MILLI., .METRE. ) );
#5101 = DIRECTION ( 'NONE',  ( 0.000000000000000000, 0.000000000000000000, -1.000000000000000000 ) ) ;
#5102 =( LENGTH_UNIT ( ) NAMED_UNIT ( * ) SI_UNIT ( .MILLI., .METRE. ) );
#5103 = FILL_AREA_STYLE ('',( #1234 ) ) ;
#5104 = CIRCLE ( 'NONE', #3424, 0.2823257994792188752 ) ;
#5105 =( NAMED_UNIT ( * ) PLANE_ANGLE_UNIT ( ) SI_UNIT ( $, .RADIAN. ) );
#5106 = VECTOR ( 'NONE', #4815, 1000.000000000000000 ) ;
#5107 = PLANE ( 'NONE',  #2791 ) ;
#5108 = EDGE_LOOP ( 'NONE', ( #7688, #10234, #3783, #9468 ) ) ;
#5109 = VECTOR ( 'NONE', #149, 1000.000000000000000 ) ;
#5110 = DIRECTION ( 'NONE',  ( -1.000000000000000000, -0.000000000000000000, -0.000000000000000000 ) ) ;
#5111 = EDGE_LOOP ( 'NONE', ( #6949, #6166, #479, #7336 ) ) ;
#5112 = CARTESIAN_POINT ( 'NONE',  ( -4.240000000000001101, 0.7249999999999998668, 2.177674200520781422 ) ) ;
#5113 = PRESENTATION_LAYER_ASSIGNMENT (  '', '', ( #10176 ) ) ;
#5114 = STYLED_ITEM ( 'NONE', ( #8236 ), #469 ) ;
#5115 = PRESENTATION_LAYER_ASSIGNMENT (  '', '', ( #7469 ) ) ;
#5116 = AXIS2_PLACEMENT_3D ( 'NONE', #9039, #1752, #8500 ) ;
#5117 = CARTESIAN_POINT ( 'NONE',  ( 3.379999999999999449, 0.1823257994792188419, 2.542325799479218773 ) ) ;
#5118 = DIRECTION ( 'NONE',  ( 1.000000000000000000, 0.000000000000000000, 0.000000000000000000 ) ) ;
#5119 = CIRCLE ( 'NONE', #10187, 0.08232579947921878083 ) ;
#5120 = ADVANCED_FACE ( 'NONE', ( #5507 ), #3826, .T. ) ;
#5121 = DIRECTION ( 'NONE',  ( 0.000000000000000000, 0.000000000000000000, 1.000000000000000000 ) ) ;
#5122 =( LENGTH_UNIT ( ) NAMED_UNIT ( * ) SI_UNIT ( .MILLI., .METRE. ) );
#5123 = ORIENTED_EDGE ( 'NONE', *, *, #836, .T. ) ;
#5124 = PRESENTATION_LAYER_ASSIGNMENT (  '', '', ( #3956 ) ) ;
#5125 = MECHANICAL_DESIGN_GEOMETRIC_PRESENTATION_REPRESENTATION (  '', ( #7630 ), #1422 ) ;
#5126 = DIRECTION ( 'NONE',  ( -1.000000000000000000, -0.000000000000000000, -0.000000000000000000 ) ) ;
#5127 = COLOUR_RGB ( '',0.7529411764705882248, 0.7529411764705882248, 0.7529411764705882248 ) ;
#5128 = ORIENTED_EDGE ( 'NONE', *, *, #8219, .F. ) ;
#5129 = SURFACE_STYLE_USAGE ( .BOTH. , #2708 ) ;
#5130 = PRESENTATION_LAYER_ASSIGNMENT (  '', '', ( #3625 ) ) ;
#5131 = CARTESIAN_POINT ( 'NONE',  ( -2.970000000000000639, 0.1000000000000000056, -3.000000000000000000 ) ) ;
#5132 = LINE ( 'NONE', #2753, #10267 ) ;
#5133 = FILL_AREA_STYLE_COLOUR ( '', #9083 ) ;
#5134 = FILL_AREA_STYLE_COLOUR ( '', #9442 ) ;
#5135 = CARTESIAN_POINT ( 'NONE',  ( -4.933875012134159910, 1.325013441505971779, 1.933875012134159022 ) ) ;
#5136 =( NAMED_UNIT ( * ) PLANE_ANGLE_UNIT ( ) SI_UNIT ( $, .RADIAN. ) );
#5137 = AXIS2_PLACEMENT_3D ( 'NONE', #2208, #9589, #4741 ) ;
#5138 = EDGE_CURVE ( 'NONE', #9619, #2350, #4795, .T. ) ;
#5139 = CARTESIAN_POINT ( 'NONE',  ( -0.4300000000000007150, 0.1000000000000000056, -2.542325799479218773 ) ) ;
#5140 = AXIS2_PLACEMENT_3D ( 'NONE', #111, #6499, #9744 ) ;
#5141 = ORIENTED_EDGE ( 'NONE', *, *, #4646, .F. ) ;
#5142 = CARTESIAN_POINT ( 'NONE',  ( -4.876571113504073907, 1.649999999999999911, 0.000000000000000000 ) ) ;
#5143 =( LENGTH_UNIT ( ) NAMED_UNIT ( * ) SI_UNIT ( .MILLI., .METRE. ) );
#5144 = DIRECTION ( 'NONE',  ( 0.000000000000000000, 0.000000000000000000, -1.000000000000000000 ) ) ;
#5145 = EDGE_LOOP ( 'NONE', ( #9479, #2825, #963, #327 ) ) ;
#5146 = DIRECTION ( 'NONE',  ( 1.000000000000000000, 0.000000000000000000, -0.000000000000000000 ) ) ;
#5147 = CARTESIAN_POINT ( 'NONE',  ( -4.240000000000001101, 0.9250000000000000444, 2.000000000000000000 ) ) ;
#5148 = AXIS2_PLACEMENT_3D ( 'NONE', #2418, #4065, #3328 ) ;
#5149 = DIRECTION ( 'NONE',  ( 0.000000000000000000, 0.000000000000000000, -1.000000000000000000 ) ) ;
#5150 =( GEOMETRIC_REPRESENTATION_CONTEXT ( 3 ) GLOBAL_UNCERTAINTY_ASSIGNED_CONTEXT ( ( #7599 ) ) GLOBAL_UNIT_ASSIGNED_CONTEXT ( ( #1175, #1431, #5191 ) ) REPRESENTATION_CONTEXT ( 'NONE', 'WORKASPACE' ) );
#5151 = ADVANCED_FACE ( 'NONE', ( #7183 ), #812, .T. ) ;
#5152 = DIRECTION ( 'NONE',  ( -1.000000000000000000, -0.000000000000000000, -0.000000000000000000 ) ) ;
#5153 = MECHANICAL_DESIGN_GEOMETRIC_PRESENTATION_REPRESENTATION (  '', ( #10393 ), #941 ) ;
#5154 = LINE ( 'NONE', #1133, #7617 ) ;
#5155 = CIRCLE ( 'NONE', #7493, 0.08232579947921878083 ) ;
#5156 = ORIENTED_EDGE ( 'NONE', *, *, #552, .T. ) ;
#5157 = VERTEX_POINT ( 'NONE', #1096 ) ;
#5158 = ORIENTED_EDGE ( 'NONE', *, *, #6396, .F. ) ;
#5159 = LINE ( 'NONE', #4324, #1638 ) ;
#5160 = PLANE ( 'NONE',  #7441 ) ;
#5161 = DIRECTION ( 'NONE',  ( 0.000000000000000000, -1.000000000000000000, 0.000000000000000000 ) ) ;
#5162 = FACE_OUTER_BOUND ( 'NONE', #3632, .T. ) ;
#5163 = SURFACE_STYLE_FILL_AREA ( #6842 ) ;
#5164 =( LENGTH_UNIT ( ) NAMED_UNIT ( * ) SI_UNIT ( .MILLI., .METRE. ) );
#5165 = VERTEX_POINT ( 'NONE', #861 ) ;
#5166 = DIRECTION ( 'NONE',  ( 0.000000000000000000, 0.000000000000000000, 1.000000000000000000 ) ) ;
#5167 = EDGE_CURVE ( 'NONE', #1846, #9105, #9729, .T. ) ;
#5168 = ORIENTED_EDGE ( 'NONE', *, *, #2727, .F. ) ;
#5169 = AXIS2_PLACEMENT_3D ( 'NONE', #3963, #7859, #844 ) ;
#5170 = EDGE_CURVE ( 'NONE', #4460, #4344, #5895, .T. ) ;
#5171 = PRESENTATION_STYLE_ASSIGNMENT (( #9356 ) ) ;
#5172 = CIRCLE ( 'NONE', #2818, 0.2823257994792188752 ) ;
#5173 = SURFACE_SIDE_STYLE ('',( #6997 ) ) ;
#5174 = AXIS2_PLACEMENT_3D ( 'NONE', #8418, #7702, #1172 ) ;
#5175 = FILL_AREA_STYLE_COLOUR ( '', #9084 ) ;
#5176 = FACE_OUTER_BOUND ( 'NONE', #7101, .T. ) ;
#5177 = ORIENTED_EDGE ( 'NONE', *, *, #8843, .F. ) ;
#5178 = FILL_AREA_STYLE ('',( #9983 ) ) ;
#5179 = VERTEX_POINT ( 'NONE', #4033 ) ;
#5180 = VECTOR ( 'NONE', #3451, 1000.000000000000000 ) ;
#5181 = CARTESIAN_POINT ( 'NONE',  ( 4.649999999999999467, 0.9249999999999998224, -2.177674200520781422 ) ) ;
#5182 = VECTOR ( 'NONE', #4084, 1000.000000000000000 ) ;
#5183 = CIRCLE ( 'NONE', #4352, 0.2823257994792188752 ) ;
#5184 =( LENGTH_UNIT ( ) NAMED_UNIT ( * ) SI_UNIT ( .MILLI., .METRE. ) );
#5185 = DIRECTION ( 'NONE',  ( 0.000000000000000000, 0.000000000000000000, 1.000000000000000000 ) ) ;
#5186 = FACE_OUTER_BOUND ( 'NONE', #1022, .T. ) ;
#5187 = PRODUCT ( '2EDB7259YXUMA1', '2EDB7259YXUMA1', '', ( #9776 ) ) ;
#5188 = ORIENTED_EDGE ( 'NONE', *, *, #3844, .T. ) ;
#5189 = PRESENTATION_LAYER_ASSIGNMENT (  '', '', ( #8743 ) ) ;
#5190 = SURFACE_STYLE_FILL_AREA ( #1984 ) ;
#5191 =( NAMED_UNIT ( * ) SI_UNIT ( $, .STERADIAN. ) SOLID_ANGLE_UNIT ( ) );
#5192 = CARTESIAN_POINT ( 'NONE',  ( -4.240000000000001101, -0.1000000000000000056, 2.542325799479218773 ) ) ;
#5193 = VERTEX_POINT ( 'NONE', #4086 ) ;
#5194 = DIRECTION ( 'NONE',  ( 0.000000000000000000, 1.000000000000000000, 0.000000000000000000 ) ) ;
#5195 = CARTESIAN_POINT ( 'NONE',  ( 2.969999999999999751, 0.6426742005207811692, 2.260000000000000231 ) ) ;
#5196 =( NAMED_UNIT ( * ) PLANE_ANGLE_UNIT ( ) SI_UNIT ( $, .RADIAN. ) );
#5197 = ADVANCED_FACE ( 'NONE', ( #5562 ), #1906, .T. ) ;
#5198 = CARTESIAN_POINT ( 'NONE',  ( -4.240000000000001101, 0.7249999999999999778, -2.000000000000000000 ) ) ;
#5199 = VECTOR ( 'NONE', #6208, 1000.000000000000000 ) ;
#5200 = LINE ( 'NONE', #6666, #6392 ) ;
#5201 =( GEOMETRIC_REPRESENTATION_CONTEXT ( 3 ) GLOBAL_UNCERTAINTY_ASSIGNED_CONTEXT ( ( #4813 ) ) GLOBAL_UNIT_ASSIGNED_CONTEXT ( ( #9385, #2202, #3996 ) ) REPRESENTATION_CONTEXT ( 'NONE', 'WORKASPACE' ) );
#5202 =( GEOMETRIC_REPRESENTATION_CONTEXT ( 3 ) GLOBAL_UNCERTAINTY_ASSIGNED_CONTEXT ( ( #4647 ) ) GLOBAL_UNIT_ASSIGNED_CONTEXT ( ( #2709, #1054, #9987 ) ) REPRESENTATION_CONTEXT ( 'NONE', 'WORKASPACE' ) );
#5203 = CARTESIAN_POINT ( 'NONE',  ( 3.379999999999999449, -0.1000000000000000056, 2.542325799479218773 ) ) ;
#5204 = CARTESIAN_POINT ( 'NONE',  ( 1.699999999999999734, 0.7249999999999999778, 2.000000000000000000 ) ) ;
#5205 = DIRECTION ( 'NONE',  ( -1.000000000000000000, -0.000000000000000000, -0.000000000000000000 ) ) ;
#5206 = STYLED_ITEM ( 'NONE', ( #5575 ), #3098 ) ;
#5207 = FACE_OUTER_BOUND ( 'NONE', #6406, .T. ) ;
#5208 = ORIENTED_EDGE ( 'NONE', *, *, #1937, .T. ) ;
#5209 = ORIENTED_EDGE ( 'NONE', *, *, #2259, .T. ) ;
#5210 = ORIENTED_EDGE ( 'NONE', *, *, #2268, .F. ) ;
#5211 = ORIENTED_EDGE ( 'NONE', *, *, #7271, .T. ) ;
#5212 = EDGE_CURVE ( 'NONE', #2815, #2781, #8342, .T. ) ;
#5213 = CARTESIAN_POINT ( 'NONE',  ( -4.650000000000000355, 0.6426742005207811692, -2.459999999999999964 ) ) ;
#5214 = VERTEX_POINT ( 'NONE', #5947 ) ;
#5215 = DIRECTION ( 'NONE',  ( -1.000000000000000000, -0.000000000000000000, -0.000000000000000000 ) ) ;
#5216 = SURFACE_STYLE_FILL_AREA ( #7568 ) ;
#5217 =( NAMED_UNIT ( * ) PLANE_ANGLE_UNIT ( ) SI_UNIT ( $, .RADIAN. ) );
#5218 = SURFACE_STYLE_USAGE ( .BOTH. , #6057 ) ;
#5219 = ORIENTED_EDGE ( 'NONE', *, *, #2563, .T. ) ;
#5220 = VERTEX_POINT ( 'NONE', #6738 ) ;
#5221 = CARTESIAN_POINT ( 'NONE',  ( -4.240000000000001101, 0.1000000000000000056, -3.000000000000000000 ) ) ;
#5222 = EDGE_CURVE ( 'NONE', #6256, #1381, #8609, .T. ) ;
#5223 = AXIS2_PLACEMENT_3D ( 'NONE', #8299, #2652, #6797 ) ;
#5224 = LINE ( 'NONE', #2742, #8837 ) ;
#5225 = EDGE_CURVE ( 'NONE', #7761, #6111, #10081, .T. ) ;
#5226 = EDGE_CURVE ( 'NONE', #9150, #10027, #6008, .T. ) ;
#5227 = DIRECTION ( 'NONE',  ( -1.000000000000000000, -0.000000000000000000, -0.000000000000000000 ) ) ;
#5228 = PRESENTATION_STYLE_ASSIGNMENT (( #9877 ) ) ;
#5229 = FACE_BOUND ( 'NONE', #5339, .T. ) ;
#5230 = SURFACE_SIDE_STYLE ('',( #4493 ) ) ;
#5231 = ORIENTED_EDGE ( 'NONE', *, *, #6815, .F. ) ;
#5232 =( LENGTH_UNIT ( ) NAMED_UNIT ( * ) SI_UNIT ( .MILLI., .METRE. ) );
#5233 = ORIENTED_EDGE ( 'NONE', *, *, #6893, .F. ) ;
#5234 = SURFACE_SIDE_STYLE ('',( #9206 ) ) ;
#5235 =( NAMED_UNIT ( * ) SI_UNIT ( $, .STERADIAN. ) SOLID_ANGLE_UNIT ( ) );
#5236 = EDGE_CURVE ( 'NONE', #57, #10305, #6060, .T. ) ;
#5237 = CARTESIAN_POINT ( 'NONE',  ( -0.4300000000000007150, 0.7249999999999998668, -2.177674200520781422 ) ) ;
#5238 =( NAMED_UNIT ( * ) PLANE_ANGLE_UNIT ( ) SI_UNIT ( $, .RADIAN. ) );
#5239 = DIRECTION ( 'NONE',  ( 0.000000000000000000, -1.000000000000000000, 0.000000000000000000 ) ) ;
#5240 = LINE ( 'NONE', #1490, #1445 ) ;
#5241 = FACE_OUTER_BOUND ( 'NONE', #9323, .T. ) ;
#5242 = VERTEX_POINT ( 'NONE', #9248 ) ;
#5243 = CARTESIAN_POINT ( 'NONE',  ( 0.4299999999999998268, 0.1823257994792188419, 2.542325799479218773 ) ) ;
#5244 = CYLINDRICAL_SURFACE ( 'NONE', #4697, 0.08232579947921878083 ) ;
#5245 = CARTESIAN_POINT ( 'NONE',  ( -3.380000000000000338, 0.6426742005207811692, -2.177674200520781422 ) ) ;
#5246 = PLANE ( 'NONE',  #6852 ) ;
#5247 = CARTESIAN_POINT ( 'NONE',  ( -2.970000000000000639, 0.1000000000000000056, -3.000000000000000000 ) ) ;
#5248 = VERTEX_POINT ( 'NONE', #6892 ) ;
#5249 = CARTESIAN_POINT ( 'NONE',  ( 4.240000000000000213, 0.1823257994792188419, -2.459999999999999964 ) ) ;
#5250 = DIRECTION ( 'NONE',  ( -1.000000000000000000, -0.000000000000000000, -0.000000000000000000 ) ) ;
#5251 = CARTESIAN_POINT ( 'NONE',  ( -4.240000000000001101, 0.7249999999999999778, 2.000000000000000000 ) ) ;
#5252 = ORIENTED_EDGE ( 'NONE', *, *, #10281, .F. ) ;
#5253 = FACE_OUTER_BOUND ( 'NONE', #4395, .T. ) ;
#5254 = ORIENTED_EDGE ( 'NONE', *, *, #887, .F. ) ;
#5255 = ORIENTED_EDGE ( 'NONE', *, *, #5690, .T. ) ;
#5256 = SURFACE_STYLE_USAGE ( .BOTH. , #1086 ) ;
#5257 =( NAMED_UNIT ( * ) SI_UNIT ( $, .STERADIAN. ) SOLID_ANGLE_UNIT ( ) );
#5258 = AXIS2_PLACEMENT_3D ( 'NONE', #9803, #9017, #9071 ) ;
#5259 = FACE_OUTER_BOUND ( 'NONE', #2767, .T. ) ;
#5260 = CARTESIAN_POINT ( 'NONE',  ( -0.4300000000000007150, -0.1000000000000000056, 2.542325799479218773 ) ) ;
#5261 = ADVANCED_FACE ( 'NONE', ( #9297 ), #1965, .T. ) ;
#5262 = PRESENTATION_STYLE_ASSIGNMENT (( #3487 ) ) ;
#5263 = VECTOR ( 'NONE', #2005, 1000.000000000000000 ) ;
#5264 = CARTESIAN_POINT ( 'NONE',  ( -4.240000000000001101, 0.1000000000000000056, -2.542325799479218773 ) ) ;
#5265 = UNCERTAINTY_MEASURE_WITH_UNIT (LENGTH_MEASURE( 1.000000000000000082E-05 ), #7239, 'distance_accuracy_value', 'NONE');
#5266 = VECTOR ( 'NONE', #5839, 1000.000000000000000 ) ;
#5267 = DIRECTION ( 'NONE',  ( -1.000000000000000000, -0.000000000000000000, -0.000000000000000000 ) ) ;
#5268 =( GEOMETRIC_REPRESENTATION_CONTEXT ( 3 ) GLOBAL_UNCERTAINTY_ASSIGNED_CONTEXT ( ( #4785 ) ) GLOBAL_UNIT_ASSIGNED_CONTEXT ( ( #5271, #4436, #848 ) ) REPRESENTATION_CONTEXT ( 'NONE', 'WORKASPACE' ) );
#5269 = AXIS2_PLACEMENT_3D ( 'NONE', #9664, #7882, #2343 ) ;
#5270 =( NAMED_UNIT ( * ) PLANE_ANGLE_UNIT ( ) SI_UNIT ( $, .RADIAN. ) );
#5271 =( LENGTH_UNIT ( ) NAMED_UNIT ( * ) SI_UNIT ( .MILLI., .METRE. ) );
#5272 = EDGE_CURVE ( 'NONE', #9622, #7728, #3697, .T. ) ;
#5273 = ORIENTED_EDGE ( 'NONE', *, *, #547, .T. ) ;
#5274 = MECHANICAL_DESIGN_GEOMETRIC_PRESENTATION_REPRESENTATION (  '', ( #2756 ), #253 ) ;
#5275 = CARTESIAN_POINT ( 'NONE',  ( 0.4299999999999998268, 0.7249999999999999778, 2.000000000000000000 ) ) ;
#5276 = VERTEX_POINT ( 'NONE', #5324 ) ;
#5277 = CARTESIAN_POINT ( 'NONE',  ( 4.240000000000000213, 0.7249999999999998668, 2.177674200520781422 ) ) ;
#5278 =( GEOMETRIC_REPRESENTATION_CONTEXT ( 3 ) GLOBAL_UNCERTAINTY_ASSIGNED_CONTEXT ( ( #5425 ) ) GLOBAL_UNIT_ASSIGNED_CONTEXT ( ( #5560, #763, #1505 ) ) REPRESENTATION_CONTEXT ( 'NONE', 'WORKASPACE' ) );
#5279 = COLOUR_RGB ( '',0.7529411764705882248, 0.7529411764705882248, 0.7529411764705882248 ) ;
#5280 = MECHANICAL_DESIGN_GEOMETRIC_PRESENTATION_REPRESENTATION (  '', ( #4447 ), #1938 ) ;
#5281 = UNCERTAINTY_MEASURE_WITH_UNIT (LENGTH_MEASURE( 1.000000000000000082E-05 ), #1887, 'distance_accuracy_value', 'NONE');
#5282 = SURFACE_STYLE_USAGE ( .BOTH. , #2073 ) ;
#5283 = UNCERTAINTY_MEASURE_WITH_UNIT (LENGTH_MEASURE( 1.000000000000000082E-05 ), #7160, 'distance_accuracy_value', 'NONE');
#5284 =( LENGTH_UNIT ( ) NAMED_UNIT ( * ) SI_UNIT ( .MILLI., .METRE. ) );
#5285 = LINE ( 'NONE', #9313, #8659 ) ;
#5286 = SURFACE_SIDE_STYLE ('',( #5350 ) ) ;
#5287 = ORIENTED_EDGE ( 'NONE', *, *, #6769, .T. ) ;
#5288 = VECTOR ( 'NONE', #2069, 1000.000000000000000 ) ;
#5289 =( GEOMETRIC_REPRESENTATION_CONTEXT ( 3 ) GLOBAL_UNCERTAINTY_ASSIGNED_CONTEXT ( ( #7198 ) ) GLOBAL_UNIT_ASSIGNED_CONTEXT ( ( #3500, #5902, #904 ) ) REPRESENTATION_CONTEXT ( 'NONE', 'WORKASPACE' ) );
#5290 = PRESENTATION_LAYER_ASSIGNMENT (  '', '', ( #1423 ) ) ;
#5291 =( NAMED_UNIT ( * ) SI_UNIT ( $, .STERADIAN. ) SOLID_ANGLE_UNIT ( ) );
#5292 = MECHANICAL_DESIGN_GEOMETRIC_PRESENTATION_REPRESENTATION (  '', ( #3625 ), #9358 ) ;
#5293 = LINE ( 'NONE', #8521, #8435 ) ;
#5294 = EDGE_CURVE ( 'NONE', #9718, #5193, #109, .T. ) ;
#5295 = ORIENTED_EDGE ( 'NONE', *, *, #113, .T. ) ;
#5296 = LINE ( 'NONE', #10001, #5881 ) ;
#5297 = DIRECTION ( 'NONE',  ( 0.000000000000000000, 0.000000000000000000, 1.000000000000000000 ) ) ;
#5298 = DIRECTION ( 'NONE',  ( -1.000000000000000000, -0.000000000000000000, -0.000000000000000000 ) ) ;
#5299 = EDGE_CURVE ( 'NONE', #10328, #1601, #7740, .T. ) ;
#5300 = PRESENTATION_STYLE_ASSIGNMENT (( #8687 ) ) ;
#5301 = STYLED_ITEM ( 'NONE', ( #6419 ), #6742 ) ;
#5302 = VECTOR ( 'NONE', #5723, 1000.000000000000000 ) ;
#5303 = PLANE ( 'NONE',  #1073 ) ;
#5304 = ORIENTED_EDGE ( 'NONE', *, *, #9266, .F. ) ;
#5305 =( GEOMETRIC_REPRESENTATION_CONTEXT ( 3 ) GLOBAL_UNCERTAINTY_ASSIGNED_CONTEXT ( ( #3327 ) ) GLOBAL_UNIT_ASSIGNED_CONTEXT ( ( #9235, #10071, #1295 ) ) REPRESENTATION_CONTEXT ( 'NONE', 'WORKASPACE' ) );
#5306 = DIRECTION ( 'NONE',  ( 0.000000000000000000, 0.000000000000000000, 1.000000000000000000 ) ) ;
#5307 = SURFACE_SIDE_STYLE ('',( #7990 ) ) ;
#5308 = DIRECTION ( 'NONE',  ( -1.000000000000000000, 0.000000000000000000, 0.000000000000000000 ) ) ;
#5309 = VERTEX_POINT ( 'NONE', #2894 ) ;
#5310 = FILL_AREA_STYLE_COLOUR ( '', #6465 ) ;
#5311 = STYLED_ITEM ( 'NONE', ( #2654 ), #10330 ) ;
#5312 = VERTEX_POINT ( 'NONE', #4385 ) ;
#5313 = VECTOR ( 'NONE', #3022, 1000.000000000000000 ) ;
#5314 = COLOUR_RGB ( '',0.2509803921568627416, 0.2509803921568627416, 0.2509803921568627416 ) ;
#5315 = ORIENTED_EDGE ( 'NONE', *, *, #4899, .F. ) ;
#5316 = SURFACE_STYLE_FILL_AREA ( #9338 ) ;
#5317 = EDGE_CURVE ( 'NONE', #9607, #7722, #6091, .T. ) ;
#5318 = STYLED_ITEM ( 'NONE', ( #4634 ), #7334 ) ;
#5319 = AXIS2_PLACEMENT_3D ( 'NONE', #1462, #562, #5308 ) ;
#5320 = CARTESIAN_POINT ( 'NONE',  ( -3.380000000000000338, 0.7249999999999999778, 2.000000000000000000 ) ) ;
#5321 = EDGE_LOOP ( 'NONE', ( #2152, #5745, #6088, #3184 ) ) ;
#5322 = CARTESIAN_POINT ( 'NONE',  ( 4.240000000000000213, 0.1823257994792188419, -2.542325799479218773 ) ) ;
#5323 = ORIENTED_EDGE ( 'NONE', *, *, #9523, .F. ) ;
#5324 = CARTESIAN_POINT ( 'NONE',  ( 0.4299999999999998268, 0.9250000000000000444, 2.000000000000000000 ) ) ;
#5325 = ORIENTED_EDGE ( 'NONE', *, *, #1814, .F. ) ;
#5326 = PRESENTATION_LAYER_ASSIGNMENT (  '', '', ( #6478 ) ) ;
#5327 = CARTESIAN_POINT ( 'NONE',  ( 0.4299999999999998268, 0.1823257994792188696, -2.259999999999999787 ) ) ;
#5328 = PRESENTATION_LAYER_ASSIGNMENT (  '', '', ( #1977 ) ) ;
#5329 = DIRECTION ( 'NONE',  ( -1.000000000000000000, -0.000000000000000000, -0.000000000000000000 ) ) ;
#5330 = EDGE_CURVE ( 'NONE', #3898, #953, #2108, .T. ) ;
#5331 =( GEOMETRIC_REPRESENTATION_CONTEXT ( 3 ) GLOBAL_UNCERTAINTY_ASSIGNED_CONTEXT ( ( #2385 ) ) GLOBAL_UNIT_ASSIGNED_CONTEXT ( ( #2121, #1883, #2223 ) ) REPRESENTATION_CONTEXT ( 'NONE', 'WORKASPACE' ) );
#5332 = SURFACE_SIDE_STYLE ('',( #5437 ) ) ;
#5333 = DIRECTION ( 'NONE',  ( 1.000000000000000000, 0.000000000000000000, 0.000000000000000000 ) ) ;
#5334 = CARTESIAN_POINT ( 'NONE',  ( -4.240000000000001101, 0.9249999999999998224, 2.177674200520781422 ) ) ;
#5335 = ORIENTED_EDGE ( 'NONE', *, *, #4722, .F. ) ;
#5336 = DIRECTION ( 'NONE',  ( -1.000000000000000000, -0.000000000000000000, -0.000000000000000000 ) ) ;
#5337 = CARTESIAN_POINT ( 'NONE',  ( -2.110000000000000764, -0.1000000000000000056, 3.000000000000000000 ) ) ;
#5338 = FILL_AREA_STYLE ('',( #2123 ) ) ;
#5339 = EDGE_LOOP ( 'NONE', ( #3168, #6972, #6425, #1493 ) ) ;
#5340 =( GEOMETRIC_REPRESENTATION_CONTEXT ( 3 ) GLOBAL_UNCERTAINTY_ASSIGNED_CONTEXT ( ( #5522 ) ) GLOBAL_UNIT_ASSIGNED_CONTEXT ( ( #3322, #2413, #2577 ) ) REPRESENTATION_CONTEXT ( 'NONE', 'WORKASPACE' ) );
#5341 = EDGE_LOOP ( 'NONE', ( #3695, #9568, #6756, #537, #4403, #650, #4112, #5964, #7709, #2040, #5996, #9811 ) ) ;
#5342 = ORIENTED_EDGE ( 'NONE', *, *, #7271, .F. ) ;
#5343 = SURFACE_STYLE_FILL_AREA ( #4444 ) ;
#5344 = LINE ( 'NONE', #5501, #4216 ) ;
#5345 = ADVANCED_FACE ( 'NONE', ( #9192 ), #7572, .F. ) ;
#5346 = COLOUR_RGB ( '',0.7529411764705882248, 0.7529411764705882248, 0.7529411764705882248 ) ;
#5347 = DIRECTION ( 'NONE',  ( 0.000000000000000000, -0.000000000000000000, 1.000000000000000000 ) ) ;
#5348 = SURFACE_STYLE_FILL_AREA ( #7936 ) ;
#5349 = CARTESIAN_POINT ( 'NONE',  ( -0.4300000000000007150, -0.1000000000000000056, -3.000000000000000000 ) ) ;
#5350 = SURFACE_STYLE_FILL_AREA ( #9993 ) ;
#5351 = ORIENTED_EDGE ( 'NONE', *, *, #1478, .F. ) ;
#5352 = LINE ( 'NONE', #3884, #6956 ) ;
#5353 = MECHANICAL_DESIGN_GEOMETRIC_PRESENTATION_REPRESENTATION (  '', ( #4687 ), #7886 ) ;
#5354 = PRESENTATION_LAYER_ASSIGNMENT (  '', '', ( #1129 ) ) ;
#5355 = VERTEX_POINT ( 'NONE', #580 ) ;
#5356 = CIRCLE ( 'NONE', #808, 0.2823257994792188752 ) ;
#5357 =( NAMED_UNIT ( * ) SI_UNIT ( $, .STERADIAN. ) SOLID_ANGLE_UNIT ( ) );
#5358 = EDGE_CURVE ( 'NONE', #4344, #9286, #6247, .T. ) ;
#5359 = PLANE ( 'NONE',  #1993 ) ;
#5360 = ORIENTED_EDGE ( 'NONE', *, *, #5509, .F. ) ;
#5361 = AXIS2_PLACEMENT_3D ( 'NONE', #2812, #2714, #6755 ) ;
#5362 = ADVANCED_FACE ( 'NONE', ( #3794 ), #9550, .F. ) ;
#5363 = FILL_AREA_STYLE ('',( #9384 ) ) ;
#5364 = VECTOR ( 'NONE', #6228, 1000.000000000000000 ) ;
#5365 = PLANE ( 'NONE',  #7045 ) ;
#5366 = DIRECTION ( 'NONE',  ( 1.000000000000000000, 0.000000000000000000, -0.000000000000000000 ) ) ;
#5367 = ORIENTED_EDGE ( 'NONE', *, *, #2258, .F. ) ;
#5368 = ORIENTED_EDGE ( 'NONE', *, *, #4142, .T. ) ;
#5369 = ORIENTED_EDGE ( 'NONE', *, *, #9989, .F. ) ;
#5370 = ORIENTED_EDGE ( 'NONE', *, *, #10239, .F. ) ;
#5371 = FILL_AREA_STYLE_COLOUR ( '', #7384 ) ;
#5372 = PRESENTATION_STYLE_ASSIGNMENT (( #10172 ) ) ;
#5373 = LINE ( 'NONE', #3843, #9986 ) ;
#5374 = ADVANCED_FACE ( 'NONE', ( #5531 ), #636, .T. ) ;
#5375 = VECTOR ( 'NONE', #1328, 1000.000000000000000 ) ;
#5376 = FILL_AREA_STYLE_COLOUR ( '', #2301 ) ;
#5377 = ORIENTED_EDGE ( 'NONE', *, *, #585, .F. ) ;
#5378 = DIRECTION ( 'NONE',  ( -0.000000000000000000, -1.000000000000000000, -0.000000000000000000 ) ) ;
#5379 = COLOUR_RGB ( '',0.7529411764705882248, 0.7529411764705882248, 0.7529411764705882248 ) ;
#5380 = AXIS2_PLACEMENT_3D ( 'NONE', #5243, #8472, #6816 ) ;
#5381 = CARTESIAN_POINT ( 'NONE',  ( 4.240000000000000213, 0.6426742005207811692, -2.459999999999999964 ) ) ;
#5382 = UNCERTAINTY_MEASURE_WITH_UNIT (LENGTH_MEASURE( 1.000000000000000082E-05 ), #3247, 'distance_accuracy_value', 'NONE');
#5383 = ORIENTED_EDGE ( 'NONE', *, *, #4340, .F. ) ;
#5384 = EDGE_CURVE ( 'NONE', #5248, #7272, #4969, .T. ) ;
#5385 = PRESENTATION_LAYER_ASSIGNMENT (  '', '', ( #4546 ) ) ;
#5386 = DIRECTION ( 'NONE',  ( -1.000000000000000000, -0.000000000000000000, -0.000000000000000000 ) ) ;
#5387 = SURFACE_SIDE_STYLE ('',( #10189 ) ) ;
#5388 =( GEOMETRIC_REPRESENTATION_CONTEXT ( 3 ) GLOBAL_UNCERTAINTY_ASSIGNED_CONTEXT ( ( #1165 ) ) GLOBAL_UNIT_ASSIGNED_CONTEXT ( ( #9490, #676, #5573 ) ) REPRESENTATION_CONTEXT ( 'NONE', 'WORKASPACE' ) );
#5389 = DIRECTION ( 'NONE',  ( 0.000000000000000000, 0.000000000000000000, -1.000000000000000000 ) ) ;
#5390 = DIRECTION ( 'NONE',  ( 0.000000000000000000, 0.000000000000000000, 1.000000000000000000 ) ) ;
#5391 = SURFACE_SIDE_STYLE ('',( #7861 ) ) ;
#5392 = DIRECTION ( 'NONE',  ( 0.000000000000000000, 0.000000000000000000, -1.000000000000000000 ) ) ;
#5393 = ORIENTED_EDGE ( 'NONE', *, *, #1766, .T. ) ;
#5394 = CIRCLE ( 'NONE', #8253, 0.08232579947921878083 ) ;
#5395 =( NAMED_UNIT ( * ) PLANE_ANGLE_UNIT ( ) SI_UNIT ( $, .RADIAN. ) );
#5396 = LINE ( 'NONE', #9510, #5619 ) ;
#5397 = VERTEX_POINT ( 'NONE', #5053 ) ;
#5398 = EDGE_CURVE ( 'NONE', #2045, #6931, #9080, .T. ) ;
#5399 = MECHANICAL_DESIGN_GEOMETRIC_PRESENTATION_REPRESENTATION (  '', ( #8604 ), #3890 ) ;
#5400 = ORIENTED_EDGE ( 'NONE', *, *, #3517, .F. ) ;
#5401 =( LENGTH_UNIT ( ) NAMED_UNIT ( * ) SI_UNIT ( .MILLI., .METRE. ) );
#5402 = DIRECTION ( 'NONE',  ( -0.000000000000000000, 0.000000000000000000, -1.000000000000000000 ) ) ;
#5403 = DIRECTION ( 'NONE',  ( 0.000000000000000000, -1.000000000000000000, 0.000000000000000000 ) ) ;
#5404 = DIRECTION ( 'NONE',  ( 0.000000000000000000, 0.000000000000000000, 1.000000000000000000 ) ) ;
#5405 = VECTOR ( 'NONE', #3707, 1000.000000000000000 ) ;
#5406 = SURFACE_STYLE_USAGE ( .BOTH. , #10264 ) ;
#5407 = ORIENTED_EDGE ( 'NONE', *, *, #466, .F. ) ;
#5408 =( NAMED_UNIT ( * ) SI_UNIT ( $, .STERADIAN. ) SOLID_ANGLE_UNIT ( ) );
#5409 = ORIENTED_EDGE ( 'NONE', *, *, #2004, .T. ) ;
#5410 = EDGE_CURVE ( 'NONE', #7168, #9459, #9024, .T. ) ;
#5411 = VERTEX_POINT ( 'NONE', #2631 ) ;
#5412 = FILL_AREA_STYLE_COLOUR ( '', #2340 ) ;
#5413 =( LENGTH_UNIT ( ) NAMED_UNIT ( * ) SI_UNIT ( .MILLI., .METRE. ) );
#5414 =( NAMED_UNIT ( * ) PLANE_ANGLE_UNIT ( ) SI_UNIT ( $, .RADIAN. ) );
#5415 = ORIENTED_EDGE ( 'NONE', *, *, #2217, .F. ) ;
#5416 = DIRECTION ( 'NONE',  ( -1.000000000000000000, -0.000000000000000000, -0.000000000000000000 ) ) ;
#5417 = CARTESIAN_POINT ( 'NONE',  ( 3.379999999999999449, 0.6426742005207811692, -2.260000000000000231 ) ) ;
#5418 = FILL_AREA_STYLE ('',( #620 ) ) ;
#5419 = VERTEX_POINT ( 'NONE', #9855 ) ;
#5420 = EDGE_CURVE ( 'NONE', #961, #4271, #65, .T. ) ;
#5421 = EDGE_LOOP ( 'NONE', ( #3127, #7906, #8948, #3488 ) ) ;
#5422 = VERTEX_POINT ( 'NONE', #183 ) ;
#5423 = VERTEX_POINT ( 'NONE', #991 ) ;
#5424 = CARTESIAN_POINT ( 'NONE',  ( -1.700000000000001066, -0.1000000000000000056, -2.542325799479218773 ) ) ;
#5425 = UNCERTAINTY_MEASURE_WITH_UNIT (LENGTH_MEASURE( 1.000000000000000082E-05 ), #5560, 'distance_accuracy_value', 'NONE');
#5426 = DIRECTION ( 'NONE',  ( -1.000000000000000000, -0.000000000000000000, -0.000000000000000000 ) ) ;
#5427 = DIRECTION ( 'NONE',  ( 0.000000000000000000, 0.000000000000000000, -1.000000000000000000 ) ) ;
#5428 = CARTESIAN_POINT ( 'NONE',  ( -3.380000000000000338, -0.1000000000000000056, -2.542325799479218773 ) ) ;
#5429 = DIRECTION ( 'NONE',  ( 0.000000000000000000, 0.000000000000000000, 1.000000000000000000 ) ) ;
#5430 = ORIENTED_EDGE ( 'NONE', *, *, #9361, .T. ) ;
#5431 = FILL_AREA_STYLE_COLOUR ( '', #9848 ) ;
#5432 = EDGE_CURVE ( 'NONE', #9809, #1699, #2580, .T. ) ;
#5433 = DIRECTION ( 'NONE',  ( 1.000000000000000000, 0.000000000000000000, 0.000000000000000000 ) ) ;
#5434 = DIRECTION ( 'NONE',  ( -1.000000000000000000, -0.000000000000000000, -0.000000000000000000 ) ) ;
#5435 =( NAMED_UNIT ( * ) PLANE_ANGLE_UNIT ( ) SI_UNIT ( $, .RADIAN. ) );
#5436 = SURFACE_SIDE_STYLE ('',( #3910 ) ) ;
#5437 = SURFACE_STYLE_FILL_AREA ( #4702 ) ;
#5438 =( LENGTH_UNIT ( ) NAMED_UNIT ( * ) SI_UNIT ( .MILLI., .METRE. ) );
#5439 = AXIS2_PLACEMENT_3D ( 'NONE', #8846, #4157, #6494 ) ;
#5440 = SURFACE_STYLE_FILL_AREA ( #5542 ) ;
#5441 = ORIENTED_EDGE ( 'NONE', *, *, #1560, .F. ) ;
#5442 = CYLINDRICAL_SURFACE ( 'NONE', #5953, 0.08232579947921878083 ) ;
#5443 = EDGE_LOOP ( 'NONE', ( #1999, #5918, #9475, #6587 ) ) ;
#5444 = SURFACE_STYLE_USAGE ( .BOTH. , #6213 ) ;
#5445 = VERTEX_POINT ( 'NONE', #8230 ) ;
#5446 = AXIS2_PLACEMENT_3D ( 'NONE', #3034, #7699, #8675 ) ;
#5447 = DIRECTION ( 'NONE',  ( 1.000000000000000000, 0.000000000000000000, -0.000000000000000000 ) ) ;
#5448 = LINE ( 'NONE', #6954, #6536 ) ;
#5449 = VECTOR ( 'NONE', #220, 1000.000000000000000 ) ;
#5450 = CARTESIAN_POINT ( 'NONE',  ( -4.240000000000001101, 0.6426742005207811692, 2.459999999999999964 ) ) ;
#5451 = ORIENTED_EDGE ( 'NONE', *, *, #5099, .F. ) ;
#5452 = VECTOR ( 'NONE', #7332, 1000.000000000000000 ) ;
#5453 = VECTOR ( 'NONE', #459, 1000.000000000000000 ) ;
#5454 = SURFACE_SIDE_STYLE ('',( #3716 ) ) ;
#5455 = COLOUR_RGB ( '',0.7529411764705882248, 0.7529411764705882248, 0.7529411764705882248 ) ;
#5456 = ORIENTED_EDGE ( 'NONE', *, *, #9361, .F. ) ;
#5457 = CARTESIAN_POINT ( 'NONE',  ( -0.8400000000000005240, 0.6426742005207811692, 2.459999999999999964 ) ) ;
#5458 = CARTESIAN_POINT ( 'NONE',  ( -3.380000000000000338, 0.1823257994792188419, -2.542325799479218773 ) ) ;
#5459 = SURFACE_STYLE_USAGE ( .BOTH. , #2242 ) ;
#5460 = VECTOR ( 'NONE', #9709, 1000.000000000000000 ) ;
#5461 = CARTESIAN_POINT ( 'NONE',  ( -1.700000000000001066, 0.6426742005207811692, 2.260000000000000231 ) ) ;
#5462 = ADVANCED_FACE ( 'NONE', ( #8278 ), #2539, .F. ) ;
#5463 = AXIS2_PLACEMENT_3D ( 'NONE', #9301, #10131, #7744 ) ;
#5464 =( NAMED_UNIT ( * ) PLANE_ANGLE_UNIT ( ) SI_UNIT ( $, .RADIAN. ) );
#5465 =( LENGTH_UNIT ( ) NAMED_UNIT ( * ) SI_UNIT ( .MILLI., .METRE. ) );
#5466 = STYLED_ITEM ( 'NONE', ( #556 ), #5120 ) ;
#5467 = ORIENTED_EDGE ( 'NONE', *, *, #7086, .F. ) ;
#5468 = ORIENTED_EDGE ( 'NONE', *, *, #2071, .T. ) ;
#5469 = VERTEX_POINT ( 'NONE', #9129 ) ;
#5470 =( GEOMETRIC_REPRESENTATION_CONTEXT ( 3 ) GLOBAL_UNCERTAINTY_ASSIGNED_CONTEXT ( ( #6985 ) ) GLOBAL_UNIT_ASSIGNED_CONTEXT ( ( #9662, #38, #1653 ) ) REPRESENTATION_CONTEXT ( 'NONE', 'WORKASPACE' ) );
#5471 = ORIENTED_EDGE ( 'NONE', *, *, #3781, .F. ) ;
#5472 = CARTESIAN_POINT ( 'NONE',  ( -0.8400000000000005240, 0.1000000000000000056, 3.000000000000000000 ) ) ;
#5473 = DIRECTION ( 'NONE',  ( -1.000000000000000000, -0.000000000000000000, -0.000000000000000000 ) ) ;
#5474 = EDGE_CURVE ( 'NONE', #2281, #5422, #9912, .T. ) ;
#5475 = ADVANCED_FACE ( 'NONE', ( #1734 ), #8919, .T. ) ;
#5476 = LINE ( 'NONE', #8603, #4272 ) ;
#5477 = DIRECTION ( 'NONE',  ( 0.000000000000000000, 0.000000000000000000, -1.000000000000000000 ) ) ;
#5478 = PRESENTATION_LAYER_ASSIGNMENT (  '', '', ( #2780 ) ) ;
#5479 =( GEOMETRIC_REPRESENTATION_CONTEXT ( 3 ) GLOBAL_UNCERTAINTY_ASSIGNED_CONTEXT ( ( #160 ) ) GLOBAL_UNIT_ASSIGNED_CONTEXT ( ( #218, #9617, #6455 ) ) REPRESENTATION_CONTEXT ( 'NONE', 'WORKASPACE' ) );
#5480 = DIRECTION ( 'NONE',  ( 1.000000000000000000, 0.000000000000000000, 0.000000000000000000 ) ) ;
#5481 = ORIENTED_EDGE ( 'NONE', *, *, #4512, .T. ) ;
#5482 = VECTOR ( 'NONE', #4850, 1000.000000000000000 ) ;
#5483 = PRESENTATION_STYLE_ASSIGNMENT (( #3112 ) ) ;
#5484 = ORIENTED_EDGE ( 'NONE', *, *, #9289, .F. ) ;
#5485 = CARTESIAN_POINT ( 'NONE',  ( 0.4299999999999998268, 0.6426742005207811692, -2.177674200520781422 ) ) ;
#5486 = VECTOR ( 'NONE', #5404, 1000.000000000000000 ) ;
#5487 = STYLED_ITEM ( 'NONE', ( #8149 ), #10263 ) ;
#5488 =( LENGTH_UNIT ( ) NAMED_UNIT ( * ) SI_UNIT ( .MILLI., .METRE. ) );
#5489 =( LENGTH_UNIT ( ) NAMED_UNIT ( * ) SI_UNIT ( .MILLI., .METRE. ) );
#5490 = EDGE_CURVE ( 'NONE', #1843, #8538, #9535, .T. ) ;
#5491 = DIRECTION ( 'NONE',  ( -0.000000000000000000, -1.000000000000000000, -0.000000000000000000 ) ) ;
#5492 = CARTESIAN_POINT ( 'NONE',  ( -0.4300000000000007150, 0.6426742005207811692, 2.260000000000000231 ) ) ;
#5493 = EDGE_LOOP ( 'NONE', ( #1306, #9431, #9669, #4709 ) ) ;
#5494 = ORIENTED_EDGE ( 'NONE', *, *, #5294, .T. ) ;
#5495 = COLOUR_RGB ( '',0.7529411764705882248, 0.7529411764705882248, 0.7529411764705882248 ) ;
#5496 = EDGE_LOOP ( 'NONE', ( #3558, #2886, #2222, #1350 ) ) ;
#5497 = DIRECTION ( 'NONE',  ( -0.000000000000000000, 0.000000000000000000, -1.000000000000000000 ) ) ;
#5498 = MECHANICAL_DESIGN_GEOMETRIC_PRESENTATION_REPRESENTATION (  '', ( #1633 ), #8539 ) ;
#5499 = CARTESIAN_POINT ( 'NONE',  ( 0.8399999999999996358, 0.6426742005207811692, -2.177674200520781422 ) ) ;
#5500 = DIRECTION ( 'NONE',  ( -0.000000000000000000, -1.000000000000000000, -0.000000000000000000 ) ) ;
#5501 = CARTESIAN_POINT ( 'NONE',  ( -0.4300000000000007150, 0.1823257994792188419, -2.459999999999999964 ) ) ;
#5502 = CARTESIAN_POINT ( 'NONE',  ( -4.650000000000000355, 0.1823257994792188419, 2.542325799479218773 ) ) ;
#5503 = DIRECTION ( 'NONE',  ( 0.000000000000000000, 0.000000000000000000, -1.000000000000000000 ) ) ;
#5504 = VERTEX_POINT ( 'NONE', #4419 ) ;
#5505 = SURFACE_STYLE_USAGE ( .BOTH. , #1444 ) ;
#5506 = ORIENTED_EDGE ( 'NONE', *, *, #5299, .T. ) ;
#5507 = FACE_OUTER_BOUND ( 'NONE', #1349, .T. ) ;
#5508 = ORIENTED_EDGE ( 'NONE', *, *, #5317, .T. ) ;
#5509 = EDGE_CURVE ( 'NONE', #6726, #9714, #1952, .T. ) ;
#5510 =( NAMED_UNIT ( * ) SI_UNIT ( $, .STERADIAN. ) SOLID_ANGLE_UNIT ( ) );
#5511 = VECTOR ( 'NONE', #3027, 1000.000000000000000 ) ;
#5512 = SURFACE_STYLE_FILL_AREA ( #7948 ) ;
#5513 = CARTESIAN_POINT ( 'NONE',  ( 4.240000000000000213, -0.1000000000000000056, 2.542325799479218773 ) ) ;
#5514 = SURFACE_STYLE_FILL_AREA ( #49 ) ;
#5515 = CARTESIAN_POINT ( 'NONE',  ( 4.240000000000000213, -0.1000000000000000056, -2.542325799479218773 ) ) ;
#5516 = MECHANICAL_DESIGN_GEOMETRIC_PRESENTATION_REPRESENTATION (  '', ( #9404 ), #3169 ) ;
#5517 = DIRECTION ( 'NONE',  ( 0.000000000000000000, -0.000000000000000000, 1.000000000000000000 ) ) ;
#5518 = ORIENTED_EDGE ( 'NONE', *, *, #3531, .F. ) ;
#5519 = ADVANCED_FACE ( 'NONE', ( #527 ), #9333, .T. ) ;
#5520 = UNCERTAINTY_MEASURE_WITH_UNIT (LENGTH_MEASURE( 1.000000000000000082E-05 ), #3734, 'distance_accuracy_value', 'NONE');
#5521 = DIRECTION ( 'NONE',  ( 0.000000000000000000, 1.000000000000000000, 0.000000000000000000 ) ) ;
#5522 = UNCERTAINTY_MEASURE_WITH_UNIT (LENGTH_MEASURE( 1.000000000000000082E-05 ), #3322, 'distance_accuracy_value', 'NONE');
#5523 = CARTESIAN_POINT ( 'NONE',  ( 1.699999999999999734, 0.1000000000000000056, 3.000000000000000000 ) ) ;
#5524 = AXIS2_PLACEMENT_3D ( 'NONE', #7530, #8508, #2703 ) ;
#5525 = VECTOR ( 'NONE', #4261, 1000.000000000000000 ) ;
#5526 = FACE_OUTER_BOUND ( 'NONE', #200, .T. ) ;
#5527 = DIRECTION ( 'NONE',  ( -1.000000000000000000, -0.000000000000000000, -0.000000000000000000 ) ) ;
#5528 = DIRECTION ( 'NONE',  ( 0.000000000000000000, 0.000000000000000000, -1.000000000000000000 ) ) ;
#5529 = VERTEX_POINT ( 'NONE', #2046 ) ;
#5530 = VECTOR ( 'NONE', #4932, 1000.000000000000000 ) ;
#5531 = FACE_OUTER_BOUND ( 'NONE', #9363, .T. ) ;
#5532 = EDGE_LOOP ( 'NONE', ( #330, #3636, #3198, #3906 ) ) ;
#5533 = ADVANCED_FACE ( 'NONE', ( #5253 ), #8326, .T. ) ;
#5534 = VECTOR ( 'NONE', #1726, 1000.000000000000000 ) ;
#5535 = CARTESIAN_POINT ( 'NONE',  ( -1.700000000000001066, 0.6426742005207811692, 2.459999999999999964 ) ) ;
#5536 = COLOUR_RGB ( '',0.7529411764705882248, 0.7529411764705882248, 0.7529411764705882248 ) ;
#5537 = DIRECTION ( 'NONE',  ( -1.000000000000000000, -0.000000000000000000, -0.000000000000000000 ) ) ;
#5538 = PRESENTATION_STYLE_ASSIGNMENT (( #1483 ) ) ;
#5539 = DIRECTION ( 'NONE',  ( 0.000000000000000000, 0.000000000000000000, -1.000000000000000000 ) ) ;
#5540 = MECHANICAL_DESIGN_GEOMETRIC_PRESENTATION_REPRESENTATION (  '', ( #7716 ), #7379 ) ;
#5541 = STYLED_ITEM ( 'NONE', ( #9734 ), #3766 ) ;
#5542 = FILL_AREA_STYLE ('',( #9465 ) ) ;
#5543 = SURFACE_SIDE_STYLE ('',( #646 ) ) ;
#5544 = ORIENTED_EDGE ( 'NONE', *, *, #6242, .F. ) ;
#5545 = SURFACE_STYLE_FILL_AREA ( #2335 ) ;
#5546 = ADVANCED_FACE ( 'NONE', ( #9868 ), #9814, .F. ) ;
#5547 = EDGE_CURVE ( 'NONE', #5574, #9607, #8287, .T. ) ;
#5548 = ORIENTED_EDGE ( 'NONE', *, *, #4185, .F. ) ;
#5549 = VECTOR ( 'NONE', #8314, 1000.000000000000000 ) ;
#5550 =( LENGTH_UNIT ( ) NAMED_UNIT ( * ) SI_UNIT ( .MILLI., .METRE. ) );
#5551 = SURFACE_STYLE_USAGE ( .BOTH. , #9720 ) ;
#5552 = ADVANCED_FACE ( 'NONE', ( #3427 ), #192, .T. ) ;
#5553 = FILL_AREA_STYLE_COLOUR ( '', #3690 ) ;
#5554 = CARTESIAN_POINT ( 'NONE',  ( 2.109999999999999432, 0.1823257994792188419, -2.542325799479218773 ) ) ;
#5555 = VECTOR ( 'NONE', #2755, 1000.000000000000000 ) ;
#5556 = FILL_AREA_STYLE ('',( #87 ) ) ;
#5557 = CARTESIAN_POINT ( 'NONE',  ( -0.4300000000000007150, 0.6426742005207811692, 2.459999999999999964 ) ) ;
#5558 = VERTEX_POINT ( 'NONE', #232 ) ;
#5559 =( LENGTH_UNIT ( ) NAMED_UNIT ( * ) SI_UNIT ( .MILLI., .METRE. ) );
#5560 =( LENGTH_UNIT ( ) NAMED_UNIT ( * ) SI_UNIT ( .MILLI., .METRE. ) );
#5561 = VERTEX_POINT ( 'NONE', #6414 ) ;
#5562 = FACE_OUTER_BOUND ( 'NONE', #5443, .T. ) ;
#5563 = SURFACE_STYLE_FILL_AREA ( #4563 ) ;
#5564 = ORIENTED_EDGE ( 'NONE', *, *, #2341, .F. ) ;
#5565 = ADVANCED_FACE ( 'NONE', ( #6630 ), #8981, .T. ) ;
#5566 =( LENGTH_UNIT ( ) NAMED_UNIT ( * ) SI_UNIT ( .MILLI., .METRE. ) );
#5567 = ADVANCED_FACE ( 'NONE', ( #9295 ), #7674, .F. ) ;
#5568 = DIRECTION ( 'NONE',  ( 0.000000000000000000, 0.000000000000000000, -1.000000000000000000 ) ) ;
#5569 = CARTESIAN_POINT ( 'NONE',  ( -0.8400000000000005240, 0.1000000000000000056, -2.542325799479218773 ) ) ;
#5570 = COLOUR_RGB ( '',0.7529411764705882248, 0.7529411764705882248, 0.7529411764705882248 ) ;
#5571 = LINE ( 'NONE', #7, #9600 ) ;
#5572 = VERTEX_POINT ( 'NONE', #3693 ) ;
#5573 =( NAMED_UNIT ( * ) SI_UNIT ( $, .STERADIAN. ) SOLID_ANGLE_UNIT ( ) );
#5574 = VERTEX_POINT ( 'NONE', #9189 ) ;
#5575 = PRESENTATION_STYLE_ASSIGNMENT (( #7843 ) ) ;
#5576 = LINE ( 'NONE', #8753, #2614 ) ;
#5577 = CARTESIAN_POINT ( 'NONE',  ( -2.970000000000000639, 0.6426742005207811692, -2.459999999999999964 ) ) ;
#5578 = DIRECTION ( 'NONE',  ( 0.000000000000000000, 0.000000000000000000, 1.000000000000000000 ) ) ;
#5579 = ORIENTED_EDGE ( 'NONE', *, *, #6266, .F. ) ;
#5580 = EDGE_LOOP ( 'NONE', ( #7571, #8904, #10317, #6836 ) ) ;
#5581 = LINE ( 'NONE', #1536, #9847 ) ;
#5582 = LINE ( 'NONE', #30, #7866 ) ;
#5583 = CARTESIAN_POINT ( 'NONE',  ( -1.700000000000001066, 0.6426742005207811692, 2.260000000000000231 ) ) ;
#5584 = CARTESIAN_POINT ( 'NONE',  ( -2.970000000000000639, 0.1823257994792188419, -2.542325799479218773 ) ) ;
#5585 = ADVANCED_FACE ( 'NONE', ( #2842 ), #5107, .F. ) ;
#5586 = LINE ( 'NONE', #1642, #6108 ) ;
#5587 =( NAMED_UNIT ( * ) SI_UNIT ( $, .STERADIAN. ) SOLID_ANGLE_UNIT ( ) );
#5588 =( NAMED_UNIT ( * ) PLANE_ANGLE_UNIT ( ) SI_UNIT ( $, .RADIAN. ) );
#5589 = VERTEX_POINT ( 'NONE', #7519 ) ;
#5590 = ORIENTED_EDGE ( 'NONE', *, *, #7343, .F. ) ;
#5591 = DIRECTION ( 'NONE',  ( 0.000000000000000000, -1.000000000000000000, 0.000000000000000000 ) ) ;
#5592 = DIRECTION ( 'NONE',  ( 1.000000000000000000, 0.000000000000000000, -0.000000000000000000 ) ) ;
#5593 = SURFACE_STYLE_USAGE ( .BOTH. , #4236 ) ;
#5594 = EDGE_CURVE ( 'NONE', #6795, #6009, #341, .T. ) ;
#5595 = DIRECTION ( 'NONE',  ( 0.000000000000000000, 0.000000000000000000, 1.000000000000000000 ) ) ;
#5596 = EDGE_CURVE ( 'NONE', #6246, #5589, #776, .T. ) ;
#5597 = ORIENTED_EDGE ( 'NONE', *, *, #5714, .T. ) ;
#5598 = FILL_AREA_STYLE_COLOUR ( '', #7522 ) ;
#5599 = FACE_BOUND ( 'NONE', #2179, .T. ) ;
#5600 =( NAMED_UNIT ( * ) SI_UNIT ( $, .STERADIAN. ) SOLID_ANGLE_UNIT ( ) );
#5601 = VECTOR ( 'NONE', #4095, 1000.000000000000000 ) ;
#5602 = VERTEX_POINT ( 'NONE', #10293 ) ;
#5603 = DIRECTION ( 'NONE',  ( -1.000000000000000000, 0.000000000000000000, -0.000000000000000000 ) ) ;
#5604 = PRESENTATION_LAYER_ASSIGNMENT (  '', '', ( #9325 ) ) ;
#5605 = CARTESIAN_POINT ( 'NONE',  ( 3.379999999999999449, 0.1823257994792188419, 2.459999999999999964 ) ) ;
#5606 =( GEOMETRIC_REPRESENTATION_CONTEXT ( 3 ) GLOBAL_UNCERTAINTY_ASSIGNED_CONTEXT ( ( #878 ) ) GLOBAL_UNIT_ASSIGNED_CONTEXT ( ( #2726, #1028, #7503 ) ) REPRESENTATION_CONTEXT ( 'NONE', 'WORKASPACE' ) );
#5607 = FILL_AREA_STYLE ('',( #5747 ) ) ;
#5608 = DIRECTION ( 'NONE',  ( 0.000000000000000000, 0.000000000000000000, 1.000000000000000000 ) ) ;
#5609 = DIRECTION ( 'NONE',  ( -1.000000000000000000, 0.000000000000000000, 0.000000000000000000 ) ) ;
#5610 = AXIS2_PLACEMENT_3D ( 'NONE', #1261, #9357, #3653 ) ;
#5611 =( LENGTH_UNIT ( ) NAMED_UNIT ( * ) SI_UNIT ( .MILLI., .METRE. ) );
#5612 = ORIENTED_EDGE ( 'NONE', *, *, #7171, .T. ) ;
#5613 = DIRECTION ( 'NONE',  ( 0.000000000000000000, 0.000000000000000000, -1.000000000000000000 ) ) ;
#5614 = ORIENTED_EDGE ( 'NONE', *, *, #7241, .F. ) ;
#5615 = ADVANCED_FACE ( 'NONE', ( #6151 ), #2370, .F. ) ;
#5616 = COLOUR_RGB ( '',0.7529411764705882248, 0.7529411764705882248, 0.7529411764705882248 ) ;
#5617 = DIRECTION ( 'NONE',  ( 0.000000000000000000, -0.000000000000000000, -1.000000000000000000 ) ) ;
#5618 = UNCERTAINTY_MEASURE_WITH_UNIT (LENGTH_MEASURE( 1.000000000000000082E-05 ), #5975, 'distance_accuracy_value', 'NONE');
#5619 = VECTOR ( 'NONE', #7167, 1000.000000000000000 ) ;
#5620 = VECTOR ( 'NONE', #6659, 1000.000000000000000 ) ;
#5621 =( NAMED_UNIT ( * ) SI_UNIT ( $, .STERADIAN. ) SOLID_ANGLE_UNIT ( ) );
#5622 = DIRECTION ( 'NONE',  ( -1.000000000000000000, -0.000000000000000000, -0.000000000000000000 ) ) ;
#5623 = PLANE ( 'NONE',  #9382 ) ;
#5624 = VERTEX_POINT ( 'NONE', #6198 ) ;
#5625 = ORIENTED_EDGE ( 'NONE', *, *, #7869, .T. ) ;
#5626 = UNCERTAINTY_MEASURE_WITH_UNIT (LENGTH_MEASURE( 1.000000000000000082E-05 ), #9443, 'distance_accuracy_value', 'NONE');
#5627 = PRESENTATION_LAYER_ASSIGNMENT (  '', '', ( #433 ) ) ;
#5628 = EDGE_CURVE ( 'NONE', #4087, #6795, #2212, .T. ) ;
#5629 = DIRECTION ( 'NONE',  ( -1.000000000000000000, 0.000000000000000000, 0.000000000000000000 ) ) ;
#5630 = FILL_AREA_STYLE ('',( #6408 ) ) ;
#5631 = PRESENTATION_LAYER_ASSIGNMENT (  '', '', ( #2112 ) ) ;
#5632 = CARTESIAN_POINT ( 'NONE',  ( -0.4300000000000007150, 0.1000000000000000056, -3.000000000000000000 ) ) ;
#5633 = VECTOR ( 'NONE', #9010, 1000.000000000000000 ) ;
#5634 = CYLINDRICAL_SURFACE ( 'NONE', #4783, 0.2823257994792188752 ) ;
#5635 = VECTOR ( 'NONE', #1844, 1000.000000000000000 ) ;
#5636 = CARTESIAN_POINT ( 'NONE',  ( -1.700000000000001066, 0.6426742005207811692, -2.459999999999999964 ) ) ;
#5637 = SURFACE_STYLE_FILL_AREA ( #2592 ) ;
#5638 = COLOUR_RGB ( '',0.7529411764705882248, 0.7529411764705882248, 0.7529411764705882248 ) ;
#5639 = ORIENTED_EDGE ( 'NONE', *, *, #3413, .F. ) ;
#5640 = EDGE_CURVE ( 'NONE', #10169, #2540, #8026, .T. ) ;
#5641 = COLOUR_RGB ( '',0.7529411764705882248, 0.7529411764705882248, 0.7529411764705882248 ) ;
#5642 = LINE ( 'NONE', #2595, #907 ) ;
#5643 = LINE ( 'NONE', #3185, #7525 ) ;
#5644 = LINE ( 'NONE', #9780, #4627 ) ;
#5645 = CARTESIAN_POINT ( 'NONE',  ( -5.000000000000000888, 0.7000000000000166089, -2.000000000000000000 ) ) ;
#5646 =( GEOMETRIC_REPRESENTATION_CONTEXT ( 3 ) GLOBAL_UNCERTAINTY_ASSIGNED_CONTEXT ( ( #7844 ) ) GLOBAL_UNIT_ASSIGNED_CONTEXT ( ( #2788, #4329, #4871 ) ) REPRESENTATION_CONTEXT ( 'NONE', 'WORKASPACE' ) );
#5647 = SURFACE_SIDE_STYLE ('',( #2504 ) ) ;
#5648 = CARTESIAN_POINT ( 'NONE',  ( -2.970000000000000639, 0.1823257994792188419, -2.459999999999999964 ) ) ;
#5649 = FILL_AREA_STYLE_COLOUR ( '', #8495 ) ;
#5650 = VECTOR ( 'NONE', #5227, 1000.000000000000000 ) ;
#5651 = ORIENTED_EDGE ( 'NONE', *, *, #4193, .T. ) ;
#5652 = COLOUR_RGB ( '',0.7529411764705882248, 0.7529411764705882248, 0.7529411764705882248 ) ;
#5653 = SURFACE_STYLE_USAGE ( .BOTH. , #6328 ) ;
#5654 = ORIENTED_EDGE ( 'NONE', *, *, #8090, .F. ) ;
#5655 = DIRECTION ( 'NONE',  ( 0.000000000000000000, 0.000000000000000000, 1.000000000000000000 ) ) ;
#5656 = EDGE_CURVE ( 'NONE', #5214, #3020, #8802, .T. ) ;
#5657 = CARTESIAN_POINT ( 'NONE',  ( 2.969999999999999751, 0.6426742005207811692, 2.177674200520781422 ) ) ;
#5658 = SURFACE_STYLE_FILL_AREA ( #2453 ) ;
#5659 = COLOUR_RGB ( '',0.7529411764705882248, 0.7529411764705882248, 0.7529411764705882248 ) ;
#5660 = FACE_OUTER_BOUND ( 'NONE', #10185, .T. ) ;
#5661 = DIRECTION ( 'NONE',  ( -0.000000000000000000, 1.000000000000000000, 0.000000000000000000 ) ) ;
#5662 = CARTESIAN_POINT ( 'NONE',  ( -0.8400000000000005240, 0.7249999999999998668, -2.177674200520781422 ) ) ;
#5663 = PRESENTATION_STYLE_ASSIGNMENT (( #163 ) ) ;
#5664 =( LENGTH_UNIT ( ) NAMED_UNIT ( * ) SI_UNIT ( .MILLI., .METRE. ) );
#5665 = SURFACE_STYLE_FILL_AREA ( #9060 ) ;
#5666 = FILL_AREA_STYLE ('',( #54 ) ) ;
#5667 = PRESENTATION_STYLE_ASSIGNMENT (( #4101 ) ) ;
#5668 = AXIS2_PLACEMENT_3D ( 'NONE', #6245, #3107, #1305 ) ;
#5669 = CARTESIAN_POINT ( 'NONE',  ( 2.969999999999999751, 0.1823257994792188419, -2.459999999999999964 ) ) ;
#5670 = ORIENTED_EDGE ( 'NONE', *, *, #2554, .F. ) ;
#5671 = EDGE_CURVE ( 'NONE', #9616, #531, #7963, .T. ) ;
#5672 = DIRECTION ( 'NONE',  ( 1.000000000000000000, 0.000000000000000000, 0.000000000000000000 ) ) ;
#5673 = EDGE_CURVE ( 'NONE', #9559, #6998, #634, .T. ) ;
#5674 = MECHANICAL_DESIGN_GEOMETRIC_PRESENTATION_REPRESENTATION (  '', ( #9072 ), #3834 ) ;
#5675 = CARTESIAN_POINT ( 'NONE',  ( 1.699999999999999734, 0.7249999999999998668, 2.177674200520781422 ) ) ;
#5676 = DIRECTION ( 'NONE',  ( -1.000000000000000000, -0.000000000000000000, -0.000000000000000000 ) ) ;
#5677 = ORIENTED_EDGE ( 'NONE', *, *, #8311, .T. ) ;
#5678 = ORIENTED_EDGE ( 'NONE', *, *, #7176, .F. ) ;
#5679 = DIRECTION ( 'NONE',  ( 0.000000000000000000, -0.000000000000000000, -1.000000000000000000 ) ) ;
#5680 = VERTEX_POINT ( 'NONE', #6298 ) ;
#5681 = FACE_OUTER_BOUND ( 'NONE', #3823, .T. ) ;
#5682 = COLOUR_RGB ( '',0.7529411764705882248, 0.7529411764705882248, 0.7529411764705882248 ) ;
#5683 =( NAMED_UNIT ( * ) SI_UNIT ( $, .STERADIAN. ) SOLID_ANGLE_UNIT ( ) );
#5684 = SURFACE_STYLE_FILL_AREA ( #228 ) ;
#5685 = FILL_AREA_STYLE ('',( #3229 ) ) ;
#5686 = PLANE ( 'NONE',  #2146 ) ;
#5687 = FILL_AREA_STYLE_COLOUR ( '', #7297 ) ;
#5688 = MECHANICAL_DESIGN_GEOMETRIC_PRESENTATION_REPRESENTATION (  '', ( #7200 ), #5018 ) ;
#5689 = CARTESIAN_POINT ( 'NONE',  ( -1.700000000000001066, -0.1000000000000000056, 2.542325799479218773 ) ) ;
#5690 = EDGE_CURVE ( 'NONE', #8025, #7168, #2460, .T. ) ;
#5691 = DIRECTION ( 'NONE',  ( 0.000000000000000000, -1.000000000000000000, 0.000000000000000000 ) ) ;
#5692 = ORIENTED_EDGE ( 'NONE', *, *, #7824, .T. ) ;
#5693 = VECTOR ( 'NONE', #6559, 1000.000000000000000 ) ;
#5694 = UNCERTAINTY_MEASURE_WITH_UNIT (LENGTH_MEASURE( 1.000000000000000082E-05 ), #9155, 'distance_accuracy_value', 'NONE');
#5695 = ORIENTED_EDGE ( 'NONE', *, *, #6573, .T. ) ;
#5696 =( NAMED_UNIT ( * ) SI_UNIT ( $, .STERADIAN. ) SOLID_ANGLE_UNIT ( ) );
#5697 = PRESENTATION_LAYER_ASSIGNMENT (  '', '', ( #9404 ) ) ;
#5698 = STYLED_ITEM ( 'NONE', ( #4663 ), #3950 ) ;
#5699 = FILL_AREA_STYLE_COLOUR ( '', #3455 ) ;
#5700 = LINE ( 'NONE', #2439, #6610 ) ;
#5701 = VECTOR ( 'NONE', #7142, 1000.000000000000000 ) ;
#5702 = EDGE_CURVE ( 'NONE', #3259, #3145, #4693, .T. ) ;
#5703 = DIRECTION ( 'NONE',  ( -1.000000000000000000, -0.000000000000000000, -0.000000000000000000 ) ) ;
#5704 = DIRECTION ( 'NONE',  ( -1.000000000000000000, 0.000000000000000000, 0.000000000000000000 ) ) ;
#5705 = ORIENTED_EDGE ( 'NONE', *, *, #4529, .T. ) ;
#5706 = ORIENTED_EDGE ( 'NONE', *, *, #4584, .F. ) ;
#5707 = DIRECTION ( 'NONE',  ( -1.000000000000000000, 0.000000000000000000, 0.000000000000000000 ) ) ;
#5708 = VECTOR ( 'NONE', #4153, 1000.000000000000000 ) ;
#5709 = DIRECTION ( 'NONE',  ( 0.000000000000000000, 0.000000000000000000, -1.000000000000000000 ) ) ;
#5710 = DIRECTION ( 'NONE',  ( 0.000000000000000000, 0.000000000000000000, -1.000000000000000000 ) ) ;
#5711 = DIRECTION ( 'NONE',  ( -0.000000000000000000, 0.000000000000000000, -1.000000000000000000 ) ) ;
#5712 = STYLED_ITEM ( 'NONE', ( #5940 ), #4342 ) ;
#5713 = FACE_OUTER_BOUND ( 'NONE', #1189, .T. ) ;
#5714 = EDGE_CURVE ( 'NONE', #577, #6299, #4639, .T. ) ;
#5715 = CARTESIAN_POINT ( 'NONE',  ( 3.379999999999999449, 0.9249999999999998224, -2.177674200520781422 ) ) ;
#5716 = DIRECTION ( 'NONE',  ( 0.000000000000000000, 0.000000000000000000, -1.000000000000000000 ) ) ;
#5717 = PRESENTATION_STYLE_ASSIGNMENT (( #4889 ) ) ;
#5718 = SURFACE_STYLE_FILL_AREA ( #828 ) ;
#5719 = CARTESIAN_POINT ( 'NONE',  ( -2.970000000000000639, 0.1823257994792188419, -2.542325799479218773 ) ) ;
#5720 = ORIENTED_EDGE ( 'NONE', *, *, #7637, .T. ) ;
#5721 = CARTESIAN_POINT ( 'NONE',  ( -4.240000000000001101, 0.9249999999999998224, -2.177674200520781422 ) ) ;
#5722 = UNCERTAINTY_MEASURE_WITH_UNIT (LENGTH_MEASURE( 1.000000000000000082E-05 ), #6335, 'distance_accuracy_value', 'NONE');
#5723 = DIRECTION ( 'NONE',  ( -1.000000000000000000, -0.000000000000000000, -0.000000000000000000 ) ) ;
#5724 = EDGE_CURVE ( 'NONE', #9572, #3346, #4483, .T. ) ;
#5725 = FILL_AREA_STYLE_COLOUR ( '', #1394 ) ;
#5726 = FILL_AREA_STYLE_COLOUR ( '', #989 ) ;
#5727 = FILL_AREA_STYLE ('',( #6566 ) ) ;
#5728 = SURFACE_STYLE_FILL_AREA ( #6616 ) ;
#5729 = ORIENTED_EDGE ( 'NONE', *, *, #6083, .F. ) ;
#5730 = DIRECTION ( 'NONE',  ( 0.000000000000000000, -1.000000000000000000, 0.000000000000000000 ) ) ;
#5731 = EDGE_LOOP ( 'NONE', ( #1, #2180, #2803, #8595 ) ) ;
#5732 = UNCERTAINTY_MEASURE_WITH_UNIT (LENGTH_MEASURE( 1.000000000000000082E-05 ), #6525, 'distance_accuracy_value', 'NONE');
#5733 = CARTESIAN_POINT ( 'NONE',  ( -0.4300000000000007150, 0.6426742005207811692, 2.177674200520781422 ) ) ;
#5734 = CARTESIAN_POINT ( 'NONE',  ( 0.8399999999999996358, 0.6426742005207811692, 2.459999999999999964 ) ) ;
#5735 = DIRECTION ( 'NONE',  ( -0.000000000000000000, 0.000000000000000000, -1.000000000000000000 ) ) ;
#5736 = SURFACE_STYLE_FILL_AREA ( #2546 ) ;
#5737 = EDGE_LOOP ( 'NONE', ( #6588, #2429, #383, #10157 ) ) ;
#5738 = ADVANCED_FACE ( 'NONE', ( #7786 ), #3903, .F. ) ;
#5739 =( NAMED_UNIT ( * ) SI_UNIT ( $, .STERADIAN. ) SOLID_ANGLE_UNIT ( ) );
#5740 = CARTESIAN_POINT ( 'NONE',  ( 4.649999999999999467, 0.6426742005207811692, -2.260000000000000231 ) ) ;
#5741 = SURFACE_SIDE_STYLE ('',( #9145 ) ) ;
#5742 = LINE ( 'NONE', #858, #1994 ) ;
#5743 = ORIENTED_EDGE ( 'NONE', *, *, #5226, .T. ) ;
#5744 = DIRECTION ( 'NONE',  ( 1.000000000000000000, 0.000000000000000000, 0.000000000000000000 ) ) ;
#5745 = ORIENTED_EDGE ( 'NONE', *, *, #6379, .F. ) ;
#5746 = FACE_OUTER_BOUND ( 'NONE', #9772, .T. ) ;
#5747 = FILL_AREA_STYLE_COLOUR ( '', #6530 ) ;
#5748 = EDGE_CURVE ( 'NONE', #519, #7819, #21, .T. ) ;
#5749 =( LENGTH_UNIT ( ) NAMED_UNIT ( * ) SI_UNIT ( .MILLI., .METRE. ) );
#5750 = CARTESIAN_POINT ( 'NONE',  ( 4.821641889396032887, 1.961519110049632753, -1.821641889396033775 ) ) ;
#5751 = CARTESIAN_POINT ( 'NONE',  ( -2.110000000000000764, 0.1823257994792188696, 2.259999999999999787 ) ) ;
#5752 = PRESENTATION_LAYER_ASSIGNMENT (  '', '', ( #3417 ) ) ;
#5753 = SURFACE_STYLE_USAGE ( .BOTH. , #9214 ) ;
#5754 = LINE ( 'NONE', #9005, #5857 ) ;
#5755 =( GEOMETRIC_REPRESENTATION_CONTEXT ( 3 ) GLOBAL_UNCERTAINTY_ASSIGNED_CONTEXT ( ( #5520 ) ) GLOBAL_UNIT_ASSIGNED_CONTEXT ( ( #3734, #6053, #5257 ) ) REPRESENTATION_CONTEXT ( 'NONE', 'WORKASPACE' ) );
#5756 = CARTESIAN_POINT ( 'NONE',  ( 4.240000000000000213, 0.6426742005207811692, 2.177674200520781422 ) ) ;
#5757 = CIRCLE ( 'NONE', #3932, 0.08232579947921878083 ) ;
#5758 = DIRECTION ( 'NONE',  ( -1.000000000000000000, -0.000000000000000000, -0.000000000000000000 ) ) ;
#5759 = DIRECTION ( 'NONE',  ( -1.000000000000000000, 0.000000000000000000, -0.000000000000000000 ) ) ;
#5760 = ORIENTED_EDGE ( 'NONE', *, *, #6277, .F. ) ;
#5761 =( NAMED_UNIT ( * ) PLANE_ANGLE_UNIT ( ) SI_UNIT ( $, .RADIAN. ) );
#5762 = EDGE_CURVE ( 'NONE', #2350, #2248, #9852, .T. ) ;
#5763 = AXIS2_PLACEMENT_3D ( 'NONE', #4241, #8294, #4288 ) ;
#5764 = LINE ( 'NONE', #3528, #1872 ) ;
#5765 = VECTOR ( 'NONE', #7899, 1000.000000000000000 ) ;
#5766 = LINE ( 'NONE', #7412, #3691 ) ;
#5767 = DIRECTION ( 'NONE',  ( -1.000000000000000000, -0.000000000000000000, -0.000000000000000000 ) ) ;
#5768 = ORIENTED_EDGE ( 'NONE', *, *, #1195, .T. ) ;
#5769 = CIRCLE ( 'NONE', #8317, 0.08232579947921878083 ) ;
#5770 = STYLED_ITEM ( 'NONE', ( #4857 ), #452 ) ;
#5771 = ORIENTED_EDGE ( 'NONE', *, *, #2898, .F. ) ;
#5772 = EDGE_LOOP ( 'NONE', ( #7943, #5484, #9418, #5768 ) ) ;
#5773 = VECTOR ( 'NONE', #5205, 1000.000000000000000 ) ;
#5774 = VECTOR ( 'NONE', #488, 1000.000000000000000 ) ;
#5775 = EDGE_CURVE ( 'NONE', #2686, #1010, #6567, .T. ) ;
#5776 = SURFACE_STYLE_USAGE ( .BOTH. , #4183 ) ;
#5777 = EDGE_CURVE ( 'NONE', #7082, #616, #4948, .T. ) ;
#5778 = STYLED_ITEM ( 'NONE', ( #8627 ), #5013 ) ;
#5779 = PLANE ( 'NONE',  #8542 ) ;
#5780 = DIRECTION ( 'NONE',  ( -1.000000000000000000, -0.000000000000000000, -0.000000000000000000 ) ) ;
#5781 =( LENGTH_UNIT ( ) NAMED_UNIT ( * ) SI_UNIT ( .MILLI., .METRE. ) );
#5782 = AXIS2_PLACEMENT_3D ( 'NONE', #9719, #8092, #7325 ) ;
#5783 =( GEOMETRIC_REPRESENTATION_CONTEXT ( 3 ) GLOBAL_UNCERTAINTY_ASSIGNED_CONTEXT ( ( #1526 ) ) GLOBAL_UNIT_ASSIGNED_CONTEXT ( ( #5122, #4550, #355 ) ) REPRESENTATION_CONTEXT ( 'NONE', 'WORKASPACE' ) );
#5784 = SURFACE_STYLE_USAGE ( .BOTH. , #5060 ) ;
#5785 = VERTEX_POINT ( 'NONE', #4178 ) ;
#5786 = UNCERTAINTY_MEASURE_WITH_UNIT (LENGTH_MEASURE( 1.000000000000000082E-05 ), #8378, 'distance_accuracy_value', 'NONE');
#5787 = ORIENTED_EDGE ( 'NONE', *, *, #7409, .T. ) ;
#5788 = ADVANCED_FACE ( 'NONE', ( #3415 ), #2628, .F. ) ;
#5789 = FILL_AREA_STYLE_COLOUR ( '', #9835 ) ;
#5790 = MECHANICAL_DESIGN_GEOMETRIC_PRESENTATION_REPRESENTATION (  '', ( #8178 ), #8854 ) ;
#5791 = MECHANICAL_DESIGN_GEOMETRIC_PRESENTATION_REPRESENTATION (  '', ( #10379 ), #5799 ) ;
#5792 = COLOUR_RGB ( '',0.7529411764705882248, 0.7529411764705882248, 0.7529411764705882248 ) ;
#5793 = VERTEX_POINT ( 'NONE', #1842 ) ;
#5794 = DIRECTION ( 'NONE',  ( 0.000000000000000000, 0.000000000000000000, -1.000000000000000000 ) ) ;
#5795 = CARTESIAN_POINT ( 'NONE',  ( -0.8400000000000005240, 0.1000000000000000056, -3.000000000000000000 ) ) ;
#5796 = EDGE_CURVE ( 'NONE', #9823, #9150, #784, .T. ) ;
#5797 = CARTESIAN_POINT ( 'NONE',  ( -1.700000000000001066, 0.1000000000000000056, -3.000000000000000000 ) ) ;
#5798 = LINE ( 'NONE', #3392, #7995 ) ;
#5799 =( GEOMETRIC_REPRESENTATION_CONTEXT ( 3 ) GLOBAL_UNCERTAINTY_ASSIGNED_CONTEXT ( ( #10147 ) ) GLOBAL_UNIT_ASSIGNED_CONTEXT ( ( #3539, #6777, #6837 ) ) REPRESENTATION_CONTEXT ( 'NONE', 'WORKASPACE' ) );
#5800 = AXIS2_PLACEMENT_3D ( 'NONE', #3568, #7402, #6759 ) ;
#5801 = FACE_OUTER_BOUND ( 'NONE', #6729, .T. ) ;
#5802 = ORIENTED_EDGE ( 'NONE', *, *, #9637, .F. ) ;
#5803 = LINE ( 'NONE', #4396, #3802 ) ;
#5804 = CIRCLE ( 'NONE', #7159, 0.08232579947921878083 ) ;
#5805 = MECHANICAL_DESIGN_GEOMETRIC_PRESENTATION_REPRESENTATION (  '', ( #5487 ), #6979 ) ;
#5806 = ADVANCED_FACE ( 'NONE', ( #2480 ), #5623, .T. ) ;
#5807 = DIRECTION ( 'NONE',  ( -0.1710878697460334052, 0.9702875252478146972, 0.1710878697460334052 ) ) ;
#5808 = AXIS2_PLACEMENT_3D ( 'NONE', #4076, #9716, #9773 ) ;
#5809 = CARTESIAN_POINT ( 'NONE',  ( -3.380000000000000338, 0.6426742005207811692, -2.459999999999999964 ) ) ;
#5810 = VECTOR ( 'NONE', #5767, 1000.000000000000000 ) ;
#5811 = CARTESIAN_POINT ( 'NONE',  ( -4.650000000000000355, 0.1823257994792188419, -2.542325799479218773 ) ) ;
#5812 = FACE_OUTER_BOUND ( 'NONE', #7108, .T. ) ;
#5813 = FACE_OUTER_BOUND ( 'NONE', #10426, .T. ) ;
#5814 = DIRECTION ( 'NONE',  ( 0.000000000000000000, 0.000000000000000000, 1.000000000000000000 ) ) ;
#5815 = EDGE_CURVE ( 'NONE', #3727, #3902, #3475, .T. ) ;
#5816 = CARTESIAN_POINT ( 'NONE',  ( 2.969999999999999751, 0.9249999999999998224, -2.177674200520781422 ) ) ;
#5817 = DIRECTION ( 'NONE',  ( 0.000000000000000000, 0.000000000000000000, 1.000000000000000000 ) ) ;
#5818 = MECHANICAL_DESIGN_GEOMETRIC_PRESENTATION_REPRESENTATION (  '', ( #10047 ), #7609 ) ;
#5819 = FILL_AREA_STYLE ('',( #4937 ) ) ;
#5820 = ORIENTED_EDGE ( 'NONE', *, *, #2455, .F. ) ;
#5821 = AXIS2_PLACEMENT_3D ( 'NONE', #5117, #292, #9779 ) ;
#5822 = MECHANICAL_DESIGN_GEOMETRIC_PRESENTATION_REPRESENTATION (  '', ( #10061 ), #6003 ) ;
#5823 = CARTESIAN_POINT ( 'NONE',  ( -4.876571113504074795, 0.000000000000000000, -1.876571113504073907 ) ) ;
#5824 = PRESENTATION_LAYER_ASSIGNMENT (  '', '', ( #7173 ) ) ;
#5825 =( LENGTH_UNIT ( ) NAMED_UNIT ( * ) SI_UNIT ( .MILLI., .METRE. ) );
#5826 = SURFACE_STYLE_FILL_AREA ( #6762 ) ;
#5827 = DIRECTION ( 'NONE',  ( -1.000000000000000000, -0.000000000000000000, -0.000000000000000000 ) ) ;
#5828 = LINE ( 'NONE', #6768, #1924 ) ;
#5829 = MECHANICAL_DESIGN_GEOMETRIC_PRESENTATION_REPRESENTATION (  '', ( #9915 ), #8888 ) ;
#5830 = EDGE_CURVE ( 'NONE', #7182, #10169, #6828, .T. ) ;
#5831 = ORIENTED_EDGE ( 'NONE', *, *, #7757, .F. ) ;
#5832 = SURFACE_SIDE_STYLE ('',( #1795 ) ) ;
#5833 = VERTEX_POINT ( 'NONE', #1134 ) ;
#5834 = VERTEX_POINT ( 'NONE', #7602 ) ;
#5835 = DIRECTION ( 'NONE',  ( -0.000000000000000000, 0.000000000000000000, -1.000000000000000000 ) ) ;
#5836 = VECTOR ( 'NONE', #6913, 1000.000000000000000 ) ;
#5837 = FACE_OUTER_BOUND ( 'NONE', #6737, .T. ) ;
#5838 =( LENGTH_UNIT ( ) NAMED_UNIT ( * ) SI_UNIT ( .MILLI., .METRE. ) );
#5839 = DIRECTION ( 'NONE',  ( 0.000000000000000000, 0.000000000000000000, -1.000000000000000000 ) ) ;
#5840 = EDGE_CURVE ( 'NONE', #3765, #3741, #3579, .T. ) ;
#5841 = DIRECTION ( 'NONE',  ( 0.000000000000000000, 0.000000000000000000, -1.000000000000000000 ) ) ;
#5842 = ORIENTED_EDGE ( 'NONE', *, *, #5432, .F. ) ;
#5843 = AXIS2_PLACEMENT_3D ( 'NONE', #2396, #6389, #9791 ) ;
#5844 = VECTOR ( 'NONE', #9043, 1000.000000000000000 ) ;
#5845 = ORIENTED_EDGE ( 'NONE', *, *, #9665, .T. ) ;
#5846 = COLOUR_RGB ( '',0.7529411764705882248, 0.7529411764705882248, 0.7529411764705882248 ) ;
#5847 = ORIENTED_EDGE ( 'NONE', *, *, #6701, .T. ) ;
#5848 = CIRCLE ( 'NONE', #2667, 0.08232579947921878083 ) ;
#5849 = COLOUR_RGB ( '',0.7529411764705882248, 0.7529411764705882248, 0.7529411764705882248 ) ;
#5850 = EDGE_LOOP ( 'NONE', ( #4343, #4746, #8821, #10043 ) ) ;
#5851 = DIRECTION ( 'NONE',  ( -1.000000000000000000, -0.000000000000000000, -0.000000000000000000 ) ) ;
#5852 = ADVANCED_FACE ( 'NONE', ( #5207 ), #6770, .T. ) ;
#5853 = CARTESIAN_POINT ( 'NONE',  ( -2.110000000000000764, 0.1823257994792188419, -2.459999999999999964 ) ) ;
#5854 = ORIENTED_EDGE ( 'NONE', *, *, #7087, .F. ) ;
#5855 = ADVANCED_FACE ( 'NONE', ( #7506 ), #2885, .T. ) ;
#5856 = CARTESIAN_POINT ( 'NONE',  ( 0.8399999999999996358, 0.1000000000000000056, -2.542325799479218773 ) ) ;
#5857 = VECTOR ( 'NONE', #5868, 1000.000000000000000 ) ;
#5858 = VERTEX_POINT ( 'NONE', #1294 ) ;
#5859 = PRESENTATION_LAYER_ASSIGNMENT (  '', '', ( #5698 ) ) ;
#5860 = FILL_AREA_STYLE ('',( #6650 ) ) ;
#5861 = CARTESIAN_POINT ( 'NONE',  ( -2.110000000000000764, 0.9250000000000000444, -2.000000000000000000 ) ) ;
#5862 = SURFACE_STYLE_FILL_AREA ( #3803 ) ;
#5863 = LINE ( 'NONE', #159, #8425 ) ;
#5864 = VECTOR ( 'NONE', #5427, 1000.000000000000000 ) ;
#5865 = CARTESIAN_POINT ( 'NONE',  ( 4.240000000000000213, 0.6426742005207811692, 2.459999999999999964 ) ) ;
#5866 =( NAMED_UNIT ( * ) SI_UNIT ( $, .STERADIAN. ) SOLID_ANGLE_UNIT ( ) );
#5867 = CARTESIAN_POINT ( 'NONE',  ( -2.970000000000000639, -0.1000000000000000056, -2.542325799479218773 ) ) ;
#5868 = DIRECTION ( 'NONE',  ( 0.000000000000000000, 0.000000000000000000, 1.000000000000000000 ) ) ;
#5869 = LINE ( 'NONE', #3354, #1987 ) ;
#5870 = VECTOR ( 'NONE', #9277, 1000.000000000000000 ) ;
#5871 = EDGE_LOOP ( 'NONE', ( #25, #3445, #9175, #4085 ) ) ;
#5872 = CARTESIAN_POINT ( 'NONE',  ( 4.649999999999999467, 0.9249999999999998224, 2.177674200520781422 ) ) ;
#5873 = VECTOR ( 'NONE', #3643, 1000.000000000000000 ) ;
#5874 = CARTESIAN_POINT ( 'NONE',  ( -0.8400000000000005240, 0.1000000000000000056, 3.000000000000000000 ) ) ;
#5875 = PRESENTATION_STYLE_ASSIGNMENT (( #1120 ) ) ;
#5876 = ADVANCED_FACE ( 'NONE', ( #523 ), #7953, .F. ) ;
#5877 = EDGE_CURVE ( 'NONE', #5858, #1966, #4665, .T. ) ;
#5878 = AXIS2_PLACEMENT_3D ( 'NONE', #2405, #3215, #5617 ) ;
#5879 = ORIENTED_EDGE ( 'NONE', *, *, #9557, .T. ) ;
#5880 = FILL_AREA_STYLE_COLOUR ( '', #487 ) ;
#5881 = VECTOR ( 'NONE', #10111, 1000.000000000000000 ) ;
#5882 = CARTESIAN_POINT ( 'NONE',  ( -1.700000000000001066, -0.1000000000000000056, 2.542325799479218773 ) ) ;
#5883 = AXIS2_PLACEMENT_3D ( 'NONE', #7950, #3938, #3150 ) ;
#5884 = DIRECTION ( 'NONE',  ( 0.000000000000000000, 0.000000000000000000, 1.000000000000000000 ) ) ;
#5885 = ORIENTED_EDGE ( 'NONE', *, *, #2524, .F. ) ;
#5886 = PRESENTATION_LAYER_ASSIGNMENT (  '', '', ( #4552 ) ) ;
#5887 = SURFACE_STYLE_USAGE ( .BOTH. , #5832 ) ;
#5888 = ORIENTED_EDGE ( 'NONE', *, *, #10140, .F. ) ;
#5889 = VERTEX_POINT ( 'NONE', #4735 ) ;
#5890 = FACE_OUTER_BOUND ( 'NONE', #1095, .T. ) ;
#5891 = EDGE_CURVE ( 'NONE', #3346, #3477, #6135, .T. ) ;
#5892 = AXIS2_PLACEMENT_3D ( 'NONE', #5962, #10042, #450 ) ;
#5893 = CARTESIAN_POINT ( 'NONE',  ( 0.8399999999999996358, 0.6426742005207811692, -2.177674200520781422 ) ) ;
#5894 = ORIENTED_EDGE ( 'NONE', *, *, #716, .F. ) ;
#5895 = LINE ( 'NONE', #8946, #7626 ) ;
#5896 = PRESENTATION_STYLE_ASSIGNMENT (( #7326 ) ) ;
#5897 = ADVANCED_FACE ( 'NONE', ( #3893 ), #7901, .T. ) ;
#5898 = SURFACE_STYLE_FILL_AREA ( #4136 ) ;
#5899 = FILL_AREA_STYLE_COLOUR ( '', #4962 ) ;
#5900 = PLANE ( 'NONE',  #735 ) ;
#5901 = FACE_OUTER_BOUND ( 'NONE', #7032, .T. ) ;
#5902 =( NAMED_UNIT ( * ) PLANE_ANGLE_UNIT ( ) SI_UNIT ( $, .RADIAN. ) );
#5903 = ORIENTED_EDGE ( 'NONE', *, *, #2088, .T. ) ;
#5904 = ORIENTED_EDGE ( 'NONE', *, *, #9665, .F. ) ;
#5905 =( NAMED_UNIT ( * ) SI_UNIT ( $, .STERADIAN. ) SOLID_ANGLE_UNIT ( ) );
#5906 = LINE ( 'NONE', #1765, #1848 ) ;
#5907 = CARTESIAN_POINT ( 'NONE',  ( -4.240000000000001101, 0.9250000000000000444, -2.000000000000000000 ) ) ;
#5908 = ADVANCED_FACE ( 'NONE', ( #2311 ), #3154, .F. ) ;
#5909 =( NAMED_UNIT ( * ) PLANE_ANGLE_UNIT ( ) SI_UNIT ( $, .RADIAN. ) );
#5910 = EDGE_CURVE ( 'NONE', #596, #9026, #8009, .T. ) ;
#5911 = FACE_OUTER_BOUND ( 'NONE', #274, .T. ) ;
#5912 = UNCERTAINTY_MEASURE_WITH_UNIT (LENGTH_MEASURE( 1.000000000000000082E-05 ), #1537, 'distance_accuracy_value', 'NONE');
#5913 = DIRECTION ( 'NONE',  ( -0.000000000000000000, 0.000000000000000000, -1.000000000000000000 ) ) ;
#5914 = DIRECTION ( 'NONE',  ( 0.000000000000000000, 0.000000000000000000, -1.000000000000000000 ) ) ;
#5915 = DIRECTION ( 'NONE',  ( 0.000000000000000000, -1.000000000000000000, 0.000000000000000000 ) ) ;
#5916 = LINE ( 'NONE', #1332, #1496 ) ;
#5917 = PRESENTATION_STYLE_ASSIGNMENT (( #6705 ) ) ;
#5918 = ORIENTED_EDGE ( 'NONE', *, *, #1981, .F. ) ;
#5919 = SURFACE_STYLE_FILL_AREA ( #6102 ) ;
#5920 = CARTESIAN_POINT ( 'NONE',  ( -0.8400000000000005240, 0.1823257994792188696, 2.259999999999999787 ) ) ;
#5921 = FACE_OUTER_BOUND ( 'NONE', #4682, .T. ) ;
#5922 = DIRECTION ( 'NONE',  ( -0.000000000000000000, 0.000000000000000000, -1.000000000000000000 ) ) ;
#5923 = ORIENTED_EDGE ( 'NONE', *, *, #8565, .F. ) ;
#5924 = CARTESIAN_POINT ( 'NONE',  ( 3.379999999999999449, 0.7249999999999999778, 2.000000000000000000 ) ) ;
#5925 = SURFACE_SIDE_STYLE ('',( #6716 ) ) ;
#5926 = SURFACE_SIDE_STYLE ('',( #5826 ) ) ;
#5927 = EDGE_CURVE ( 'NONE', #6282, #7475, #7858, .T. ) ;
#5928 = LINE ( 'NONE', #8380, #5449 ) ;
#5929 = CARTESIAN_POINT ( 'NONE',  ( 3.379999999999999449, 0.1823257994792188419, -2.542325799479218773 ) ) ;
#5930 = LINE ( 'NONE', #424, #8697 ) ;
#5931 =( NAMED_UNIT ( * ) PLANE_ANGLE_UNIT ( ) SI_UNIT ( $, .RADIAN. ) );
#5932 = ORIENTED_EDGE ( 'NONE', *, *, #6413, .F. ) ;
#5933 = SURFACE_STYLE_USAGE ( .BOTH. , #2887 ) ;
#5934 = ORIENTED_EDGE ( 'NONE', *, *, #3781, .T. ) ;
#5935 = ORIENTED_EDGE ( 'NONE', *, *, #8633, .T. ) ;
#5936 = MECHANICAL_DESIGN_GEOMETRIC_PRESENTATION_REPRESENTATION (  '', ( #9325 ), #4430 ) ;
#5937 =( NAMED_UNIT ( * ) PLANE_ANGLE_UNIT ( ) SI_UNIT ( $, .RADIAN. ) );
#5938 = AXIS2_PLACEMENT_3D ( 'NONE', #8226, #5152, #3575 ) ;
#5939 = SURFACE_SIDE_STYLE ('',( #2735 ) ) ;
#5940 = PRESENTATION_STYLE_ASSIGNMENT (( #6733 ) ) ;
#5941 = CARTESIAN_POINT ( 'NONE',  ( -4.876571113504074795, 0.000000000000000000, 1.876571113504073907 ) ) ;
#5942 =( GEOMETRIC_REPRESENTATION_CONTEXT ( 3 ) GLOBAL_UNCERTAINTY_ASSIGNED_CONTEXT ( ( #7956 ) ) GLOBAL_UNIT_ASSIGNED_CONTEXT ( ( #1366, #8506, #10195 ) ) REPRESENTATION_CONTEXT ( 'NONE', 'WORKASPACE' ) );
#5943 = LINE ( 'NONE', #10177, #3771 ) ;
#5944 = VECTOR ( 'NONE', #705, 1000.000000000000000 ) ;
#5945 = ORIENTED_EDGE ( 'NONE', *, *, #4387, .F. ) ;
#5946 = COLOUR_RGB ( '',0.2509803921568627416, 0.2509803921568627416, 0.2509803921568627416 ) ;
#5947 = CARTESIAN_POINT ( 'NONE',  ( 3.379999999999999449, 0.9250000000000000444, 2.000000000000000000 ) ) ;
#5948 = EDGE_LOOP ( 'NONE', ( #41, #8137, #3514, #1542 ) ) ;
#5949 = EDGE_CURVE ( 'NONE', #566, #9560, #6553, .T. ) ;
#5950 = CARTESIAN_POINT ( 'NONE',  ( 2.109999999999999432, 0.1000000000000000056, -2.542325799479218773 ) ) ;
#5951 = MECHANICAL_DESIGN_GEOMETRIC_PRESENTATION_REPRESENTATION (  '', ( #2421 ), #742 ) ;
#5952 = VECTOR ( 'NONE', #3275, 1000.000000000000000 ) ;
#5953 = AXIS2_PLACEMENT_3D ( 'NONE', #4655, #9414, #8617 ) ;
#5954 = VECTOR ( 'NONE', #1200, 1000.000000000000000 ) ;
#5955 = DIRECTION ( 'NONE',  ( 0.000000000000000000, 0.000000000000000000, -1.000000000000000000 ) ) ;
#5956 = SURFACE_STYLE_FILL_AREA ( #4338 ) ;
#5957 = SURFACE_SIDE_STYLE ('',( #4389 ) ) ;
#5958 =( GEOMETRIC_REPRESENTATION_CONTEXT ( 3 ) GLOBAL_UNCERTAINTY_ASSIGNED_CONTEXT ( ( #4064 ) ) GLOBAL_UNIT_ASSIGNED_CONTEXT ( ( #260, #1830, #311 ) ) REPRESENTATION_CONTEXT ( 'NONE', 'WORKASPACE' ) );
#5959 = CARTESIAN_POINT ( 'NONE',  ( 0.4299999999999998268, 0.6426742005207811692, -2.260000000000000231 ) ) ;
#5960 = EDGE_LOOP ( 'NONE', ( #2907, #9730, #8397, #1236 ) ) ;
#5961 = CIRCLE ( 'NONE', #4134, 0.2823257994792188752 ) ;
#5962 = CARTESIAN_POINT ( 'NONE',  ( 2.109999999999999432, 0.1823257994792188419, 2.542325799479218773 ) ) ;
#5963 = AXIS2_PLACEMENT_3D ( 'NONE', #6249, #5386, #2273 ) ;
#5964 = ORIENTED_EDGE ( 'NONE', *, *, #7725, .T. ) ;
#5965 = CARTESIAN_POINT ( 'NONE',  ( -4.240000000000001101, 0.6426742005207811692, -2.260000000000000231 ) ) ;
#5966 = STYLED_ITEM ( 'NONE', ( #5483 ), #5345 ) ;
#5967 = FACE_OUTER_BOUND ( 'NONE', #6257, .T. ) ;
#5968 = LINE ( 'NONE', #454, #2681 ) ;
#5969 = PRESENTATION_STYLE_ASSIGNMENT (( #5282 ) ) ;
#5970 = PLANE ( 'NONE',  #9537 ) ;
#5971 = FILL_AREA_STYLE ('',( #9991 ) ) ;
#5972 = PRESENTATION_LAYER_ASSIGNMENT (  '', '', ( #8186 ) ) ;
#5973 = SURFACE_STYLE_USAGE ( .BOTH. , #2758 ) ;
#5974 = MECHANICAL_DESIGN_GEOMETRIC_PRESENTATION_REPRESENTATION (  '', ( #2782 ), #5479 ) ;
#5975 =( LENGTH_UNIT ( ) NAMED_UNIT ( * ) SI_UNIT ( .MILLI., .METRE. ) );
#5976 = PRESENTATION_LAYER_ASSIGNMENT (  '', '', ( #116 ) ) ;
#5977 = ORIENTED_EDGE ( 'NONE', *, *, #6077, .T. ) ;
#5978 =( GEOMETRIC_REPRESENTATION_CONTEXT ( 3 ) GLOBAL_UNCERTAINTY_ASSIGNED_CONTEXT ( ( #1636 ) ) GLOBAL_UNIT_ASSIGNED_CONTEXT ( ( #3905, #2372, #7153 ) ) REPRESENTATION_CONTEXT ( 'NONE', 'WORKASPACE' ) );
#5979 = EDGE_CURVE ( 'NONE', #4593, #722, #3997, .T. ) ;
#5980 = LINE ( 'NONE', #312, #6463 ) ;
#5981 = SURFACE_SIDE_STYLE ('',( #6034 ) ) ;
#5982 = ORIENTED_EDGE ( 'NONE', *, *, #4837, .T. ) ;
#5983 = DIRECTION ( 'NONE',  ( -1.000000000000000000, -0.000000000000000000, -0.000000000000000000 ) ) ;
#5984 = VECTOR ( 'NONE', #2810, 1000.000000000000000 ) ;
#5985 = DIRECTION ( 'NONE',  ( 0.000000000000000000, -1.000000000000000000, 0.000000000000000000 ) ) ;
#5986 = MECHANICAL_DESIGN_GEOMETRIC_PRESENTATION_REPRESENTATION (  '', ( #7148 ), #9863 ) ;
#5987 =( LENGTH_UNIT ( ) NAMED_UNIT ( * ) SI_UNIT ( .MILLI., .METRE. ) );
#5988 = VECTOR ( 'NONE', #4757, 1000.000000000000000 ) ;
#5989 = DIRECTION ( 'NONE',  ( 0.000000000000000000, -1.000000000000000000, 0.000000000000000000 ) ) ;
#5990 =( GEOMETRIC_REPRESENTATION_CONTEXT ( 3 ) GLOBAL_UNCERTAINTY_ASSIGNED_CONTEXT ( ( #1738 ) ) GLOBAL_UNIT_ASSIGNED_CONTEXT ( ( #1645, #2056, #6680 ) ) REPRESENTATION_CONTEXT ( 'NONE', 'WORKASPACE' ) );
#5991 =( NAMED_UNIT ( * ) SI_UNIT ( $, .STERADIAN. ) SOLID_ANGLE_UNIT ( ) );
#5992 = CARTESIAN_POINT ( 'NONE',  ( 0.4299999999999998268, 0.6426742005207811692, -2.459999999999999964 ) ) ;
#5993 = MECHANICAL_DESIGN_GEOMETRIC_PRESENTATION_REPRESENTATION (  '', ( #6661 ), #4827 ) ;
#5994 = DIRECTION ( 'NONE',  ( -0.000000000000000000, -1.000000000000000000, -0.000000000000000000 ) ) ;
#5995 = ADVANCED_FACE ( 'NONE', ( #2466 ), #1675, .F. ) ;
#5996 = ORIENTED_EDGE ( 'NONE', *, *, #29, .T. ) ;
#5997 = STYLED_ITEM ( 'NONE', ( #3683 ), #5852 ) ;
#5998 = SURFACE_STYLE_USAGE ( .BOTH. , #10165 ) ;
#5999 = EDGE_LOOP ( 'NONE', ( #9872, #2640, #7834, #4564 ) ) ;
#6000 = VERTEX_POINT ( 'NONE', #14 ) ;
#6001 = VERTEX_POINT ( 'NONE', #9743 ) ;
#6002 = EDGE_CURVE ( 'NONE', #2733, #9607, #9552, .T. ) ;
#6003 =( GEOMETRIC_REPRESENTATION_CONTEXT ( 3 ) GLOBAL_UNCERTAINTY_ASSIGNED_CONTEXT ( ( #9541 ) ) GLOBAL_UNIT_ASSIGNED_CONTEXT ( ( #1722, #6397, #4936 ) ) REPRESENTATION_CONTEXT ( 'NONE', 'WORKASPACE' ) );
#6004 = DIRECTION ( 'NONE',  ( -1.000000000000000000, -0.000000000000000000, -0.000000000000000000 ) ) ;
#6005 = SURFACE_SIDE_STYLE ('',( #10129 ) ) ;
#6006 = PRESENTATION_STYLE_ASSIGNMENT (( #6058 ) ) ;
#6007 = VERTEX_POINT ( 'NONE', #9630 ) ;
#6008 = LINE ( 'NONE', #5264, #2438 ) ;
#6009 = VERTEX_POINT ( 'NONE', #4836 ) ;
#6010 = EDGE_CURVE ( 'NONE', #7931, #9012, #9222, .T. ) ;
#6011 = CARTESIAN_POINT ( 'NONE',  ( -2.970000000000000639, 0.6426742005207811692, 2.177674200520781422 ) ) ;
#6012 = ORIENTED_EDGE ( 'NONE', *, *, #1539, .T. ) ;
#6013 =( NAMED_UNIT ( * ) SI_UNIT ( $, .STERADIAN. ) SOLID_ANGLE_UNIT ( ) );
#6014 = AXIS2_PLACEMENT_3D ( 'NONE', #3470, #5989, #266 ) ;
#6015 = AXIS2_PLACEMENT_3D ( 'NONE', #6232, #9485, #8693 ) ;
#6016 = PRESENTATION_STYLE_ASSIGNMENT (( #3655 ) ) ;
#6017 = ORIENTED_EDGE ( 'NONE', *, *, #7824, .F. ) ;
#6018 = VERTEX_POINT ( 'NONE', #5816 ) ;
#6019 = FACE_OUTER_BOUND ( 'NONE', #608, .T. ) ;
#6020 = STYLED_ITEM ( 'NONE', ( #6274 ), #8824 ) ;
#6021 = FILL_AREA_STYLE_COLOUR ( '', #3026 ) ;
#6022 = VECTOR ( 'NONE', #5121, 1000.000000000000000 ) ;
#6023 = CARTESIAN_POINT ( 'NONE',  ( 4.649999999999999467, 0.1823257994792188696, -2.259999999999999787 ) ) ;
#6024 = PRESENTATION_LAYER_ASSIGNMENT (  '', '', ( #648 ) ) ;
#6025 = UNCERTAINTY_MEASURE_WITH_UNIT (LENGTH_MEASURE( 1.000000000000000082E-05 ), #3042, 'distance_accuracy_value', 'NONE');
#6026 = LINE ( 'NONE', #9269, #10038 ) ;
#6027 = PRESENTATION_STYLE_ASSIGNMENT (( #6119 ) ) ;
#6028 = FILL_AREA_STYLE ('',( #7758 ) ) ;
#6029 = DIRECTION ( 'NONE',  ( -1.000000000000000000, -0.000000000000000000, -0.000000000000000000 ) ) ;
#6030 = VERTEX_POINT ( 'NONE', #9837 ) ;
#6031 = COLOUR_RGB ( '',0.7529411764705882248, 0.7529411764705882248, 0.7529411764705882248 ) ;
#6032 = DIRECTION ( 'NONE',  ( -0.000000000000000000, 1.000000000000000000, 0.000000000000000000 ) ) ;
#6033 = COLOUR_RGB ( '',0.7529411764705882248, 0.7529411764705882248, 0.7529411764705882248 ) ;
#6034 = SURFACE_STYLE_FILL_AREA ( #9899 ) ;
#6035 = ORIENTED_EDGE ( 'NONE', *, *, #8290, .F. ) ;
#6036 = STYLED_ITEM ( 'NONE', ( #2142 ), #2734 ) ;
#6037 = SURFACE_SIDE_STYLE ('',( #3622 ) ) ;
#6038 = EDGE_CURVE ( 'NONE', #5469, #7511, #7442, .T. ) ;
#6039 = ORIENTED_EDGE ( 'NONE', *, *, #7500, .T. ) ;
#6040 = CIRCLE ( 'NONE', #1673, 0.2823257994792188752 ) ;
#6041 =( NAMED_UNIT ( * ) SI_UNIT ( $, .STERADIAN. ) SOLID_ANGLE_UNIT ( ) );
#6042 = FILL_AREA_STYLE_COLOUR ( '', #2843 ) ;
#6043 = DIRECTION ( 'NONE',  ( 0.000000000000000000, 0.000000000000000000, -1.000000000000000000 ) ) ;
#6044 = VECTOR ( 'NONE', #5521, 1000.000000000000000 ) ;
#6045 = MECHANICAL_DESIGN_GEOMETRIC_PRESENTATION_REPRESENTATION (  '', ( #7911 ), #1147 ) ;
#6046 = ORIENTED_EDGE ( 'NONE', *, *, #2988, .T. ) ;
#6047 = CARTESIAN_POINT ( 'NONE',  ( 4.649999999999999467, 0.7249999999999999778, 2.000000000000000000 ) ) ;
#6048 = VERTEX_POINT ( 'NONE', #261 ) ;
#6049 = ORIENTED_EDGE ( 'NONE', *, *, #7476, .F. ) ;
#6050 = MECHANICAL_DESIGN_GEOMETRIC_PRESENTATION_REPRESENTATION (  '', ( #4546 ), #7732 ) ;
#6051 = ADVANCED_FACE ( 'NONE', ( #2618 ), #1020, .F. ) ;
#6052 = ADVANCED_FACE ( 'NONE', ( #6989 ), #2211, .T. ) ;
#6053 =( NAMED_UNIT ( * ) PLANE_ANGLE_UNIT ( ) SI_UNIT ( $, .RADIAN. ) );
#6054 = DIRECTION ( 'NONE',  ( 1.000000000000000000, 0.000000000000000000, 0.000000000000000000 ) ) ;
#6055 = PRESENTATION_LAYER_ASSIGNMENT (  '', '', ( #7735 ) ) ;
#6056 = DIRECTION ( 'NONE',  ( -1.000000000000000000, -0.000000000000000000, -0.000000000000000000 ) ) ;
#6057 = SURFACE_SIDE_STYLE ('',( #5163 ) ) ;
#6058 = SURFACE_STYLE_USAGE ( .BOTH. , #9926 ) ;
#6059 = EDGE_LOOP ( 'NONE', ( #1477, #4322, #896, #4949 ) ) ;
#6060 = LINE ( 'NONE', #8447, #1598 ) ;
#6061 = VERTEX_POINT ( 'NONE', #5320 ) ;
#6062 = COLOUR_RGB ( '',0.7529411764705882248, 0.7529411764705882248, 0.7529411764705882248 ) ;
#6063 = EDGE_CURVE ( 'NONE', #4307, #8649, #3061, .T. ) ;
#6064 = SURFACE_STYLE_USAGE ( .BOTH. , #5230 ) ;
#6065 = EDGE_LOOP ( 'NONE', ( #697, #7430, #1216, #7307 ) ) ;
#6066 = SURFACE_SIDE_STYLE ('',( #6648 ) ) ;
#6067 = ORIENTED_EDGE ( 'NONE', *, *, #3860, .T. ) ;
#6068 = PRESENTATION_STYLE_ASSIGNMENT (( #9419 ) ) ;
#6069 = LINE ( 'NONE', #9309, #9264 ) ;
#6070 =( NAMED_UNIT ( * ) PLANE_ANGLE_UNIT ( ) SI_UNIT ( $, .RADIAN. ) );
#6071 = DIRECTION ( 'NONE',  ( 0.000000000000000000, 1.000000000000000000, 0.000000000000000000 ) ) ;
#6072 = PLANE ( 'NONE',  #6783 ) ;
#6073 = CARTESIAN_POINT ( 'NONE',  ( -2.970000000000000639, -0.1000000000000000056, 2.542325799479218773 ) ) ;
#6074 = LINE ( 'NONE', #7885, #3436 ) ;
#6075 = CARTESIAN_POINT ( 'NONE',  ( 3.379999999999999449, 0.1823257994792188419, 2.542325799479218773 ) ) ;
#6076 = ORIENTED_EDGE ( 'NONE', *, *, #6390, .F. ) ;
#6077 = EDGE_CURVE ( 'NONE', #8907, #7616, #4495, .T. ) ;
#6078 = FILL_AREA_STYLE ('',( #1989 ) ) ;
#6079 = PRESENTATION_STYLE_ASSIGNMENT (( #1181 ) ) ;
#6080 = PLANE ( 'NONE',  #3084 ) ;
#6081 = ORIENTED_EDGE ( 'NONE', *, *, #9329, .F. ) ;
#6082 = VERTEX_POINT ( 'NONE', #3846 ) ;
#6083 = EDGE_CURVE ( 'NONE', #7997, #6001, #10339, .T. ) ;
#6084 = ORIENTED_EDGE ( 'NONE', *, *, #1273, .T. ) ;
#6085 = PLANE ( 'NONE',  #1246 ) ;
#6086 = ORIENTED_EDGE ( 'NONE', *, *, #9782, .F. ) ;
#6087 = DIRECTION ( 'NONE',  ( 1.000000000000000000, 0.000000000000000000, 0.000000000000000000 ) ) ;
#6088 = ORIENTED_EDGE ( 'NONE', *, *, #1079, .F. ) ;
#6089 = VECTOR ( 'NONE', #8644, 1000.000000000000000 ) ;
#6090 = ORIENTED_EDGE ( 'NONE', *, *, #6991, .T. ) ;
#6091 = LINE ( 'NONE', #5381, #440 ) ;
#6092 = ORIENTED_EDGE ( 'NONE', *, *, #8474, .T. ) ;
#6093 = STYLED_ITEM ( 'NONE', ( #1038 ), #2119 ) ;
#6094 = EDGE_CURVE ( 'NONE', #5157, #2239, #9395, .T. ) ;
#6095 = VECTOR ( 'NONE', #7772, 1000.000000000000000 ) ;
#6096 = LINE ( 'NONE', #3649, #2762 ) ;
#6097 = PRESENTATION_LAYER_ASSIGNMENT (  '', '', ( #7289 ) ) ;
#6098 = SURFACE_STYLE_USAGE ( .BOTH. , #5332 ) ;
#6099 =( NAMED_UNIT ( * ) SI_UNIT ( $, .STERADIAN. ) SOLID_ANGLE_UNIT ( ) );
#6100 = PLANE ( 'NONE',  #6268 ) ;
#6101 = MECHANICAL_DESIGN_GEOMETRIC_PRESENTATION_REPRESENTATION (  '', ( #7793 ), #6427 ) ;
#6102 = FILL_AREA_STYLE ('',( #2176 ) ) ;
#6103 = FACE_BOUND ( 'NONE', #8701, .T. ) ;
#6104 = FILL_AREA_STYLE ('',( #10138 ) ) ;
#6105 = ORIENTED_EDGE ( 'NONE', *, *, #3151, .T. ) ;
#6106 = ORIENTED_EDGE ( 'NONE', *, *, #2995, .T. ) ;
#6107 = EDGE_CURVE ( 'NONE', #1811, #7807, #6295, .T. ) ;
#6108 = VECTOR ( 'NONE', #4860, 1000.000000000000000 ) ;
#6109 = CARTESIAN_POINT ( 'NONE',  ( 3.379999999999999449, 0.7249999999999998668, 2.177674200520781422 ) ) ;
#6110 = STYLED_ITEM ( 'NONE', ( #1260 ), #375 ) ;
#6111 = VERTEX_POINT ( 'NONE', #4745 ) ;
#6112 = CARTESIAN_POINT ( 'NONE',  ( -4.240000000000001101, 0.9249999999999998224, -2.177674200520781422 ) ) ;
#6113 = VECTOR ( 'NONE', #8100, 1000.000000000000000 ) ;
#6114 = MECHANICAL_DESIGN_GEOMETRIC_PRESENTATION_REPRESENTATION (  '', ( #1064 ), #7461 ) ;
#6115 = SURFACE_STYLE_USAGE ( .BOTH. , #1270 ) ;
#6116 = VECTOR ( 'NONE', #662, 1000.000000000000000 ) ;
#6117 = UNCERTAINTY_MEASURE_WITH_UNIT (LENGTH_MEASURE( 1.000000000000000082E-05 ), #9516, 'distance_accuracy_value', 'NONE');
#6118 = PRESENTATION_STYLE_ASSIGNMENT (( #2074 ) ) ;
#6119 = SURFACE_STYLE_USAGE ( .BOTH. , #7815 ) ;
#6120 = ORIENTED_EDGE ( 'NONE', *, *, #2508, .T. ) ;
#6121 =( GEOMETRIC_REPRESENTATION_CONTEXT ( 3 ) GLOBAL_UNCERTAINTY_ASSIGNED_CONTEXT ( ( #58 ) ) GLOBAL_UNIT_ASSIGNED_CONTEXT ( ( #1158, #3019, #802 ) ) REPRESENTATION_CONTEXT ( 'NONE', 'WORKASPACE' ) );
#6122 = AXIS2_PLACEMENT_3D ( 'NONE', #2584, #5835, #5629 ) ;
#6123 = PRESENTATION_STYLE_ASSIGNMENT (( #10318 ) ) ;
#6124 = ORIENTED_EDGE ( 'NONE', *, *, #8450, .T. ) ;
#6125 = SURFACE_STYLE_FILL_AREA ( #4462 ) ;
#6126 = EDGE_CURVE ( 'NONE', #3944, #3346, #7962, .T. ) ;
#6127 = CARTESIAN_POINT ( 'NONE',  ( 4.649999999999999467, 0.1000000000000000056, -3.000000000000000000 ) ) ;
#6128 = DIRECTION ( 'NONE',  ( -1.000000000000000000, 0.000000000000000000, 0.000000000000000000 ) ) ;
#6129 =( NAMED_UNIT ( * ) PLANE_ANGLE_UNIT ( ) SI_UNIT ( $, .RADIAN. ) );
#6130 = VERTEX_POINT ( 'NONE', #2946 ) ;
#6131 = AXIS2_PLACEMENT_3D ( 'NONE', #8971, #7414, #6620 ) ;
#6132 = ADVANCED_FACE ( 'NONE', ( #9398 ), #4058, .F. ) ;
#6133 =( NAMED_UNIT ( * ) PLANE_ANGLE_UNIT ( ) SI_UNIT ( $, .RADIAN. ) );
#6134 = PRESENTATION_STYLE_ASSIGNMENT (( #7181 ) ) ;
#6135 = LINE ( 'NONE', #2091, #140 ) ;
#6136 = ORIENTED_EDGE ( 'NONE', *, *, #6519, .F. ) ;
#6137 = VERTEX_POINT ( 'NONE', #3370 ) ;
#6138 = PRESENTATION_LAYER_ASSIGNMENT (  '', '', ( #4308 ) ) ;
#6139 = AXIS2_PLACEMENT_3D ( 'NONE', #1607, #2394, #9788 ) ;
#6140 = VERTEX_POINT ( 'NONE', #9697 ) ;
#6141 = MECHANICAL_DESIGN_GEOMETRIC_PRESENTATION_REPRESENTATION (  '', ( #116 ), #8024 ) ;
#6142 = STYLED_ITEM ( 'NONE', ( #5262 ), #5585 ) ;
#6143 = ORIENTED_EDGE ( 'NONE', *, *, #5724, .F. ) ;
#6144 = UNCERTAINTY_MEASURE_WITH_UNIT (LENGTH_MEASURE( 1.000000000000000082E-05 ), #10290, 'distance_accuracy_value', 'NONE');
#6145 = DIRECTION ( 'NONE',  ( 0.000000000000000000, 0.000000000000000000, 1.000000000000000000 ) ) ;
#6146 = VECTOR ( 'NONE', #3978, 1000.000000000000000 ) ;
#6147 = MECHANICAL_DESIGN_GEOMETRIC_PRESENTATION_REPRESENTATION (  '', ( #2970 ), #7660 ) ;
#6148 =( NAMED_UNIT ( * ) SI_UNIT ( $, .STERADIAN. ) SOLID_ANGLE_UNIT ( ) );
#6149 = COLOUR_RGB ( '',0.7529411764705882248, 0.7529411764705882248, 0.7529411764705882248 ) ;
#6150 = FILL_AREA_STYLE_COLOUR ( '', #5659 ) ;
#6151 = FACE_OUTER_BOUND ( 'NONE', #5341, .T. ) ;
#6152 = EDGE_LOOP ( 'NONE', ( #4819, #9703, #3971, #5705 ) ) ;
#6153 = FACE_OUTER_BOUND ( 'NONE', #7352, .T. ) ;
#6154 = VECTOR ( 'NONE', #1262, 1000.000000000000000 ) ;
#6155 =( NAMED_UNIT ( * ) PLANE_ANGLE_UNIT ( ) SI_UNIT ( $, .RADIAN. ) );
#6156 = PRESENTATION_STYLE_ASSIGNMENT (( #7054 ) ) ;
#6157 = PRESENTATION_STYLE_ASSIGNMENT (( #7748 ) ) ;
#6158 = EDGE_CURVE ( 'NONE', #2227, #5529, #7204, .T. ) ;
#6159 = DIRECTION ( 'NONE',  ( 0.000000000000000000, 0.000000000000000000, 1.000000000000000000 ) ) ;
#6160 = DIRECTION ( 'NONE',  ( 0.000000000000000000, 0.000000000000000000, 1.000000000000000000 ) ) ;
#6161 = CARTESIAN_POINT ( 'NONE',  ( -1.700000000000001066, 0.1000000000000000056, 3.000000000000000000 ) ) ;
#6162 = FACE_OUTER_BOUND ( 'NONE', #9349, .T. ) ;
#6163 = ORIENTED_EDGE ( 'NONE', *, *, #1045, .T. ) ;
#6164 = PRESENTATION_LAYER_ASSIGNMENT (  '', '', ( #3998 ) ) ;
#6165 = PRESENTATION_LAYER_ASSIGNMENT (  '', '', ( #629 ) ) ;
#6166 = ORIENTED_EDGE ( 'NONE', *, *, #4237, .F. ) ;
#6167 = ORIENTED_EDGE ( 'NONE', *, *, #4822, .F. ) ;
#6168 = SURFACE_SIDE_STYLE ('',( #7005 ) ) ;
#6169 = SURFACE_STYLE_FILL_AREA ( #5073 ) ;
#6170 = VECTOR ( 'NONE', #8517, 1000.000000000000000 ) ;
#6171 =( NAMED_UNIT ( * ) SI_UNIT ( $, .STERADIAN. ) SOLID_ANGLE_UNIT ( ) );
#6172 = DIRECTION ( 'NONE',  ( 0.000000000000000000, -1.000000000000000000, 0.000000000000000000 ) ) ;
#6173 = ADVANCED_FACE ( 'NONE', ( #2479 ), #9020, .T. ) ;
#6174 = DIRECTION ( 'NONE',  ( 0.000000000000000000, -0.000000000000000000, -1.000000000000000000 ) ) ;
#6175 = EDGE_CURVE ( 'NONE', #6400, #2049, #4613, .T. ) ;
#6176 = FILL_AREA_STYLE_COLOUR ( '', #2968 ) ;
#6177 = PLANE ( 'NONE',  #5174 ) ;
#6178 = ORIENTED_EDGE ( 'NONE', *, *, #2324, .T. ) ;
#6179 = VECTOR ( 'NONE', #6585, 1000.000000000000000 ) ;
#6180 = ORIENTED_EDGE ( 'NONE', *, *, #6474, .T. ) ;
#6181 =( LENGTH_UNIT ( ) NAMED_UNIT ( * ) SI_UNIT ( .MILLI., .METRE. ) );
#6182 =( GEOMETRIC_REPRESENTATION_CONTEXT ( 3 ) GLOBAL_UNCERTAINTY_ASSIGNED_CONTEXT ( ( #4540 ) ) GLOBAL_UNIT_ASSIGNED_CONTEXT ( ( #4760, #9613, #9658 ) ) REPRESENTATION_CONTEXT ( 'NONE', 'WORKASPACE' ) );
#6183 = DIRECTION ( 'NONE',  ( -1.000000000000000000, -0.000000000000000000, -0.000000000000000000 ) ) ;
#6184 =( NAMED_UNIT ( * ) SI_UNIT ( $, .STERADIAN. ) SOLID_ANGLE_UNIT ( ) );
#6185 = ORIENTED_EDGE ( 'NONE', *, *, #9068, .F. ) ;
#6186 = MECHANICAL_DESIGN_GEOMETRIC_PRESENTATION_REPRESENTATION (  '', ( #7704 ), #8403 ) ;
#6187 = DIRECTION ( 'NONE',  ( -1.000000000000000000, -0.000000000000000000, -0.000000000000000000 ) ) ;
#6188 = COLOUR_RGB ( '',0.7529411764705882248, 0.7529411764705882248, 0.7529411764705882248 ) ;
#6189 = EDGE_CURVE ( 'NONE', #9841, #4624, #9173, .T. ) ;
#6190 = DIRECTION ( 'NONE',  ( 0.000000000000000000, 0.000000000000000000, -1.000000000000000000 ) ) ;
#6191 = ORIENTED_EDGE ( 'NONE', *, *, #4560, .F. ) ;
#6192 = ORIENTED_EDGE ( 'NONE', *, *, #8729, .T. ) ;
#6193 = VECTOR ( 'NONE', #7164, 1000.000000000000000 ) ;
#6194 = DIRECTION ( 'NONE',  ( 1.000000000000000000, 0.000000000000000000, 0.000000000000000000 ) ) ;
#6195 = PRESENTATION_STYLE_ASSIGNMENT (( #3786 ) ) ;
#6196 = VECTOR ( 'NONE', #2942, 1000.000000000000000 ) ;
#6197 = EDGE_CURVE ( 'NONE', #10169, #5397, #1789, .T. ) ;
#6198 = CARTESIAN_POINT ( 'NONE',  ( 0.4299999999999998268, 0.1823257994792188419, -2.459999999999999964 ) ) ;
#6200 = EDGE_LOOP ( 'NONE', ( #1624, #1052, #3395, #5506 ) ) ;
#6199 = PRESENTATION_LAYER_ASSIGNMENT (  '', '', ( #4534 ) ) ;
#6201 = CARTESIAN_POINT ( 'NONE',  ( 0.8399999999999996358, 0.7249999999999998668, 2.177674200520781422 ) ) ;
#6202 = VERTEX_POINT ( 'NONE', #882 ) ;
#6203 =( NAMED_UNIT ( * ) SI_UNIT ( $, .STERADIAN. ) SOLID_ANGLE_UNIT ( ) );
#6204 = COLOUR_RGB ( '',0.7529411764705882248, 0.7529411764705882248, 0.7529411764705882248 ) ;
#6205 = CARTESIAN_POINT ( 'NONE',  ( -1.700000000000001510, 0.9250000000000000444, 2.000000000000000000 ) ) ;
#6206 = VECTOR ( 'NONE', #8069, 1000.000000000000000 ) ;
#6207 = DIRECTION ( 'NONE',  ( -1.000000000000000000, -0.000000000000000000, -0.000000000000000000 ) ) ;
#6208 = DIRECTION ( 'NONE',  ( 0.000000000000000000, 0.000000000000000000, -1.000000000000000000 ) ) ;
#6209 = ORIENTED_EDGE ( 'NONE', *, *, #4373, .F. ) ;
#6210 = CARTESIAN_POINT ( 'NONE',  ( 3.379999999999999449, 0.6426742005207811692, 2.459999999999999964 ) ) ;
#6211 = CARTESIAN_POINT ( 'NONE',  ( 4.240000000000000213, 0.1000000000000000056, 2.542325799479218773 ) ) ;
#6212 = VERTEX_POINT ( 'NONE', #8228 ) ;
#6213 = SURFACE_SIDE_STYLE ('',( #7867 ) ) ;
#6214 = ORIENTED_EDGE ( 'NONE', *, *, #2890, .T. ) ;
#6215 = ORIENTED_EDGE ( 'NONE', *, *, #9249, .T. ) ;
#6216 = EDGE_CURVE ( 'NONE', #6130, #3385, #4224, .T. ) ;
#6217 = SURFACE_STYLE_FILL_AREA ( #7755 ) ;
#6218 = PLANE ( 'NONE',  #4659 ) ;
#6219 = FACE_OUTER_BOUND ( 'NONE', #7139, .T. ) ;
#6220 = COLOUR_RGB ( '',0.7529411764705882248, 0.7529411764705882248, 0.7529411764705882248 ) ;
#6221 = FACE_OUTER_BOUND ( 'NONE', #9181, .T. ) ;
#6222 = ORIENTED_EDGE ( 'NONE', *, *, #7368, .F. ) ;
#6223 = FILL_AREA_STYLE_COLOUR ( '', #1122 ) ;
#6224 = ORIENTED_EDGE ( 'NONE', *, *, #6010, .F. ) ;
#6225 = ORIENTED_EDGE ( 'NONE', *, *, #5330, .F. ) ;
#6226 = EDGE_CURVE ( 'NONE', #1384, #4523, #8484, .T. ) ;
#6227 = FILL_AREA_STYLE_COLOUR ( '', #5044 ) ;
#6228 = DIRECTION ( 'NONE',  ( 0.000000000000000000, 0.000000000000000000, 1.000000000000000000 ) ) ;
#6229 = FILL_AREA_STYLE_COLOUR ( '', #5536 ) ;
#6230 = PLANE ( 'NONE',  #8224 ) ;
#6231 = PRESENTATION_STYLE_ASSIGNMENT (( #3047 ) ) ;
#6232 = CARTESIAN_POINT ( 'NONE',  ( 0.8399999999999996358, 0.7249999999999999778, -2.000000000000000000 ) ) ;
#6233 = FACE_OUTER_BOUND ( 'NONE', #6271, .T. ) ;
#6234 = ORIENTED_EDGE ( 'NONE', *, *, #4435, .F. ) ;
#6235 = ORIENTED_EDGE ( 'NONE', *, *, #9860, .T. ) ;
#6236 = EDGE_CURVE ( 'NONE', #5422, #3838, #8432, .T. ) ;
#6237 = ORIENTED_EDGE ( 'NONE', *, *, #4092, .F. ) ;
#6238 = UNCERTAINTY_MEASURE_WITH_UNIT (LENGTH_MEASURE( 1.000000000000000082E-05 ), #9922, 'distance_accuracy_value', 'NONE');
#6239 = UNCERTAINTY_MEASURE_WITH_UNIT (LENGTH_MEASURE( 1.000000000000000082E-05 ), #2260, 'distance_accuracy_value', 'NONE');
#6240 = CARTESIAN_POINT ( 'NONE',  ( -2.110000000000000764, 0.1000000000000000056, -3.000000000000000000 ) ) ;
#6241 = CARTESIAN_POINT ( 'NONE',  ( 0.8399999999999996358, 0.9250000000000000444, -2.000000000000000000 ) ) ;
#6242 = EDGE_CURVE ( 'NONE', #9470, #4371, #1996, .T. ) ;
#6243 = CARTESIAN_POINT ( 'NONE',  ( -1.700000000000001066, 0.7249999999999999778, 2.000000000000000000 ) ) ;
#6244 =( NAMED_UNIT ( * ) SI_UNIT ( $, .STERADIAN. ) SOLID_ANGLE_UNIT ( ) );
#6245 = CARTESIAN_POINT ( 'NONE',  ( -4.240000000000001101, 0.1823257994792188419, -2.542325799479218773 ) ) ;
#6246 = VERTEX_POINT ( 'NONE', #8323 ) ;
#6247 = LINE ( 'NONE', #6201, #2776 ) ;
#6248 = DIRECTION ( 'NONE',  ( 0.000000000000000000, 0.000000000000000000, -1.000000000000000000 ) ) ;
#6249 = CARTESIAN_POINT ( 'NONE',  ( 1.699999999999999734, 0.6426742005207811692, -2.177674200520781422 ) ) ;
#6250 = EDGE_CURVE ( 'NONE', #3630, #1342, #9077, .T. ) ;
#6251 = DIRECTION ( 'NONE',  ( -1.000000000000000000, -0.000000000000000000, -0.000000000000000000 ) ) ;
#6252 = CARTESIAN_POINT ( 'NONE',  ( -1.700000000000001066, 0.1823257994792188419, -2.542325799479218773 ) ) ;
#6253 = EDGE_LOOP ( 'NONE', ( #9437, #1816, #9400, #2821 ) ) ;
#6254 = ADVANCED_FACE ( 'NONE', ( #1840 ), #9230, .F. ) ;
#6255 = PRESENTATION_LAYER_ASSIGNMENT (  '', '', ( #8816 ) ) ;
#6256 = VERTEX_POINT ( 'NONE', #273 ) ;
#6257 = EDGE_LOOP ( 'NONE', ( #1904, #1434, #1249, #9728, #592, #7404, #4147, #2106, #6980, #3812, #2707, #9642 ) ) ;
#6258 = FILL_AREA_STYLE ('',( #3709 ) ) ;
#6259 = DIRECTION ( 'NONE',  ( 0.000000000000000000, -0.000000000000000000, -1.000000000000000000 ) ) ;
#6260 = COLOUR_RGB ( '',0.7529411764705882248, 0.7529411764705882248, 0.7529411764705882248 ) ;
#6261 = DIRECTION ( 'NONE',  ( 0.000000000000000000, 0.000000000000000000, 1.000000000000000000 ) ) ;
#6262 = PRESENTATION_LAYER_ASSIGNMENT (  '', '', ( #4602 ) ) ;
#6263 = DIRECTION ( 'NONE',  ( 0.000000000000000000, 0.000000000000000000, 1.000000000000000000 ) ) ;
#6264 =( NAMED_UNIT ( * ) SI_UNIT ( $, .STERADIAN. ) SOLID_ANGLE_UNIT ( ) );
#6265 = LINE ( 'NONE', #3977, #1920 ) ;
#6266 = EDGE_CURVE ( 'NONE', #5054, #4667, #5828, .T. ) ;
#6267 = SURFACE_STYLE_USAGE ( .BOTH. , #2345 ) ;
#6268 = AXIS2_PLACEMENT_3D ( 'NONE', #395, #3597, #2963 ) ;
#6269 =( GEOMETRIC_REPRESENTATION_CONTEXT ( 3 ) GLOBAL_UNCERTAINTY_ASSIGNED_CONTEXT ( ( #7083 ) ) GLOBAL_UNIT_ASSIGNED_CONTEXT ( ( #4138, #8940, #1006 ) ) REPRESENTATION_CONTEXT ( 'NONE', 'WORKASPACE' ) );
#6270 =( GEOMETRIC_REPRESENTATION_CONTEXT ( 3 ) GLOBAL_UNCERTAINTY_ASSIGNED_CONTEXT ( ( #8599 ) ) GLOBAL_UNIT_ASSIGNED_CONTEXT ( ( #6615, #9851, #2627 ) ) REPRESENTATION_CONTEXT ( 'NONE', 'WORKASPACE' ) );
#6271 = EDGE_LOOP ( 'NONE', ( #2167, #9994, #5315, #5787 ) ) ;
#6272 = PRESENTATION_STYLE_ASSIGNMENT (( #3767 ) ) ;
#6273 =( NAMED_UNIT ( * ) SI_UNIT ( $, .STERADIAN. ) SOLID_ANGLE_UNIT ( ) );
#6274 = PRESENTATION_STYLE_ASSIGNMENT (( #2197 ) ) ;
#6275 = DIRECTION ( 'NONE',  ( -0.000000000000000000, 0.000000000000000000, -1.000000000000000000 ) ) ;
#6276 = COLOUR_RGB ( '',0.7529411764705882248, 0.7529411764705882248, 0.7529411764705882248 ) ;
#6277 = EDGE_CURVE ( 'NONE', #6557, #6202, #5154, .T. ) ;
#6278 = CARTESIAN_POINT ( 'NONE',  ( -2.110000000000000764, 0.1823257994792188419, 2.459999999999999964 ) ) ;
#6279 =( NAMED_UNIT ( * ) PLANE_ANGLE_UNIT ( ) SI_UNIT ( $, .RADIAN. ) );
#6280 = PRESENTATION_LAYER_ASSIGNMENT (  '', '', ( #8341 ) ) ;
#6281 =( NAMED_UNIT ( * ) SI_UNIT ( $, .STERADIAN. ) SOLID_ANGLE_UNIT ( ) );
#6282 = VERTEX_POINT ( 'NONE', #10008 ) ;
#6283 = CARTESIAN_POINT ( 'NONE',  ( 2.109999999999999432, 0.9250000000000000444, 2.000000000000000000 ) ) ;
#6284 = VERTEX_POINT ( 'NONE', #2778 ) ;
#6285 = STYLED_ITEM ( 'NONE', ( #5228 ), #6776 ) ;
#6286 =( GEOMETRIC_REPRESENTATION_CONTEXT ( 3 ) GLOBAL_UNCERTAINTY_ASSIGNED_CONTEXT ( ( #9109 ) ) GLOBAL_UNIT_ASSIGNED_CONTEXT ( ( #5056, #4854, #1033 ) ) REPRESENTATION_CONTEXT ( 'NONE', 'WORKASPACE' ) );
#6287 = PLANE ( 'NONE',  #7711 ) ;
#6288 = DIRECTION ( 'NONE',  ( 0.000000000000000000, 0.000000000000000000, 1.000000000000000000 ) ) ;
#6289 = COLOUR_RGB ( '',0.7529411764705882248, 0.7529411764705882248, 0.7529411764705882248 ) ;
#6290 = EDGE_CURVE ( 'NONE', #3741, #8651, #422, .T. ) ;
#6291 = FACE_OUTER_BOUND ( 'NONE', #356, .T. ) ;
#6292 = DIRECTION ( 'NONE',  ( -1.000000000000000000, -0.000000000000000000, -0.000000000000000000 ) ) ;
#6293 =( GEOMETRIC_REPRESENTATION_CONTEXT ( 3 ) GLOBAL_UNCERTAINTY_ASSIGNED_CONTEXT ( ( #2473 ) ) GLOBAL_UNIT_ASSIGNED_CONTEXT ( ( #10406, #3175, #4802 ) ) REPRESENTATION_CONTEXT ( 'NONE', 'WORKASPACE' ) );
#6294 = EDGE_CURVE ( 'NONE', #1414, #6001, #6668, .T. ) ;
#6295 = LINE ( 'NONE', #2321, #797 ) ;
#6296 =( GEOMETRIC_REPRESENTATION_CONTEXT ( 3 ) GLOBAL_UNCERTAINTY_ASSIGNED_CONTEXT ( ( #8361 ) ) GLOBAL_UNIT_ASSIGNED_CONTEXT ( ( #4788, #7777, #10333 ) ) REPRESENTATION_CONTEXT ( 'NONE', 'WORKASPACE' ) );
#6297 = ORIENTED_EDGE ( 'NONE', *, *, #8073, .T. ) ;
#6298 = CARTESIAN_POINT ( 'NONE',  ( 2.109999999999999432, 0.1823257994792188419, -2.459999999999999964 ) ) ;
#6299 = VERTEX_POINT ( 'NONE', #9909 ) ;
#6301 = EDGE_CURVE ( 'NONE', #5602, #6315, #10068, .T. ) ;
#6300 = UNCERTAINTY_MEASURE_WITH_UNIT (LENGTH_MEASURE( 1.000000000000000082E-05 ), #3057, 'distance_accuracy_value', 'NONE');
#6302 = VERTEX_POINT ( 'NONE', #2680 ) ;
#6303 = DIRECTION ( 'NONE',  ( 0.000000000000000000, 0.000000000000000000, -1.000000000000000000 ) ) ;
#6304 = CARTESIAN_POINT ( 'NONE',  ( 4.240000000000000213, 0.6426742005207811692, 2.260000000000000231 ) ) ;
#6305 = MECHANICAL_DESIGN_GEOMETRIC_PRESENTATION_REPRESENTATION (  '', ( #5318 ), #290 ) ;
#6306 = DIRECTION ( 'NONE',  ( -1.000000000000000000, -0.000000000000000000, -0.000000000000000000 ) ) ;
#6307 =( GEOMETRIC_REPRESENTATION_CONTEXT ( 3 ) GLOBAL_UNCERTAINTY_ASSIGNED_CONTEXT ( ( #185 ) ) GLOBAL_UNIT_ASSIGNED_CONTEXT ( ( #5164, #9139, #8396 ) ) REPRESENTATION_CONTEXT ( 'NONE', 'WORKASPACE' ) );
#6308 =( LENGTH_UNIT ( ) NAMED_UNIT ( * ) SI_UNIT ( .MILLI., .METRE. ) );
#6309 = SURFACE_SIDE_STYLE ('',( #3121 ) ) ;
#6310 = DIRECTION ( 'NONE',  ( 0.000000000000000000, 0.000000000000000000, -1.000000000000000000 ) ) ;
#6311 = ORIENTED_EDGE ( 'NONE', *, *, #8349, .T. ) ;
#6312 = EDGE_CURVE ( 'NONE', #1297, #9963, #2831, .T. ) ;
#6313 = AXIS2_PLACEMENT_3D ( 'NONE', #3641, #6054, #9292 ) ;
#6314 = EDGE_CURVE ( 'NONE', #7656, #622, #378, .T. ) ;
#6315 = VERTEX_POINT ( 'NONE', #709 ) ;
#6316 =( GEOMETRIC_REPRESENTATION_CONTEXT ( 3 ) GLOBAL_UNCERTAINTY_ASSIGNED_CONTEXT ( ( #8806 ) ) GLOBAL_UNIT_ASSIGNED_CONTEXT ( ( #5050, #8485, #2044 ) ) REPRESENTATION_CONTEXT ( 'NONE', 'WORKASPACE' ) );
#6317 = ORIENTED_EDGE ( 'NONE', *, *, #5072, .T. ) ;
#6318 =( GEOMETRIC_REPRESENTATION_CONTEXT ( 3 ) GLOBAL_UNCERTAINTY_ASSIGNED_CONTEXT ( ( #7878 ) ) GLOBAL_UNIT_ASSIGNED_CONTEXT ( ( #7294, #8960, #2399 ) ) REPRESENTATION_CONTEXT ( 'NONE', 'WORKASPACE' ) );
#6319 = LINE ( 'NONE', #9517, #8218 ) ;
#6320 = DIRECTION ( 'NONE',  ( 0.000000000000000000, 0.000000000000000000, 1.000000000000000000 ) ) ;
#6321 = PLANE ( 'NONE',  #9873 ) ;
#6322 = PRESENTATION_LAYER_ASSIGNMENT (  '', '', ( #6995 ) ) ;
#6323 = CARTESIAN_POINT ( 'NONE',  ( 3.379999999999999449, 0.7249999999999999778, 2.000000000000000000 ) ) ;
#6324 = CARTESIAN_POINT ( 'NONE',  ( -0.4300000000000007150, 0.7249999999999999778, -2.000000000000000000 ) ) ;
#6325 = ORIENTED_EDGE ( 'NONE', *, *, #5671, .T. ) ;
#6326 = SURFACE_STYLE_USAGE ( .BOTH. , #3137 ) ;
#6327 = ORIENTED_EDGE ( 'NONE', *, *, #5294, .F. ) ;
#6328 = SURFACE_SIDE_STYLE ('',( #7238 ) ) ;
#6329 = CYLINDRICAL_SURFACE ( 'NONE', #6895, 0.2823257994792186532 ) ;
#6330 = ORIENTED_EDGE ( 'NONE', *, *, #37, .T. ) ;
#6331 =( NAMED_UNIT ( * ) SI_UNIT ( $, .STERADIAN. ) SOLID_ANGLE_UNIT ( ) );
#6332 =( GEOMETRIC_REPRESENTATION_CONTEXT ( 3 ) GLOBAL_UNCERTAINTY_ASSIGNED_CONTEXT ( ( #10048 ) ) GLOBAL_UNIT_ASSIGNED_CONTEXT ( ( #5550, #9612, #3818 ) ) REPRESENTATION_CONTEXT ( 'NONE', 'WORKASPACE' ) );
#6333 = EDGE_CURVE ( 'NONE', #3644, #8010, #7116, .T. ) ;
#6334 = CARTESIAN_POINT ( 'NONE',  ( 0.4299999999999998268, 0.9249999999999998224, -2.177674200520781422 ) ) ;
#6335 =( LENGTH_UNIT ( ) NAMED_UNIT ( * ) SI_UNIT ( .MILLI., .METRE. ) );
#6336 =( GEOMETRIC_REPRESENTATION_CONTEXT ( 3 ) GLOBAL_UNCERTAINTY_ASSIGNED_CONTEXT ( ( #4977 ) ) GLOBAL_UNIT_ASSIGNED_CONTEXT ( ( #715, #5414, #2306 ) ) REPRESENTATION_CONTEXT ( 'NONE', 'WORKASPACE' ) );
#6337 = VECTOR ( 'NONE', #7760, 1000.000000000000000 ) ;
#6338 = SURFACE_SIDE_STYLE ('',( #9486 ) ) ;
#6339 =( GEOMETRIC_REPRESENTATION_CONTEXT ( 3 ) GLOBAL_UNCERTAINTY_ASSIGNED_CONTEXT ( ( #1358 ) ) GLOBAL_UNIT_ASSIGNED_CONTEXT ( ( #6441, #2472, #115 ) ) REPRESENTATION_CONTEXT ( 'NONE', 'WORKASPACE' ) );
#6340 = FACE_OUTER_BOUND ( 'NONE', #9082, .T. ) ;
#6341 = ORIENTED_EDGE ( 'NONE', *, *, #1742, .T. ) ;
#6342 = UNCERTAINTY_MEASURE_WITH_UNIT (LENGTH_MEASURE( 1.000000000000000082E-05 ), #2233, 'distance_accuracy_value', 'NONE');
#6343 = ADVANCED_FACE ( 'NONE', ( #9328, #8784, #8051, #3926, #1551, #810, #3726, #5599, #7659 ), #7234, .F. ) ;
#6344 = UNCERTAINTY_MEASURE_WITH_UNIT (LENGTH_MEASURE( 1.000000000000000082E-05 ), #2712, 'distance_accuracy_value', 'NONE');
#6345 = VECTOR ( 'NONE', #5015, 1000.000000000000000 ) ;
#6346 = STYLED_ITEM ( 'NONE', ( #1705 ), #3338 ) ;
#6347 = SURFACE_STYLE_FILL_AREA ( #3951 ) ;
#6348 =( LENGTH_UNIT ( ) NAMED_UNIT ( * ) SI_UNIT ( .MILLI., .METRE. ) );
#6349 = DIRECTION ( 'NONE',  ( 0.000000000000000000, 0.000000000000000000, -1.000000000000000000 ) ) ;
#6350 =( GEOMETRIC_REPRESENTATION_CONTEXT ( 3 ) GLOBAL_UNCERTAINTY_ASSIGNED_CONTEXT ( ( #8764 ) ) GLOBAL_UNIT_ASSIGNED_CONTEXT ( ( #3148, #7895, #5357 ) ) REPRESENTATION_CONTEXT ( 'NONE', 'WORKASPACE' ) );
#6351 = FILL_AREA_STYLE_COLOUR ( '', #1617 ) ;
#6352 = EDGE_LOOP ( 'NONE', ( #9655, #8052, #7691, #9262 ) ) ;
#6353 = MECHANICAL_DESIGN_GEOMETRIC_PRESENTATION_REPRESENTATION (  '', ( #2001 ), #1308 ) ;
#6354 = ORIENTED_EDGE ( 'NONE', *, *, #4237, .T. ) ;
#6355 = MECHANICAL_DESIGN_GEOMETRIC_PRESENTATION_REPRESENTATION (  '', ( #9581 ), #3519 ) ;
#6356 = UNCERTAINTY_MEASURE_WITH_UNIT (LENGTH_MEASURE( 1.000000000000000082E-05 ), #5143, 'distance_accuracy_value', 'NONE');
#6357 = DIRECTION ( 'NONE',  ( 0.000000000000000000, 0.000000000000000000, -1.000000000000000000 ) ) ;
#6358 = ADVANCED_FACE ( 'NONE', ( #6381 ), #6883, .T. ) ;
#6359 = DIRECTION ( 'NONE',  ( 0.000000000000000000, 0.000000000000000000, -1.000000000000000000 ) ) ;
#6360 = CIRCLE ( 'NONE', #10275, 0.2823257994792188752 ) ;
#6361 = STYLED_ITEM ( 'NONE', ( #1730 ), #1625 ) ;
#6362 = DIRECTION ( 'NONE',  ( -1.000000000000000000, -0.000000000000000000, -0.000000000000000000 ) ) ;
#6363 = SURFACE_SIDE_STYLE ('',( #691 ) ) ;
#6364 = PRESENTATION_LAYER_ASSIGNMENT (  '', '', ( #1151 ) ) ;
#6365 = VECTOR ( 'NONE', #8841, 1000.000000000000000 ) ;
#6366 = ORIENTED_EDGE ( 'NONE', *, *, #3059, .T. ) ;
#6367 = CARTESIAN_POINT ( 'NONE',  ( -4.240000000000001101, 0.6426742005207811692, 2.177674200520781422 ) ) ;
#6368 = FILL_AREA_STYLE_COLOUR ( '', #4957 ) ;
#6369 = VERTEX_POINT ( 'NONE', #4818 ) ;
#6370 = PRESENTATION_LAYER_ASSIGNMENT (  '', '', ( #502 ) ) ;
#6371 = EDGE_LOOP ( 'NONE', ( #10315, #5168, #8712, #2547, #8343, #4842, #3748, #5095, #7545, #2558, #6526, #6921 ) ) ;
#6372 = ORIENTED_EDGE ( 'NONE', *, *, #4908, .T. ) ;
#6373 = STYLED_ITEM ( 'NONE', ( #6272 ), #4314 ) ;
#6374 = CARTESIAN_POINT ( 'NONE',  ( -2.970000000000000639, 0.9250000000000000444, 2.000000000000000000 ) ) ;
#6375 = CARTESIAN_POINT ( 'NONE',  ( -2.110000000000000764, 0.1823257994792188419, 2.542325799479218773 ) ) ;
#6376 = VECTOR ( 'NONE', #968, 1000.000000000000000 ) ;
#6377 = FILL_AREA_STYLE_COLOUR ( '', #4611 ) ;
#6378 = ORIENTED_EDGE ( 'NONE', *, *, #1107, .T. ) ;
#6379 = EDGE_CURVE ( 'NONE', #6914, #4371, #9668, .T. ) ;
#6380 =( NAMED_UNIT ( * ) PLANE_ANGLE_UNIT ( ) SI_UNIT ( $, .RADIAN. ) );
#6381 = FACE_OUTER_BOUND ( 'NONE', #3144, .T. ) ;
#6382 = ORIENTED_EDGE ( 'NONE', *, *, #2633, .F. ) ;
#6383 = DIRECTION ( 'NONE',  ( 0.000000000000000000, 0.000000000000000000, 1.000000000000000000 ) ) ;
#6384 = CARTESIAN_POINT ( 'NONE',  ( -2.110000000000000764, 0.1000000000000000056, 3.000000000000000000 ) ) ;
#6385 = EDGE_LOOP ( 'NONE', ( #3792, #10116, #3870, #6453, #7061, #9331, #6929, #6382, #6317, #7056, #8434, #4418 ) ) ;
#6386 =( NAMED_UNIT ( * ) SI_UNIT ( $, .STERADIAN. ) SOLID_ANGLE_UNIT ( ) );
#6387 = DIRECTION ( 'NONE',  ( 1.000000000000000000, 0.000000000000000000, 0.000000000000000000 ) ) ;
#6388 = CARTESIAN_POINT ( 'NONE',  ( -2.110000000000000764, 0.7249999999999999778, -2.000000000000000000 ) ) ;
#6389 = DIRECTION ( 'NONE',  ( -0.000000000000000000, 0.000000000000000000, -1.000000000000000000 ) ) ;
#6390 = EDGE_CURVE ( 'NONE', #8025, #10367, #10119, .T. ) ;
#6391 =( LENGTH_UNIT ( ) NAMED_UNIT ( * ) SI_UNIT ( .MILLI., .METRE. ) );
#6392 = VECTOR ( 'NONE', #5088, 1000.000000000000000 ) ;
#6393 = FILL_AREA_STYLE_COLOUR ( '', #925 ) ;
#6394 = PLANE ( 'NONE',  #6015 ) ;
#6395 = CARTESIAN_POINT ( 'NONE',  ( -4.240000000000001101, 0.1823257994792188696, -2.259999999999999787 ) ) ;
#6396 = EDGE_CURVE ( 'NONE', #10204, #6931, #9148, .T. ) ;
#6397 =( NAMED_UNIT ( * ) PLANE_ANGLE_UNIT ( ) SI_UNIT ( $, .RADIAN. ) );
#6398 = ORIENTED_EDGE ( 'NONE', *, *, #3732, .T. ) ;
#6399 = PRESENTATION_STYLE_ASSIGNMENT (( #7403 ) ) ;
#6400 = VERTEX_POINT ( 'NONE', #9101 ) ;
#6401 = CARTESIAN_POINT ( 'NONE',  ( -0.4300000000000007150, 0.7249999999999999778, -2.000000000000000000 ) ) ;
#6402 = DIRECTION ( 'NONE',  ( -1.000000000000000000, -0.000000000000000000, -0.000000000000000000 ) ) ;
#6403 = LINE ( 'NONE', #2412, #4208 ) ;
#6404 = EDGE_CURVE ( 'NONE', #7114, #577, #4874, .T. ) ;
#6405 = DIRECTION ( 'NONE',  ( 1.000000000000000000, 0.000000000000000000, 0.000000000000000000 ) ) ;
#6406 = EDGE_LOOP ( 'NONE', ( #9927, #9673, #10139, #5351, #9022, #3114, #4515, #2982, #3646, #2012, #34, #9258 ) ) ;
#6407 = ORIENTED_EDGE ( 'NONE', *, *, #8939, .T. ) ;
#6408 = FILL_AREA_STYLE_COLOUR ( '', #4014 ) ;
#6409 = CARTESIAN_POINT ( 'NONE',  ( -1.700000000000001066, 0.6426742005207811692, 2.177674200520781422 ) ) ;
#6410 = FILL_AREA_STYLE_COLOUR ( '', #9428 ) ;
#6411 = CARTESIAN_POINT ( 'NONE',  ( 3.379999999999999449, 0.6426742005207811692, -2.177674200520781422 ) ) ;
#6412 = SURFACE_STYLE_USAGE ( .BOTH. , #6309 ) ;
#6413 = EDGE_CURVE ( 'NONE', #688, #3259, #6586, .T. ) ;
#6414 = CARTESIAN_POINT ( 'NONE',  ( -1.700000000000001066, 0.9249999999999998224, -2.177674200520781422 ) ) ;
#6415 = EDGE_LOOP ( 'NONE', ( #6739, #150, #1635, #4190 ) ) ;
#6416 = EDGE_LOOP ( 'NONE', ( #2032, #7225, #7833, #7507 ) ) ;
#6417 = LINE ( 'NONE', #9657, #8497 ) ;
#6418 = CARTESIAN_POINT ( 'NONE',  ( 0.4299999999999998268, -0.1000000000000000056, -2.542325799479218773 ) ) ;
#6419 = PRESENTATION_STYLE_ASSIGNMENT (( #8828 ) ) ;
#6420 = CARTESIAN_POINT ( 'NONE',  ( -2.970000000000000639, 0.1823257994792188419, 2.459999999999999964 ) ) ;
#6421 =( NAMED_UNIT ( * ) PLANE_ANGLE_UNIT ( ) SI_UNIT ( $, .RADIAN. ) );
#6422 = ORIENTED_EDGE ( 'NONE', *, *, #4856, .T. ) ;
#6423 =( NAMED_UNIT ( * ) PLANE_ANGLE_UNIT ( ) SI_UNIT ( $, .RADIAN. ) );
#6424 = ADVANCED_FACE ( 'NONE', ( #7480 ), #3438, .F. ) ;
#6425 = ORIENTED_EDGE ( 'NONE', *, *, #1360, .T. ) ;
#6426 = DIRECTION ( 'NONE',  ( 0.000000000000000000, 0.000000000000000000, 1.000000000000000000 ) ) ;
#6427 =( GEOMETRIC_REPRESENTATION_CONTEXT ( 3 ) GLOBAL_UNCERTAINTY_ASSIGNED_CONTEXT ( ( #786 ) ) GLOBAL_UNIT_ASSIGNED_CONTEXT ( ( #9849, #617, #2883 ) ) REPRESENTATION_CONTEXT ( 'NONE', 'WORKASPACE' ) );
#6428 = FACE_OUTER_BOUND ( 'NONE', #5871, .T. ) ;
#6429 = LINE ( 'NONE', #5569, #805 ) ;
#6430 =( NAMED_UNIT ( * ) PLANE_ANGLE_UNIT ( ) SI_UNIT ( $, .RADIAN. ) );
#6431 = SURFACE_STYLE_FILL_AREA ( #7246 ) ;
#6432 = DIRECTION ( 'NONE',  ( 0.000000000000000000, 1.000000000000000000, 0.000000000000000000 ) ) ;
#6433 = PLANE ( 'NONE',  #2798 ) ;
#6434 = VECTOR ( 'NONE', #9126, 1000.000000000000000 ) ;
#6435 = LINE ( 'NONE', #4935, #370 ) ;
#6436 = CARTESIAN_POINT ( 'NONE',  ( 3.379999999999999449, 0.6426742005207811692, -2.177674200520781422 ) ) ;
#6437 =( NAMED_UNIT ( * ) SI_UNIT ( $, .STERADIAN. ) SOLID_ANGLE_UNIT ( ) );
#6438 = EDGE_LOOP ( 'NONE', ( #9389, #3335, #2322, #5055 ) ) ;
#6439 = CARTESIAN_POINT ( 'NONE',  ( 3.379999999999999449, -0.1000000000000000056, 3.000000000000000000 ) ) ;
#6440 = AXIS2_PLACEMENT_3D ( 'NONE', #9030, #8282, #189 ) ;
#6441 =( LENGTH_UNIT ( ) NAMED_UNIT ( * ) SI_UNIT ( .MILLI., .METRE. ) );
#6442 = UNCERTAINTY_MEASURE_WITH_UNIT (LENGTH_MEASURE( 1.000000000000000082E-05 ), #855, 'distance_accuracy_value', 'NONE');
#6443 = CARTESIAN_POINT ( 'NONE',  ( 2.109999999999999432, 0.1000000000000000056, -2.542325799479218773 ) ) ;
#6444 = VECTOR ( 'NONE', #3181, 1000.000000000000000 ) ;
#6445 = VECTOR ( 'NONE', #7273, 1000.000000000000000 ) ;
#6446 = EDGE_CURVE ( 'NONE', #3006, #7428, #5798, .T. ) ;
#6447 = PRESENTATION_LAYER_ASSIGNMENT (  '', '', ( #4447 ) ) ;
#6448 = CARTESIAN_POINT ( 'NONE',  ( -2.970000000000000639, 0.6426742005207811692, 2.260000000000000231 ) ) ;
#6449 = DIRECTION ( 'NONE',  ( 1.000000000000000000, 0.000000000000000000, 0.000000000000000000 ) ) ;
#6450 = SURFACE_STYLE_FILL_AREA ( #5727 ) ;
#6451 = EDGE_LOOP ( 'NONE', ( #5128, #7889, #4720, #9159 ) ) ;
#6452 = FILL_AREA_STYLE_COLOUR ( '', #3635 ) ;
#6453 = ORIENTED_EDGE ( 'NONE', *, *, #3621, .F. ) ;
#6454 = UNCERTAINTY_MEASURE_WITH_UNIT (LENGTH_MEASURE( 1.000000000000000082E-05 ), #24, 'distance_accuracy_value', 'NONE');
#6455 =( NAMED_UNIT ( * ) SI_UNIT ( $, .STERADIAN. ) SOLID_ANGLE_UNIT ( ) );
#6456 = DIRECTION ( 'NONE',  ( 0.000000000000000000, 0.000000000000000000, 1.000000000000000000 ) ) ;
#6457 = CARTESIAN_POINT ( 'NONE',  ( 0.8399999999999996358, 0.9250000000000000444, -2.000000000000000000 ) ) ;
#6458 = EDGE_CURVE ( 'NONE', #5355, #596, #1815, .T. ) ;
#6459 =( GEOMETRIC_REPRESENTATION_CONTEXT ( 3 ) GLOBAL_UNCERTAINTY_ASSIGNED_CONTEXT ( ( #2157 ) ) GLOBAL_UNIT_ASSIGNED_CONTEXT ( ( #8004, #4041, #9056 ) ) REPRESENTATION_CONTEXT ( 'NONE', 'WORKASPACE' ) );
#6460 = VECTOR ( 'NONE', #6303, 1000.000000000000000 ) ;
#6461 = CARTESIAN_POINT ( 'NONE',  ( 2.109999999999999432, 0.1000000000000000056, 3.000000000000000000 ) ) ;
#6462 =( NAMED_UNIT ( * ) SI_UNIT ( $, .STERADIAN. ) SOLID_ANGLE_UNIT ( ) );
#6463 = VECTOR ( 'NONE', #9898, 1000.000000000000000 ) ;
#6464 = CARTESIAN_POINT ( 'NONE',  ( -4.240000000000001101, 0.1823257994792188696, 2.259999999999999787 ) ) ;
#6465 = COLOUR_RGB ( '',0.7529411764705882248, 0.7529411764705882248, 0.7529411764705882248 ) ;
#6466 = FILL_AREA_STYLE ('',( #2381 ) ) ;
#6467 = FILL_AREA_STYLE ('',( #2428 ) ) ;
#6468 = ORIENTED_EDGE ( 'NONE', *, *, #2718, .T. ) ;
#6469 = AXIS2_PLACEMENT_3D ( 'NONE', #6679, #5161, #9921 ) ;
#6470 =( GEOMETRIC_REPRESENTATION_CONTEXT ( 3 ) GLOBAL_UNCERTAINTY_ASSIGNED_CONTEXT ( ( #2027 ) ) GLOBAL_UNIT_ASSIGNED_CONTEXT ( ( #2541, #1690, #4796 ) ) REPRESENTATION_CONTEXT ( 'NONE', 'WORKASPACE' ) );
#6471 = ORIENTED_EDGE ( 'NONE', *, *, #1594, .T. ) ;
#6472 = PRESENTATION_STYLE_ASSIGNMENT (( #1810 ) ) ;
#6473 = STYLED_ITEM ( 'NONE', ( #536 ), #5615 ) ;
#6474 = EDGE_CURVE ( 'NONE', #2126, #4625, #4966, .T. ) ;
#6475 = DIRECTION ( 'NONE',  ( -1.000000000000000000, -0.000000000000000000, -0.000000000000000000 ) ) ;
#6476 = PLANE ( 'NONE',  #1245 ) ;
#6477 = LINE ( 'NONE', #9524, #6942 ) ;
#6478 = STYLED_ITEM ( 'NONE', ( #9453 ), #7438 ) ;
#6479 =( NAMED_UNIT ( * ) SI_UNIT ( $, .STERADIAN. ) SOLID_ANGLE_UNIT ( ) );
#6480 = LINE ( 'NONE', #8295, #2330 ) ;
#6481 = DIRECTION ( 'NONE',  ( -1.000000000000000000, 0.000000000000000000, 0.000000000000000000 ) ) ;
#6482 =( GEOMETRIC_REPRESENTATION_CONTEXT ( 3 ) GLOBAL_UNCERTAINTY_ASSIGNED_CONTEXT ( ( #1945 ) ) GLOBAL_UNIT_ASSIGNED_CONTEXT ( ( #3187, #3078, #7880 ) ) REPRESENTATION_CONTEXT ( 'NONE', 'WORKASPACE' ) );
#6483 = ORIENTED_EDGE ( 'NONE', *, *, #133, .T. ) ;
#6484 =( LENGTH_UNIT ( ) NAMED_UNIT ( * ) SI_UNIT ( .MILLI., .METRE. ) );
#6485 = VECTOR ( 'NONE', #9949, 1000.000000000000000 ) ;
#6486 =( NAMED_UNIT ( * ) PLANE_ANGLE_UNIT ( ) SI_UNIT ( $, .RADIAN. ) );
#6487 = VERTEX_POINT ( 'NONE', #5853 ) ;
#6488 = LINE ( 'NONE', #3987, #2787 ) ;
#6489 = ADVANCED_FACE ( 'NONE', ( #8942 ), #1008, .T. ) ;
#6490 = PRESENTATION_STYLE_ASSIGNMENT (( #4974 ) ) ;
#6491 = ADVANCED_FACE ( 'NONE', ( #2904 ), #6948, .T. ) ;
#6492 = DIRECTION ( 'NONE',  ( -1.000000000000000000, 0.000000000000000000, 0.000000000000000000 ) ) ;
#6493 = DIRECTION ( 'NONE',  ( -1.000000000000000000, -0.000000000000000000, -0.000000000000000000 ) ) ;
#6494 = DIRECTION ( 'NONE',  ( 0.000000000000000000, 0.000000000000000000, -1.000000000000000000 ) ) ;
#6495 = CARTESIAN_POINT ( 'NONE',  ( 2.969999999999999751, 0.7249999999999999778, 2.000000000000000000 ) ) ;
#6496 = SURFACE_STYLE_USAGE ( .BOTH. , #4834 ) ;
#6497 = LINE ( 'NONE', #4779, #1591 ) ;
#6498 = DIRECTION ( 'NONE',  ( -1.000000000000000000, -0.000000000000000000, -0.000000000000000000 ) ) ;
#6499 = DIRECTION ( 'NONE',  ( -0.000000000000000000, 1.000000000000000000, 0.000000000000000000 ) ) ;
#6500 = DIRECTION ( 'NONE',  ( 1.000000000000000000, 0.000000000000000000, 0.000000000000000000 ) ) ;
#6501 = MECHANICAL_DESIGN_GEOMETRIC_PRESENTATION_REPRESENTATION (  '', ( #5001 ), #9725 ) ;
#6502 = ORIENTED_EDGE ( 'NONE', *, *, #6893, .T. ) ;
#6503 = FILL_AREA_STYLE_COLOUR ( '', #2160 ) ;
#6504 = FILL_AREA_STYLE ('',( #8965 ) ) ;
#6505 = FILL_AREA_STYLE_COLOUR ( '', #4302 ) ;
#6506 =( GEOMETRIC_REPRESENTATION_CONTEXT ( 3 ) GLOBAL_UNCERTAINTY_ASSIGNED_CONTEXT ( ( #1274 ) ) GLOBAL_UNIT_ASSIGNED_CONTEXT ( ( #5489, #10134, #6099 ) ) REPRESENTATION_CONTEXT ( 'NONE', 'WORKASPACE' ) );
#6507 = VECTOR ( 'NONE', #3891, 1000.000000000000000 ) ;
#6508 = DIRECTION ( 'NONE',  ( -0.000000000000000000, 0.000000000000000000, -1.000000000000000000 ) ) ;
#6509 = CYLINDRICAL_SURFACE ( 'NONE', #1504, 0.2823257994792188752 ) ;
#6510 = PRESENTATION_STYLE_ASSIGNMENT (( #790 ) ) ;
#6511 = ORIENTED_EDGE ( 'NONE', *, *, #9073, .T. ) ;
#6512 =( GEOMETRIC_REPRESENTATION_CONTEXT ( 3 ) GLOBAL_UNCERTAINTY_ASSIGNED_CONTEXT ( ( #3304 ) ) GLOBAL_UNIT_ASSIGNED_CONTEXT ( ( #7128, #8526, #10377 ) ) REPRESENTATION_CONTEXT ( 'NONE', 'WORKASPACE' ) );
#6513 = VECTOR ( 'NONE', #9935, 1000.000000000000000 ) ;
#6514 = SURFACE_SIDE_STYLE ('',( #8767 ) ) ;
#6515 = DIRECTION ( 'NONE',  ( -1.000000000000000000, -0.000000000000000000, -0.000000000000000000 ) ) ;
#6516 = COLOUR_RGB ( '',0.7529411764705882248, 0.7529411764705882248, 0.7529411764705882248 ) ;
#6517 = DIRECTION ( 'NONE',  ( 0.000000000000000000, -0.000000000000000000, 1.000000000000000000 ) ) ;
#6518 = CARTESIAN_POINT ( 'NONE',  ( 2.109999999999999432, 0.1823257994792188419, 2.542325799479218773 ) ) ;
#6519 = EDGE_CURVE ( 'NONE', #3916, #9572, #9981, .T. ) ;
#6520 = CARTESIAN_POINT ( 'NONE',  ( 0.4299999999999998268, 0.6426742005207811692, 2.459999999999999964 ) ) ;
#6521 = LINE ( 'NONE', #3118, #7009 ) ;
#6522 = FILL_AREA_STYLE ('',( #4755 ) ) ;
#6523 = VECTOR ( 'NONE', #9893, 1000.000000000000000 ) ;
#6524 = PRESENTATION_STYLE_ASSIGNMENT (( #951 ) ) ;
#6525 =( LENGTH_UNIT ( ) NAMED_UNIT ( * ) SI_UNIT ( .MILLI., .METRE. ) );
#6526 = ORIENTED_EDGE ( 'NONE', *, *, #4580, .T. ) ;
#6527 =( GEOMETRIC_REPRESENTATION_CONTEXT ( 3 ) GLOBAL_UNCERTAINTY_ASSIGNED_CONTEXT ( ( #6849 ) ) GLOBAL_UNIT_ASSIGNED_CONTEXT ( ( #9501, #8713, #6203 ) ) REPRESENTATION_CONTEXT ( 'NONE', 'WORKASPACE' ) );
#6528 = UNCERTAINTY_MEASURE_WITH_UNIT (LENGTH_MEASURE( 1.000000000000000082E-05 ), #6391, 'distance_accuracy_value', 'NONE');
#6529 = ADVANCED_FACE ( 'NONE', ( #5176 ), #8509, .T. ) ;
#6530 = COLOUR_RGB ( '',0.7529411764705882248, 0.7529411764705882248, 0.7529411764705882248 ) ;
#6531 = ORIENTED_EDGE ( 'NONE', *, *, #6850, .F. ) ;
#6532 = DIRECTION ( 'NONE',  ( 0.000000000000000000, 0.000000000000000000, -1.000000000000000000 ) ) ;
#6533 = COLOUR_RGB ( '',0.7529411764705882248, 0.7529411764705882248, 0.7529411764705882248 ) ;
#6534 = DIRECTION ( 'NONE',  ( -0.000000000000000000, 1.000000000000000000, 0.000000000000000000 ) ) ;
#6535 = SURFACE_SIDE_STYLE ('',( #1867 ) ) ;
#6536 = VECTOR ( 'NONE', #8568, 1000.000000000000000 ) ;
#6537 = COLOUR_RGB ( '',0.7529411764705882248, 0.7529411764705882248, 0.7529411764705882248 ) ;
#6538 = FILL_AREA_STYLE ('',( #1869 ) ) ;
#6539 = ORIENTED_EDGE ( 'NONE', *, *, #520, .T. ) ;
#6540 = ADVANCED_FACE ( 'NONE', ( #6162 ), #2064, .F. ) ;
#6541 = MECHANICAL_DESIGN_GEOMETRIC_PRESENTATION_REPRESENTATION (  '', ( #1326 ), #508 ) ;
#6542 = SURFACE_SIDE_STYLE ('',( #9046 ) ) ;
#6543 = ORIENTED_EDGE ( 'NONE', *, *, #4953, .T. ) ;
#6544 = DIRECTION ( 'NONE',  ( -1.000000000000000000, -0.000000000000000000, -0.000000000000000000 ) ) ;
#6545 = CARTESIAN_POINT ( 'NONE',  ( -0.4300000000000007150, 0.6426742005207811692, -2.260000000000000231 ) ) ;
#6546 = DIRECTION ( 'NONE',  ( 0.000000000000000000, 0.000000000000000000, 1.000000000000000000 ) ) ;
#6547 = STYLED_ITEM ( 'NONE', ( #10276 ), #2702 ) ;
#6548 = PRESENTATION_LAYER_ASSIGNMENT (  '', '', ( #8596 ) ) ;
#6549 = FILL_AREA_STYLE ('',( #6703 ) ) ;
#6550 = FILL_AREA_STYLE_COLOUR ( '', #3162 ) ;
#6551 = FILL_AREA_STYLE ('',( #869 ) ) ;
#6552 = LINE ( 'NONE', #8066, #3052 ) ;
#6553 = LINE ( 'NONE', #7250, #4996 ) ;
#6554 = EDGE_CURVE ( 'NONE', #6557, #2629, #2177, .T. ) ;
#6555 = EDGE_CURVE ( 'NONE', #368, #1010, #2332, .T. ) ;
#6556 =( LENGTH_UNIT ( ) NAMED_UNIT ( * ) SI_UNIT ( .MILLI., .METRE. ) );
#6557 = VERTEX_POINT ( 'NONE', #5492 ) ;
#6558 = COLOUR_RGB ( '',0.7529411764705882248, 0.7529411764705882248, 0.7529411764705882248 ) ;
#6559 = DIRECTION ( 'NONE',  ( 0.000000000000000000, 0.000000000000000000, 1.000000000000000000 ) ) ;
#6560 = PRESENTATION_STYLE_ASSIGNMENT (( #8222 ) ) ;
#6561 = UNCERTAINTY_MEASURE_WITH_UNIT (LENGTH_MEASURE( 1.000000000000000082E-05 ), #1368, 'distance_accuracy_value', 'NONE');
#6562 = CARTESIAN_POINT ( 'NONE',  ( -1.700000000000001066, 0.6426742005207811692, 2.459999999999999964 ) ) ;
#6563 = DIRECTION ( 'NONE',  ( -1.000000000000000000, -0.000000000000000000, -0.000000000000000000 ) ) ;
#6564 = SURFACE_STYLE_FILL_AREA ( #376 ) ;
#6565 = CARTESIAN_POINT ( 'NONE',  ( 2.109999999999999432, 0.6426742005207811692, -2.260000000000000231 ) ) ;
#6566 = FILL_AREA_STYLE_COLOUR ( '', #7002 ) ;
#6567 = LINE ( 'NONE', #935, #8527 ) ;
#6568 = EDGE_CURVE ( 'NONE', #7511, #10332, #5396, .T. ) ;
#6569 = ORIENTED_EDGE ( 'NONE', *, *, #6294, .T. ) ;
#6570 = CARTESIAN_POINT ( 'NONE',  ( 4.649999999999999467, 0.7249999999999999778, -2.000000000000000000 ) ) ;
#6571 = ORIENTED_EDGE ( 'NONE', *, *, #6767, .T. ) ;
#6572 = UNCERTAINTY_MEASURE_WITH_UNIT (LENGTH_MEASURE( 1.000000000000000082E-05 ), #3281, 'distance_accuracy_value', 'NONE');
#6573 = EDGE_CURVE ( 'NONE', #3020, #10037, #3070, .T. ) ;
#6574 = FILL_AREA_STYLE ('',( #2691 ) ) ;
#6575 = PLANE ( 'NONE',  #6440 ) ;
#6576 = CYLINDRICAL_SURFACE ( 'NONE', #9752, 0.2823257994792188752 ) ;
#6577 = PRESENTATION_STYLE_ASSIGNMENT (( #3278 ) ) ;
#6578 = CARTESIAN_POINT ( 'NONE',  ( 3.379999999999999449, 0.9250000000000000444, -2.000000000000000000 ) ) ;
#6579 = SURFACE_STYLE_USAGE ( .BOTH. , #952 ) ;
#6580 = VERTEX_POINT ( 'NONE', #7104 ) ;
#6581 = DIRECTION ( 'NONE',  ( -1.000000000000000000, -0.000000000000000000, -0.000000000000000000 ) ) ;
#6582 =( LENGTH_UNIT ( ) NAMED_UNIT ( * ) SI_UNIT ( .MILLI., .METRE. ) );
#6583 = EDGE_CURVE ( 'NONE', #8192, #4593, #3615, .T. ) ;
#6584 =( NAMED_UNIT ( * ) SI_UNIT ( $, .STERADIAN. ) SOLID_ANGLE_UNIT ( ) );
#6585 = DIRECTION ( 'NONE',  ( 0.000000000000000000, -1.000000000000000000, 0.000000000000000000 ) ) ;
#6586 = LINE ( 'NONE', #9727, #5109 ) ;
#6587 = ORIENTED_EDGE ( 'NONE', *, *, #7622, .T. ) ;
#6588 = ORIENTED_EDGE ( 'NONE', *, *, #62, .T. ) ;
#6589 = DIRECTION ( 'NONE',  ( 0.000000000000000000, 0.000000000000000000, 1.000000000000000000 ) ) ;
#6590 = CARTESIAN_POINT ( 'NONE',  ( 1.699999999999999734, 0.9250000000000000444, -2.000000000000000000 ) ) ;
#6591 = PLANE ( 'NONE',  #9450 ) ;
#6592 = CARTESIAN_POINT ( 'NONE',  ( -1.700000000000001066, 0.6426742005207811692, -2.459999999999999964 ) ) ;
#6593 = FILL_AREA_STYLE ('',( #5134 ) ) ;
#6594 = SURFACE_STYLE_FILL_AREA ( #4209 ) ;
#6595 = PRESENTATION_LAYER_ASSIGNMENT (  '', '', ( #1733 ) ) ;
#6596 = CARTESIAN_POINT ( 'NONE',  ( -4.240000000000001101, 0.9250000000000000444, -2.000000000000000000 ) ) ;
#6597 = LINE ( 'NONE', #8212, #9160 ) ;
#6598 = DIRECTION ( 'NONE',  ( -1.000000000000000000, 0.000000000000000000, -0.000000000000000000 ) ) ;
#6599 = DIRECTION ( 'NONE',  ( -1.000000000000000000, -0.000000000000000000, -0.000000000000000000 ) ) ;
#6600 = LINE ( 'NONE', #4254, #4991 ) ;
#6601 = DIRECTION ( 'NONE',  ( -1.000000000000000000, -0.000000000000000000, -0.000000000000000000 ) ) ;
#6602 = SURFACE_STYLE_FILL_AREA ( #4256 ) ;
#6603 = MECHANICAL_DESIGN_GEOMETRIC_PRESENTATION_REPRESENTATION (  '', ( #6093 ), #191 ) ;
#6604 =( NAMED_UNIT ( * ) SI_UNIT ( $, .STERADIAN. ) SOLID_ANGLE_UNIT ( ) );
#6605 = DIRECTION ( 'NONE',  ( 0.000000000000000000, 0.000000000000000000, 1.000000000000000000 ) ) ;
#6606 = VERTEX_POINT ( 'NONE', #6211 ) ;
#6607 = PRESENTATION_STYLE_ASSIGNMENT (( #2571 ) ) ;
#6608 = LINE ( 'NONE', #4172, #8346 ) ;
#6609 = CIRCLE ( 'NONE', #1400, 0.08232579947921878083 ) ;
#6610 = VECTOR ( 'NONE', #1654, 1000.000000000000000 ) ;
#6611 = LINE ( 'NONE', #5882, #8438 ) ;
#6612 = ADVANCED_FACE ( 'NONE', ( #9558 ), #5442, .F. ) ;
#6613 = COLOUR_RGB ( '',0.7529411764705882248, 0.7529411764705882248, 0.7529411764705882248 ) ;
#6614 = FILL_AREA_STYLE ('',( #9076 ) ) ;
#6615 =( LENGTH_UNIT ( ) NAMED_UNIT ( * ) SI_UNIT ( .MILLI., .METRE. ) );
#6616 = FILL_AREA_STYLE ('',( #2536 ) ) ;
#6617 = ORIENTED_EDGE ( 'NONE', *, *, #2913, .F. ) ;
#6618 = PRESENTATION_LAYER_ASSIGNMENT (  '', '', ( #2421 ) ) ;
#6619 = COLOUR_RGB ( '',0.7529411764705882248, 0.7529411764705882248, 0.7529411764705882248 ) ;
#6620 = DIRECTION ( 'NONE',  ( 0.000000000000000000, 0.000000000000000000, -1.000000000000000000 ) ) ;
#6621 = VERTEX_POINT ( 'NONE', #1369 ) ;
#6622 = STYLED_ITEM ( 'NONE', ( #5896 ), #9394 ) ;
#6623 = SURFACE_STYLE_FILL_AREA ( #4118 ) ;
#6624 = VECTOR ( 'NONE', #3461, 1000.000000000000000 ) ;
#6625 = DIRECTION ( 'NONE',  ( 0.000000000000000000, 0.000000000000000000, 1.000000000000000000 ) ) ;
#6626 = EDGE_CURVE ( 'NONE', #10305, #4021, #4592, .T. ) ;
#6627 = PLANE ( 'NONE',  #7992 ) ;
#6628 = VECTOR ( 'NONE', #10247, 1000.000000000000000 ) ;
#6629 = CARTESIAN_POINT ( 'NONE',  ( 1.699999999999999734, 0.1000000000000000056, -3.000000000000000000 ) ) ;
#6630 = FACE_OUTER_BOUND ( 'NONE', #8614, .T. ) ;
#6631 = ORIENTED_EDGE ( 'NONE', *, *, #7512, .T. ) ;
#6632 = STYLED_ITEM ( 'NONE', ( #9458 ), #5362 ) ;
#6633 = ORIENTED_EDGE ( 'NONE', *, *, #1630, .T. ) ;
#6634 =( LENGTH_UNIT ( ) NAMED_UNIT ( * ) SI_UNIT ( .MILLI., .METRE. ) );
#6635 = AXIS2_PLACEMENT_3D ( 'NONE', #7330, #4137, #3188 ) ;
#6636 = STYLED_ITEM ( 'NONE', ( #4228 ), #5462 ) ;
#6637 = CARTESIAN_POINT ( 'NONE',  ( -2.970000000000000639, -0.1000000000000000056, -3.000000000000000000 ) ) ;
#6638 = CARTESIAN_POINT ( 'NONE',  ( 4.649999999999999467, 0.1000000000000000056, 3.000000000000000000 ) ) ;
#6639 = EDGE_CURVE ( 'NONE', #5504, #6369, #7058, .T. ) ;
#6640 = ADVANCED_FACE ( 'NONE', ( #7803 ), #1552, .F. ) ;
#6641 = DIRECTION ( 'NONE',  ( -0.000000000000000000, -1.000000000000000000, -0.000000000000000000 ) ) ;
#6642 = FILL_AREA_STYLE ('',( #9937 ) ) ;
#6643 = VERTEX_POINT ( 'NONE', #1446 ) ;
#6644 =( GEOMETRIC_REPRESENTATION_CONTEXT ( 3 ) GLOBAL_UNCERTAINTY_ASSIGNED_CONTEXT ( ( #1406 ) ) GLOBAL_UNIT_ASSIGNED_CONTEXT ( ( #50, #2562, #4773 ) ) REPRESENTATION_CONTEXT ( 'NONE', 'WORKASPACE' ) );
#6645 = MECHANICAL_DESIGN_GEOMETRIC_PRESENTATION_REPRESENTATION (  '', ( #5311 ), #1790 ) ;
#6646 = PRESENTATION_LAYER_ASSIGNMENT (  '', '', ( #6981 ) ) ;
#6647 = AXIS2_PLACEMENT_3D ( 'NONE', #3790, #4582, #3953 ) ;
#6648 = SURFACE_STYLE_FILL_AREA ( #398 ) ;
#6649 = ORIENTED_EDGE ( 'NONE', *, *, #9704, .T. ) ;
#6650 = FILL_AREA_STYLE_COLOUR ( '', #9093 ) ;
#6651 = DIRECTION ( 'NONE',  ( 0.000000000000000000, 1.000000000000000000, 0.000000000000000000 ) ) ;
#6652 = PRESENTATION_STYLE_ASSIGNMENT (( #5024 ) ) ;
#6653 = VECTOR ( 'NONE', #10365, 1000.000000000000000 ) ;
#6654 = DIRECTION ( 'NONE',  ( 0.000000000000000000, -0.000000000000000000, 1.000000000000000000 ) ) ;
#6655 = CARTESIAN_POINT ( 'NONE',  ( -1.700000000000001066, 0.1000000000000000056, -3.000000000000000000 ) ) ;
#6656 = STYLED_ITEM ( 'NONE', ( #4847 ), #5806 ) ;
#6657 = CARTESIAN_POINT ( 'NONE',  ( -0.4300000000000007150, -0.1000000000000000056, -2.542325799479218773 ) ) ;
#6658 = DIRECTION ( 'NONE',  ( 0.000000000000000000, 0.000000000000000000, 1.000000000000000000 ) ) ;
#6659 = DIRECTION ( 'NONE',  ( 0.000000000000000000, 0.000000000000000000, 1.000000000000000000 ) ) ;
#6660 = CARTESIAN_POINT ( 'NONE',  ( -2.970000000000000639, 0.1000000000000000056, 2.542325799479218773 ) ) ;
#6661 = STYLED_ITEM ( 'NONE', ( #1655 ), #7407 ) ;
#6662 = ORIENTED_EDGE ( 'NONE', *, *, #10208, .F. ) ;
#6663 = DIRECTION ( 'NONE',  ( -1.000000000000000000, 0.000000000000000000, -0.000000000000000000 ) ) ;
#6664 = AXIS2_PLACEMENT_3D ( 'NONE', #5142, #4591, #6160 ) ;
#6665 = FILL_AREA_STYLE_COLOUR ( '', #2655 ) ;
#6666 = CARTESIAN_POINT ( 'NONE',  ( -0.4300000000000007150, 0.7249999999999999778, -2.000000000000000000 ) ) ;
#6667 = STYLED_ITEM ( 'NONE', ( #2535 ), #6132 ) ;
#6668 = LINE ( 'NONE', #6827, #3764 ) ;
#6669 = VECTOR ( 'NONE', #4231, 1000.000000000000000 ) ;
#6670 = VERTEX_POINT ( 'NONE', #4669 ) ;
#6671 = FILL_AREA_STYLE ('',( #6452 ) ) ;
#6672 = ORIENTED_EDGE ( 'NONE', *, *, #3980, .F. ) ;
#6673 = ORIENTED_EDGE ( 'NONE', *, *, #7171, .F. ) ;
#6674 = EDGE_CURVE ( 'NONE', #8639, #10284, #3882, .T. ) ;
#6675 =( NAMED_UNIT ( * ) SI_UNIT ( $, .STERADIAN. ) SOLID_ANGLE_UNIT ( ) );
#6676 = VECTOR ( 'NONE', #604, 1000.000000000000000 ) ;
#6677 = CARTESIAN_POINT ( 'NONE',  ( -4.240000000000001101, 0.6426742005207811692, -2.177674200520781422 ) ) ;
#6678 = FILL_AREA_STYLE ('',( #3485 ) ) ;
#6679 = CARTESIAN_POINT ( 'NONE',  ( -0.4300000000000007150, 0.9250000000000000444, 2.000000000000000000 ) ) ;
#6680 =( NAMED_UNIT ( * ) SI_UNIT ( $, .STERADIAN. ) SOLID_ANGLE_UNIT ( ) );
#6681 = ORIENTED_EDGE ( 'NONE', *, *, #7570, .T. ) ;
#6682 = COLOUR_RGB ( '',0.7529411764705882248, 0.7529411764705882248, 0.7529411764705882248 ) ;
#6683 = VECTOR ( 'NONE', #9822, 1000.000000000000000 ) ;
#6684 = ADVANCED_FACE ( 'NONE', ( #2297 ), #10421, .F. ) ;
#6685 = EDGE_CURVE ( 'NONE', #1818, #6746, #5644, .T. ) ;
#6686 = DIRECTION ( 'NONE',  ( 0.000000000000000000, -1.000000000000000000, 0.000000000000000000 ) ) ;
#6687 = CIRCLE ( 'NONE', #9423, 0.2823257994792188752 ) ;
#6688 = LINE ( 'NONE', #3435, #7607 ) ;
#6689 = CARTESIAN_POINT ( 'NONE',  ( -4.240000000000001101, 0.1000000000000000056, -2.542325799479218773 ) ) ;
#6690 = ORIENTED_EDGE ( 'NONE', *, *, #2088, .F. ) ;
#6691 = COLOUR_RGB ( '',0.7529411764705882248, 0.7529411764705882248, 0.7529411764705882248 ) ;
#6692 =( GEOMETRIC_REPRESENTATION_CONTEXT ( 3 ) GLOBAL_UNCERTAINTY_ASSIGNED_CONTEXT ( ( #9015 ) ) GLOBAL_UNIT_ASSIGNED_CONTEXT ( ( #4094, #8114, #5866 ) ) REPRESENTATION_CONTEXT ( 'NONE', 'WORKASPACE' ) );
#6693 = EDGE_LOOP ( 'NONE', ( #7226, #6843, #6838, #9417 ) ) ;
#6694 = DIRECTION ( 'NONE',  ( -1.000000000000000000, -0.000000000000000000, -0.000000000000000000 ) ) ;
#6695 = CARTESIAN_POINT ( 'NONE',  ( 4.649999999999999467, 0.6426742005207811692, -2.177674200520781422 ) ) ;
#6696 = EDGE_CURVE ( 'NONE', #622, #7155, #1599, .T. ) ;
#6697 = DIRECTION ( 'NONE',  ( 0.000000000000000000, 0.000000000000000000, -1.000000000000000000 ) ) ;
#6698 = SURFACE_SIDE_STYLE ('',( #3509 ) ) ;
#6699 = VECTOR ( 'NONE', #7876, 1000.000000000000000 ) ;
#6700 = CIRCLE ( 'NONE', #2682, 0.08232579947921878083 ) ;
#6701 = EDGE_CURVE ( 'NONE', #7807, #6730, #4814, .T. ) ;
#6702 = CARTESIAN_POINT ( 'NONE',  ( 2.969999999999999751, 0.9250000000000000444, -2.000000000000000000 ) ) ;
#6703 = FILL_AREA_STYLE_COLOUR ( '', #5096 ) ;
#6704 =( NAMED_UNIT ( * ) SI_UNIT ( $, .STERADIAN. ) SOLID_ANGLE_UNIT ( ) );
#6705 = SURFACE_STYLE_USAGE ( .BOTH. , #1826 ) ;
#6706 = COLOUR_RGB ( '',0.7529411764705882248, 0.7529411764705882248, 0.7529411764705882248 ) ;
#6707 = AXIS2_PLACEMENT_3D ( 'NONE', #2240, #2983, #7765 ) ;
#6708 = ORIENTED_EDGE ( 'NONE', *, *, #9452, .F. ) ;
#6709 = SURFACE_STYLE_USAGE ( .BOTH. , #1316 ) ;
#6710 = DIRECTION ( 'NONE',  ( 0.000000000000000000, 0.000000000000000000, 1.000000000000000000 ) ) ;
#6711 = DIRECTION ( 'NONE',  ( -1.000000000000000000, 0.000000000000000000, 0.000000000000000000 ) ) ;
#6712 = EDGE_LOOP ( 'NONE', ( #8251, #10415, #707, #9346 ) ) ;
#6713 = PRESENTATION_LAYER_ASSIGNMENT (  '', '', ( #4047 ) ) ;
#6714 = CARTESIAN_POINT ( 'NONE',  ( 1.699999999999999734, -0.1000000000000000056, 2.542325799479218773 ) ) ;
#6715 = PRESENTATION_STYLE_ASSIGNMENT (( #7406 ) ) ;
#6716 = SURFACE_STYLE_FILL_AREA ( #2880 ) ;
#6717 = DIRECTION ( 'NONE',  ( 0.000000000000000000, -1.000000000000000000, 0.000000000000000000 ) ) ;
#6718 = COLOUR_RGB ( '',0.7529411764705882248, 0.7529411764705882248, 0.7529411764705882248 ) ;
#6719 = LINE ( 'NONE', #7501, #1865 ) ;
#6720 = AXIS2_PLACEMENT_3D ( 'NONE', #9576, #1339, #667 ) ;
#6721 = EDGE_CURVE ( 'NONE', #1805, #9982, #2553, .T. ) ;
#6722 = CARTESIAN_POINT ( 'NONE',  ( -0.8400000000000005240, 0.1000000000000000056, -3.000000000000000000 ) ) ;
#6723 = FACE_OUTER_BOUND ( 'NONE', #7151, .T. ) ;
#6724 = FILL_AREA_STYLE ('',( #3414 ) ) ;
#6725 = SURFACE_STYLE_FILL_AREA ( #425 ) ;
#6726 = VERTEX_POINT ( 'NONE', #956 ) ;
#6727 = VECTOR ( 'NONE', #9999, 1000.000000000000000 ) ;
#6728 = DIRECTION ( 'NONE',  ( 0.000000000000000000, 0.000000000000000000, 1.000000000000000000 ) ) ;
#6729 = EDGE_LOOP ( 'NONE', ( #2145, #1187, #7991, #3737, #9415, #1708, #3297, #5093, #9656, #7928, #7059, #7902 ) ) ;
#6730 = VERTEX_POINT ( 'NONE', #7175 ) ;
#6731 = ORIENTED_EDGE ( 'NONE', *, *, #2995, .F. ) ;
#6732 = FILL_AREA_STYLE_COLOUR ( '', #3492 ) ;
#6733 = SURFACE_STYLE_USAGE ( .BOTH. , #4327 ) ;
#6734 = LINE ( 'NONE', #9968, #8480 ) ;
#6735 =( NAMED_UNIT ( * ) PLANE_ANGLE_UNIT ( ) SI_UNIT ( $, .RADIAN. ) );
#6736 = CARTESIAN_POINT ( 'NONE',  ( 4.649999999999999467, -0.1000000000000000056, 2.542325799479218773 ) ) ;
#6737 = EDGE_LOOP ( 'NONE', ( #7481, #7194, #3708, #8513, #721, #382, #5252, #3729, #5273, #3897, #1555, #2569 ) ) ;
#6738 = CARTESIAN_POINT ( 'NONE',  ( 2.969999999999999751, 0.6426742005207811692, 2.459999999999999964 ) ) ;
#6739 = ORIENTED_EDGE ( 'NONE', *, *, #481, .T. ) ;
#6740 = CYLINDRICAL_SURFACE ( 'NONE', #8672, 0.08232579947921878083 ) ;
#6741 = FILL_AREA_STYLE_COLOUR ( '', #3287 ) ;
#6742 = ADVANCED_FACE ( 'NONE', ( #7382 ), #6476, .T. ) ;
#6743 = LINE ( 'NONE', #5795, #5452 ) ;
#6744 = FACE_BOUND ( 'NONE', #1939, .T. ) ;
#6745 = PRESENTATION_STYLE_ASSIGNMENT (( #6064 ) ) ;
#6746 = VERTEX_POINT ( 'NONE', #5065 ) ;
#6747 = ORIENTED_EDGE ( 'NONE', *, *, #2537, .F. ) ;
#6748 = DIRECTION ( 'NONE',  ( 1.000000000000000000, 0.000000000000000000, 0.000000000000000000 ) ) ;
#6749 = ORIENTED_EDGE ( 'NONE', *, *, #5410, .F. ) ;
#6750 = PLANE ( 'NONE',  #7483 ) ;
#6751 =( NAMED_UNIT ( * ) SI_UNIT ( $, .STERADIAN. ) SOLID_ANGLE_UNIT ( ) );
#6752 = CARTESIAN_POINT ( 'NONE',  ( -2.110000000000000764, -0.1000000000000000056, 2.542325799479218773 ) ) ;
#6753 = UNCERTAINTY_MEASURE_WITH_UNIT (LENGTH_MEASURE( 1.000000000000000082E-05 ), #1111, 'distance_accuracy_value', 'NONE');
#6754 = FACE_OUTER_BOUND ( 'NONE', #2550, .T. ) ;
#6755 = DIRECTION ( 'NONE',  ( 0.000000000000000000, -0.000000000000000000, -1.000000000000000000 ) ) ;
#6756 = ORIENTED_EDGE ( 'NONE', *, *, #4039, .F. ) ;
#6757 = EDGE_CURVE ( 'NONE', #5833, #310, #9254, .T. ) ;
#6758 =( NAMED_UNIT ( * ) PLANE_ANGLE_UNIT ( ) SI_UNIT ( $, .RADIAN. ) );
#6759 = DIRECTION ( 'NONE',  ( 0.000000000000000000, -0.000000000000000000, -1.000000000000000000 ) ) ;
#6760 = VERTEX_POINT ( 'NONE', #2701 ) ;
#6761 = DIRECTION ( 'NONE',  ( 0.000000000000000000, 0.000000000000000000, 1.000000000000000000 ) ) ;
#6762 = FILL_AREA_STYLE ('',( #1127 ) ) ;
#6763 = UNCERTAINTY_MEASURE_WITH_UNIT (LENGTH_MEASURE( 1.000000000000000082E-05 ), #6582, 'distance_accuracy_value', 'NONE');
#6764 = CIRCLE ( 'NONE', #3750, 0.08232579947921878083 ) ;
#6765 = DIRECTION ( 'NONE',  ( 1.000000000000000000, 0.000000000000000000, -0.000000000000000000 ) ) ;
#6766 = CARTESIAN_POINT ( 'NONE',  ( -1.700000000000001066, 0.1000000000000000056, -3.000000000000000000 ) ) ;
#6767 = EDGE_CURVE ( 'NONE', #3006, #2784, #8293, .T. ) ;
#6768 = CARTESIAN_POINT ( 'NONE',  ( 4.999999999999999112, 0.9499999999999816369, 2.000000000000000000 ) ) ;
#6769 = EDGE_CURVE ( 'NONE', #2833, #7841, #6796, .T. ) ;
#6770 = PLANE ( 'NONE',  #4988 ) ;
#6771 = ORIENTED_EDGE ( 'NONE', *, *, #6094, .T. ) ;
#6772 =( NAMED_UNIT ( * ) SI_UNIT ( $, .STERADIAN. ) SOLID_ANGLE_UNIT ( ) );
#6773 = ORIENTED_EDGE ( 'NONE', *, *, #645, .F. ) ;
#6774 = ORIENTED_EDGE ( 'NONE', *, *, #728, .T. ) ;
#6775 = ORIENTED_EDGE ( 'NONE', *, *, #7135, .T. ) ;
#6776 = ADVANCED_FACE ( 'NONE', ( #7425 ), #3552, .F. ) ;
#6777 =( NAMED_UNIT ( * ) PLANE_ANGLE_UNIT ( ) SI_UNIT ( $, .RADIAN. ) );
#6778 = AXIS2_PLACEMENT_3D ( 'NONE', #3682, #6187, #8589 ) ;
#6779 = ORIENTED_EDGE ( 'NONE', *, *, #7981, .F. ) ;
#6780 = SURFACE_STYLE_USAGE ( .BOTH. , #3587 ) ;
#6781 = LINE ( 'NONE', #2694, #121 ) ;
#6782 = SURFACE_STYLE_USAGE ( .BOTH. , #9342 ) ;
#6783 = AXIS2_PLACEMENT_3D ( 'NONE', #1439, #4666, #7987 ) ;
#6784 = VERTEX_POINT ( 'NONE', #3496 ) ;
#6785 = VECTOR ( 'NONE', #5366, 1000.000000000000000 ) ;
#6786 = EDGE_LOOP ( 'NONE', ( #509, #5377, #8091, #4005 ) ) ;
#6787 = ADVANCED_FACE ( 'NONE', ( #1042 ), #1154, .F. ) ;
#6788 = SURFACE_STYLE_FILL_AREA ( #2796 ) ;
#6789 = VECTOR ( 'NONE', #5780, 1000.000000000000000 ) ;
#6790 = STYLED_ITEM ( 'NONE', ( #6472 ), #9434 ) ;
#6791 = CARTESIAN_POINT ( 'NONE',  ( -1.700000000000001066, 0.1823257994792188419, 2.542325799479218773 ) ) ;
#6792 =( NAMED_UNIT ( * ) PLANE_ANGLE_UNIT ( ) SI_UNIT ( $, .RADIAN. ) );
#6793 = CIRCLE ( 'NONE', #2602, 0.2823257994792188752 ) ;
#6794 = LINE ( 'NONE', #2745, #8065 ) ;
#6795 = VERTEX_POINT ( 'NONE', #7683 ) ;
#6796 = CIRCLE ( 'NONE', #9528, 0.2823257994792188752 ) ;
#6797 = DIRECTION ( 'NONE',  ( -1.000000000000000000, 0.000000000000000000, 0.000000000000000000 ) ) ;
#6798 = VECTOR ( 'NONE', #2325, 1000.000000000000000 ) ;
#6799 = EDGE_LOOP ( 'NONE', ( #8586, #222, #6468, #1491 ) ) ;
#6800 = ADVANCED_FACE ( 'NONE', ( #1484 ), #10301, .T. ) ;
#6801 = AXIS2_PLACEMENT_3D ( 'NONE', #42, #7523, #4821 ) ;
#6802 = PLANE ( 'NONE',  #7047 ) ;
#6803 = CARTESIAN_POINT ( 'NONE',  ( 2.969999999999999751, 0.9250000000000000444, 2.000000000000000000 ) ) ;
#6804 = LINE ( 'NONE', #7585, #2532 ) ;
#6805 = LINE ( 'NONE', #6655, #1959 ) ;
#6806 = CARTESIAN_POINT ( 'NONE',  ( 2.109999999999999432, -0.1000000000000000056, 2.542325799479218773 ) ) ;
#6807 = PRESENTATION_LAYER_ASSIGNMENT (  '', '', ( #1612 ) ) ;
#6808 = CARTESIAN_POINT ( 'NONE',  ( 2.109999999999999432, 0.1000000000000000056, 3.000000000000000000 ) ) ;
#6809 = MECHANICAL_DESIGN_GEOMETRIC_PRESENTATION_REPRESENTATION (  '', ( #10370 ), #4637 ) ;
#6810 = CARTESIAN_POINT ( 'NONE',  ( 2.969999999999999751, 0.1000000000000000056, 3.000000000000000000 ) ) ;
#6811 = STYLED_ITEM ( 'NONE', ( #7560 ), #5519 ) ;
#6812 = CYLINDRICAL_SURFACE ( 'NONE', #10358, 0.2823257994792188752 ) ;
#6813 = PLANE ( 'NONE',  #124 ) ;
#6814 = VERTEX_POINT ( 'NONE', #2118 ) ;
#6815 = EDGE_CURVE ( 'NONE', #6670, #8356, #10133, .T. ) ;
#6816 = DIRECTION ( 'NONE',  ( 0.000000000000000000, 0.000000000000000000, 1.000000000000000000 ) ) ;
#6817 = PRESENTATION_LAYER_ASSIGNMENT (  '', '', ( #4151 ) ) ;
#6818 = EDGE_CURVE ( 'NONE', #1322, #9444, #5961, .T. ) ;
#6819 = CARTESIAN_POINT ( 'NONE',  ( 2.109999999999999432, -0.1000000000000000056, 3.000000000000000000 ) ) ;
#6820 = COLOUR_RGB ( '',0.7529411764705882248, 0.7529411764705882248, 0.7529411764705882248 ) ;
#6821 = LINE ( 'NONE', #3525, #5525 ) ;
#6822 =( NAMED_UNIT ( * ) PLANE_ANGLE_UNIT ( ) SI_UNIT ( $, .RADIAN. ) );
#6823 = APPLICATION_CONTEXT ( 'automotive_design' ) ;
#6824 = DIRECTION ( 'NONE',  ( 0.9848077530122085754, -0.1736481776669273613, 0.000000000000000000 ) ) ;
#6825 = LINE ( 'NONE', #5204, #9095 ) ;
#6826 = VECTOR ( 'NONE', #4633, 1000.000000000000000 ) ;
#6827 = CARTESIAN_POINT ( 'NONE',  ( -3.380000000000000338, 0.6426742005207811692, 2.260000000000000231 ) ) ;
#6828 = LINE ( 'NONE', #4470, #10225 ) ;
#6829 = MECHANICAL_DESIGN_GEOMETRIC_PRESENTATION_REPRESENTATION (  '', ( #291 ), #6482 ) ;
#6830 = ORIENTED_EDGE ( 'NONE', *, *, #8714, .F. ) ;
#6831 = PRESENTATION_LAYER_ASSIGNMENT (  '', '', ( #6656 ) ) ;
#6832 = CARTESIAN_POINT ( 'NONE',  ( -2.970000000000000639, -0.1000000000000000056, 2.542325799479218773 ) ) ;
#6833 = ORIENTED_EDGE ( 'NONE', *, *, #10265, .T. ) ;
#6834 = ORIENTED_EDGE ( 'NONE', *, *, #7937, .F. ) ;
#6835 = COLOUR_RGB ( '',0.7529411764705882248, 0.7529411764705882248, 0.7529411764705882248 ) ;
#6836 = ORIENTED_EDGE ( 'NONE', *, *, #8980, .T. ) ;
#6837 =( NAMED_UNIT ( * ) SI_UNIT ( $, .STERADIAN. ) SOLID_ANGLE_UNIT ( ) );
#6838 = ORIENTED_EDGE ( 'NONE', *, *, #1548, .F. ) ;
#6839 =( GEOMETRIC_REPRESENTATION_CONTEXT ( 3 ) GLOBAL_UNCERTAINTY_ASSIGNED_CONTEXT ( ( #6239 ) ) GLOBAL_UNIT_ASSIGNED_CONTEXT ( ( #2260, #10292, #1411 ) ) REPRESENTATION_CONTEXT ( 'NONE', 'WORKASPACE' ) );
#6840 = SURFACE_STYLE_FILL_AREA ( #6890 ) ;
#6841 = CARTESIAN_POINT ( 'NONE',  ( 4.649999999999999467, -0.1000000000000000056, -2.542325799479218773 ) ) ;
#6842 = FILL_AREA_STYLE ('',( #9294 ) ) ;
#6843 = ORIENTED_EDGE ( 'NONE', *, *, #5420, .F. ) ;
#6844 = ORIENTED_EDGE ( 'NONE', *, *, #4066, .F. ) ;
#6845 = ORIENTED_EDGE ( 'NONE', *, *, #2574, .F. ) ;
#6846 = UNCERTAINTY_MEASURE_WITH_UNIT (LENGTH_MEASURE( 1.000000000000000082E-05 ), #9478, 'distance_accuracy_value', 'NONE');
#6847 = VECTOR ( 'NONE', #1595, 1000.000000000000000 ) ;
#6848 = CARTESIAN_POINT ( 'NONE',  ( -0.4300000000000007150, 0.7249999999999999778, -2.000000000000000000 ) ) ;
#6849 = UNCERTAINTY_MEASURE_WITH_UNIT (LENGTH_MEASURE( 1.000000000000000082E-05 ), #9501, 'distance_accuracy_value', 'NONE');
#6850 = EDGE_CURVE ( 'NONE', #6814, #1510, #6944, .T. ) ;
#6851 = SURFACE_SIDE_STYLE ('',( #3858 ) ) ;
#6852 = AXIS2_PLACEMENT_3D ( 'NONE', #8476, #8377, #1224 ) ;
#6853 = CIRCLE ( 'NONE', #8225, 0.08232579947921878083 ) ;
#6854 = SURFACE_STYLE_FILL_AREA ( #7578 ) ;
#6855 = ORIENTED_EDGE ( 'NONE', *, *, #211, .F. ) ;
#6856 = SURFACE_SIDE_STYLE ('',( #7631 ) ) ;
#6857 = ORIENTED_EDGE ( 'NONE', *, *, #9951, .F. ) ;
#6858 = DIRECTION ( 'NONE',  ( 0.000000000000000000, 0.000000000000000000, -1.000000000000000000 ) ) ;
#6859 = VECTOR ( 'NONE', #6940, 1000.000000000000000 ) ;
#6860 = CARTESIAN_POINT ( 'NONE',  ( 4.240000000000000213, -0.1000000000000000056, -3.000000000000000000 ) ) ;
#6861 = VECTOR ( 'NONE', #3293, 1000.000000000000000 ) ;
#6862 = DIRECTION ( 'NONE',  ( -1.000000000000000000, -0.000000000000000000, -0.000000000000000000 ) ) ;
#6863 = VECTOR ( 'NONE', #5149, 1000.000000000000000 ) ;
#6864 = UNCERTAINTY_MEASURE_WITH_UNIT (LENGTH_MEASURE( 1.000000000000000082E-05 ), #6181, 'distance_accuracy_value', 'NONE');
#6865 = FACE_OUTER_BOUND ( 'NONE', #10241, .T. ) ;
#6866 = UNCERTAINTY_MEASURE_WITH_UNIT (LENGTH_MEASURE( 1.000000000000000082E-05 ), #5438, 'distance_accuracy_value', 'NONE');
#6867 = CARTESIAN_POINT ( 'NONE',  ( -0.4300000000000007150, 0.6426742005207811692, -2.260000000000000231 ) ) ;
#6868 = ADVANCED_FACE ( 'NONE', ( #7860 ), #7747, .T. ) ;
#6869 = VERTEX_POINT ( 'NONE', #4753 ) ;
#6870 = AXIS2_PLACEMENT_3D ( 'NONE', #9831, #1880, #4096 ) ;
#6871 =( GEOMETRIC_REPRESENTATION_CONTEXT ( 3 ) GLOBAL_UNCERTAINTY_ASSIGNED_CONTEXT ( ( #1363 ) ) GLOBAL_UNIT_ASSIGNED_CONTEXT ( ( #3572, #8315, #216 ) ) REPRESENTATION_CONTEXT ( 'NONE', 'WORKASPACE' ) );
#6872 = DIRECTION ( 'NONE',  ( 0.000000000000000000, -1.000000000000000000, 0.000000000000000000 ) ) ;
#6873 = ORIENTED_EDGE ( 'NONE', *, *, #2195, .F. ) ;
#6874 = CARTESIAN_POINT ( 'NONE',  ( -2.970000000000000639, 0.7249999999999999778, 2.000000000000000000 ) ) ;
#6875 = SURFACE_STYLE_USAGE ( .BOTH. , #8584 ) ;
#6876 = DIRECTION ( 'NONE',  ( -1.000000000000000000, -0.000000000000000000, -0.000000000000000000 ) ) ;
#6877 = ORIENTED_EDGE ( 'NONE', *, *, #8716, .T. ) ;
#6878 = STYLED_ITEM ( 'NONE', ( #7832 ), #1715 ) ;
#6879 = CIRCLE ( 'NONE', #4212, 0.08232579947921878083 ) ;
#6880 = ADVANCED_FACE ( 'NONE', ( #9554 ), #3911, .F. ) ;
#6881 = CARTESIAN_POINT ( 'NONE',  ( -2.970000000000000639, -0.1000000000000000056, 2.542325799479218773 ) ) ;
#6882 = CARTESIAN_POINT ( 'NONE',  ( -4.650000000000000355, 0.1823257994792188419, -2.459999999999999964 ) ) ;
#6883 = PLANE ( 'NONE',  #2752 ) ;
#6884 = CIRCLE ( 'NONE', #8585, 0.08232579947921878083 ) ;
#6885 = ORIENTED_EDGE ( 'NONE', *, *, #5272, .F. ) ;
#6886 =( NAMED_UNIT ( * ) PLANE_ANGLE_UNIT ( ) SI_UNIT ( $, .RADIAN. ) );
#6887 = EDGE_LOOP ( 'NONE', ( #6844, #7738, #5934, #8664 ) ) ;
#6888 = ORIENTED_EDGE ( 'NONE', *, *, #4527, .T. ) ;
#6889 = FILL_AREA_STYLE ('',( #3332 ) ) ;
#6890 = FILL_AREA_STYLE ('',( #5376 ) ) ;
#6891 = SURFACE_SIDE_STYLE ('',( #3590 ) ) ;
#6892 = CARTESIAN_POINT ( 'NONE',  ( -0.8400000000000005240, 0.1823257994792188696, -2.259999999999999787 ) ) ;
#6893 = EDGE_CURVE ( 'NONE', #9012, #2793, #8087, .T. ) ;
#6894 = ORIENTED_EDGE ( 'NONE', *, *, #1908, .T. ) ;
#6895 = AXIS2_PLACEMENT_3D ( 'NONE', #3197, #7281, #7996 ) ;
#6896 = LINE ( 'NONE', #4388, #4621 ) ;
#6897 = CYLINDRICAL_SURFACE ( 'NONE', #10179, 0.2823257994792188752 ) ;
#6898 =( LENGTH_UNIT ( ) NAMED_UNIT ( * ) SI_UNIT ( .MILLI., .METRE. ) );
#6899 = PRESENTATION_STYLE_ASSIGNMENT (( #490 ) ) ;
#6900 = LINE ( 'NONE', #10197, #6485 ) ;
#6901 = SURFACE_STYLE_FILL_AREA ( #9360 ) ;
#6902 = ORIENTED_EDGE ( 'NONE', *, *, #8061, .F. ) ;
#6903 = EDGE_CURVE ( 'NONE', #4575, #6282, #1745, .T. ) ;
#6904 = ORIENTED_EDGE ( 'NONE', *, *, #1992, .F. ) ;
#6905 = DIRECTION ( 'NONE',  ( 0.000000000000000000, 1.000000000000000000, 0.000000000000000000 ) ) ;
#6906 = EDGE_LOOP ( 'NONE', ( #3925, #7603, #2687, #3585 ) ) ;
#6907 = FILL_AREA_STYLE ('',( #10143 ) ) ;
#6908 = SURFACE_SIDE_STYLE ('',( #5343 ) ) ;
#6909 = EDGE_CURVE ( 'NONE', #7049, #3898, #8876, .T. ) ;
#6910 = SURFACE_STYLE_FILL_AREA ( #600 ) ;
#6911 = LINE ( 'NONE', #8571, #7797 ) ;
#6912 = VECTOR ( 'NONE', #4830, 1000.000000000000000 ) ;
#6913 = DIRECTION ( 'NONE',  ( -0.000000000000000000, -1.000000000000000000, -0.000000000000000000 ) ) ;
#6914 = VERTEX_POINT ( 'NONE', #1695 ) ;
#6915 = DIRECTION ( 'NONE',  ( 1.000000000000000000, 0.000000000000000000, 0.000000000000000000 ) ) ;
#6916 = LINE ( 'NONE', #7944, #3379 ) ;
#6917 = EDGE_LOOP ( 'NONE', ( #9336, #2312, #9362, #6354 ) ) ;
#6918 = FACE_OUTER_BOUND ( 'NONE', #8561, .T. ) ;
#6919 = EDGE_CURVE ( 'NONE', #5193, #8992, #7267, .T. ) ;
#6920 = CARTESIAN_POINT ( 'NONE',  ( 2.109999999999999432, 0.6426742005207811692, 2.260000000000000231 ) ) ;
#6921 = ORIENTED_EDGE ( 'NONE', *, *, #3450, .T. ) ;
#6922 = SURFACE_SIDE_STYLE ('',( #9228 ) ) ;
#6923 =( LENGTH_UNIT ( ) NAMED_UNIT ( * ) SI_UNIT ( .MILLI., .METRE. ) );
#6924 = ORIENTED_EDGE ( 'NONE', *, *, #5640, .F. ) ;
#6925 = ORIENTED_EDGE ( 'NONE', *, *, #3199, .F. ) ;
#6926 = EDGE_LOOP ( 'NONE', ( #8448, #7829, #2698, #2716 ) ) ;
#6927 = ADVANCED_FACE ( 'NONE', ( #3966 ), #7163, .F. ) ;
#6928 = DIRECTION ( 'NONE',  ( -0.000000000000000000, 0.000000000000000000, -1.000000000000000000 ) ) ;
#6929 = ORIENTED_EDGE ( 'NONE', *, *, #3377, .F. ) ;
#6930 = SURFACE_SIDE_STYLE ('',( #4481 ) ) ;
#6931 = VERTEX_POINT ( 'NONE', #4186 ) ;
#6932 = CARTESIAN_POINT ( 'NONE',  ( -2.970000000000000639, 0.1823257994792188419, -2.542325799479218773 ) ) ;
#6933 = VERTEX_POINT ( 'NONE', #2610 ) ;
#6934 =( GEOMETRIC_REPRESENTATION_CONTEXT ( 3 ) GLOBAL_UNCERTAINTY_ASSIGNED_CONTEXT ( ( #10390 ) ) GLOBAL_UNIT_ASSIGNED_CONTEXT ( ( #4579, #824, #7781 ) ) REPRESENTATION_CONTEXT ( 'NONE', 'WORKASPACE' ) );
#6935 = SURFACE_SIDE_STYLE ('',( #1146 ) ) ;
#6936 = EDGE_LOOP ( 'NONE', ( #2506, #5456, #938, #224 ) ) ;
#6937 = CIRCLE ( 'NONE', #3752, 0.08232579947921878083 ) ;
#6938 = ADVANCED_FACE ( 'NONE', ( #822 ), #8955, .F. ) ;
#6939 = CARTESIAN_POINT ( 'NONE',  ( -2.110000000000000764, 0.6426742005207811692, 2.177674200520781422 ) ) ;
#6940 = DIRECTION ( 'NONE',  ( -1.000000000000000000, -0.000000000000000000, -0.000000000000000000 ) ) ;
#6941 = COLOUR_RGB ( '',0.7529411764705882248, 0.7529411764705882248, 0.7529411764705882248 ) ;
#6942 = VECTOR ( 'NONE', #1600, 1000.000000000000000 ) ;
#6943 = DIRECTION ( 'NONE',  ( 1.000000000000000000, 0.000000000000000000, 0.000000000000000000 ) ) ;
#6944 = LINE ( 'NONE', #2961, #10024 ) ;
#6945 = CARTESIAN_POINT ( 'NONE',  ( 2.969999999999999751, 0.1000000000000000056, 2.542325799479218773 ) ) ;
#6946 = VECTOR ( 'NONE', #6481, 1000.000000000000000 ) ;
#6947 = DIRECTION ( 'NONE',  ( 0.000000000000000000, 1.000000000000000000, 0.000000000000000000 ) ) ;
#6948 = CYLINDRICAL_SURFACE ( 'NONE', #8502, 0.2823257994792188752 ) ;
#6949 = ORIENTED_EDGE ( 'NONE', *, *, #8673, .T. ) ;
#6950 = AXIS2_PLACEMENT_3D ( 'NONE', #8504, #6362, #4588 ) ;
#6951 = EDGE_LOOP ( 'NONE', ( #3268, #1577, #4707, #883 ) ) ;
#6952 =( LENGTH_UNIT ( ) NAMED_UNIT ( * ) SI_UNIT ( .MILLI., .METRE. ) );
#6953 = CIRCLE ( 'NONE', #7619, 0.2823257994792188752 ) ;
#6954 = CARTESIAN_POINT ( 'NONE',  ( -4.240000000000001101, 0.1000000000000000056, 3.000000000000000000 ) ) ;
#6955 = ADVANCED_FACE ( 'NONE', ( #5660 ), #9, .T. ) ;
#6956 = VECTOR ( 'NONE', #1281, 1000.000000000000000 ) ;
#6957 = EDGE_CURVE ( 'NONE', #1081, #5214, #2516, .T. ) ;
#6958 = CARTESIAN_POINT ( 'NONE',  ( 0.4299999999999998268, 0.7249999999999999778, -2.000000000000000000 ) ) ;
#6959 = FACE_OUTER_BOUND ( 'NONE', #7978, .T. ) ;
#6960 = ORIENTED_EDGE ( 'NONE', *, *, #1594, .F. ) ;
#6961 = EDGE_LOOP ( 'NONE', ( #6774, #8668, #1545, #8039, #4141, #3973, #7964, #8240, #6471, #6543, #8139, #7338 ) ) ;
#6962 =( GEOMETRIC_REPRESENTATION_CONTEXT ( 3 ) GLOBAL_UNCERTAINTY_ASSIGNED_CONTEXT ( ( #1927 ) ) GLOBAL_UNIT_ASSIGNED_CONTEXT ( ( #3065, #10299, #3011 ) ) REPRESENTATION_CONTEXT ( 'NONE', 'WORKASPACE' ) );
#6963 = DIRECTION ( 'NONE',  ( 0.000000000000000000, 0.000000000000000000, -1.000000000000000000 ) ) ;
#6964 =( GEOMETRIC_REPRESENTATION_CONTEXT ( 3 ) GLOBAL_UNCERTAINTY_ASSIGNED_CONTEXT ( ( #4182 ) ) GLOBAL_UNIT_ASSIGNED_CONTEXT ( ( #1710, #9928, #9620 ) ) REPRESENTATION_CONTEXT ( 'NONE', 'WORKASPACE' ) );
#6965 = SURFACE_STYLE_USAGE ( .BOTH. , #7763 ) ;
#6966 = ORIENTED_EDGE ( 'NONE', *, *, #8379, .T. ) ;
#6967 =( LENGTH_UNIT ( ) NAMED_UNIT ( * ) SI_UNIT ( .MILLI., .METRE. ) );
#6968 = CARTESIAN_POINT ( 'NONE',  ( 0.4299999999999998268, 0.1000000000000000056, -3.000000000000000000 ) ) ;
#6969 = SURFACE_STYLE_USAGE ( .BOTH. , #3888 ) ;
#6970 =( GEOMETRIC_REPRESENTATION_CONTEXT ( 3 ) GLOBAL_UNCERTAINTY_ASSIGNED_CONTEXT ( ( #6344 ) ) GLOBAL_UNIT_ASSIGNED_CONTEXT ( ( #2712, #3511, #2663 ) ) REPRESENTATION_CONTEXT ( 'NONE', 'WORKASPACE' ) );
#6971 = DIRECTION ( 'NONE',  ( 0.000000000000000000, -0.000000000000000000, -1.000000000000000000 ) ) ;
#6972 = ORIENTED_EDGE ( 'NONE', *, *, #10030, .F. ) ;
#6973 =( GEOMETRIC_REPRESENTATION_CONTEXT ( 3 ) GLOBAL_UNCERTAINTY_ASSIGNED_CONTEXT ( ( #6454 ) ) GLOBAL_UNIT_ASSIGNED_CONTEXT ( ( #24, #3222, #2416 ) ) REPRESENTATION_CONTEXT ( 'NONE', 'WORKASPACE' ) );
#6974 = DIRECTION ( 'NONE',  ( 0.000000000000000000, -1.000000000000000000, 0.000000000000000000 ) ) ;
#6975 = DIRECTION ( 'NONE',  ( 0.000000000000000000, 0.000000000000000000, -1.000000000000000000 ) ) ;
#6976 = ORIENTED_EDGE ( 'NONE', *, *, #8788, .F. ) ;
#6977 = MECHANICAL_DESIGN_GEOMETRIC_PRESENTATION_REPRESENTATION (  '', ( #8872 ), #5646 ) ;
#6978 = DIRECTION ( 'NONE',  ( 0.000000000000000000, -0.000000000000000000, 1.000000000000000000 ) ) ;
#6979 =( GEOMETRIC_REPRESENTATION_CONTEXT ( 3 ) GLOBAL_UNCERTAINTY_ASSIGNED_CONTEXT ( ( #8463 ) ) GLOBAL_UNIT_ASSIGNED_CONTEXT ( ( #7242, #7339, #6386 ) ) REPRESENTATION_CONTEXT ( 'NONE', 'WORKASPACE' ) );
#6980 = ORIENTED_EDGE ( 'NONE', *, *, #10135, .T. ) ;
#6981 = STYLED_ITEM ( 'NONE', ( #2231 ), #225 ) ;
#6982 = AXIS2_PLACEMENT_3D ( 'NONE', #6932, #5480, #3109 ) ;
#6983 = ORIENTED_EDGE ( 'NONE', *, *, #4205, .T. ) ;
#6984 = UNCERTAINTY_MEASURE_WITH_UNIT (LENGTH_MEASURE( 1.000000000000000082E-05 ), #6308, 'distance_accuracy_value', 'NONE');
#6985 = UNCERTAINTY_MEASURE_WITH_UNIT (LENGTH_MEASURE( 1.000000000000000082E-05 ), #9662, 'distance_accuracy_value', 'NONE');
#6986 = AXIS2_PLACEMENT_3D ( 'NONE', #5502, #3923, #4604 ) ;
#6987 = AXIS2_PLACEMENT_3D ( 'NONE', #1500, #806, #2386 ) ;
#6988 = CARTESIAN_POINT ( 'NONE',  ( 0.8399999999999996358, 0.6426742005207811692, 2.177674200520781422 ) ) ;
#6989 = FACE_OUTER_BOUND ( 'NONE', #99, .T. ) ;
#6990 = ORIENTED_EDGE ( 'NONE', *, *, #9637, .T. ) ;
#6991 = EDGE_CURVE ( 'NONE', #6933, #2092, #4931, .T. ) ;
#6992 = ORIENTED_EDGE ( 'NONE', *, *, #5040, .F. ) ;
#6993 = DIRECTION ( 'NONE',  ( 0.000000000000000000, 0.000000000000000000, 1.000000000000000000 ) ) ;
#6994 = CARTESIAN_POINT ( 'NONE',  ( 1.699999999999999734, 0.9249999999999998224, 2.177674200520781422 ) ) ;
#6995 = STYLED_ITEM ( 'NONE', ( #8757 ), #6051 ) ;
#6996 = DIRECTION ( 'NONE',  ( 1.000000000000000000, 0.000000000000000000, 0.000000000000000000 ) ) ;
#6997 = SURFACE_STYLE_FILL_AREA ( #3808 ) ;
#6998 = VERTEX_POINT ( 'NONE', #5751 ) ;
#6999 = CARTESIAN_POINT ( 'NONE',  ( 0.8399999999999996358, 0.9249999999999998224, 2.177674200520781422 ) ) ;
#7000 = EDGE_CURVE ( 'NONE', #9469, #5602, #2282, .T. ) ;
#7001 = ORIENTED_EDGE ( 'NONE', *, *, #714, .T. ) ;
#7002 = COLOUR_RGB ( '',0.7529411764705882248, 0.7529411764705882248, 0.7529411764705882248 ) ;
#7003 = AXIS2_PLACEMENT_3D ( 'NONE', #6457, #132, #6517 ) ;
#7004 = VERTEX_POINT ( 'NONE', #9002 ) ;
#7005 = SURFACE_STYLE_FILL_AREA ( #6258 ) ;
#7006 = CARTESIAN_POINT ( 'NONE',  ( -2.970000000000000639, 0.1823257994792188419, -2.542325799479218773 ) ) ;
#7007 = FACE_OUTER_BOUND ( 'NONE', #9234, .T. ) ;
#7008 = LINE ( 'NONE', #7695, #5375 ) ;
#7009 = VECTOR ( 'NONE', #4071, 1000.000000000000000 ) ;
#7010 = UNCERTAINTY_MEASURE_WITH_UNIT (LENGTH_MEASURE( 1.000000000000000082E-05 ), #8174, 'distance_accuracy_value', 'NONE');
#7011 = VECTOR ( 'NONE', #7495, 1000.000000000000000 ) ;
#7012 =( NAMED_UNIT ( * ) SI_UNIT ( $, .STERADIAN. ) SOLID_ANGLE_UNIT ( ) );
#7013 = CARTESIAN_POINT ( 'NONE',  ( 4.240000000000000213, -0.1000000000000000056, 2.542325799479218773 ) ) ;
#7014 = LINE ( 'NONE', #6806, #5453 ) ;
#7015 = ORIENTED_EDGE ( 'NONE', *, *, #2258, .T. ) ;
#7016 = PLANE ( 'NONE',  #9742 ) ;
#7017 = EDGE_LOOP ( 'NONE', ( #9401, #4230, #9901, #10095 ) ) ;
#7018 = FILL_AREA_STYLE_COLOUR ( '', #421 ) ;
#7019 = PRESENTATION_LAYER_ASSIGNMENT (  '', '', ( #4687 ) ) ;
#7020 = AXIS2_PLACEMENT_3D ( 'NONE', #6161, #9413, #6598 ) ;
#7021 = ADVANCED_FACE ( 'NONE', ( #4884 ), #8210, .T. ) ;
#7022 = EDGE_LOOP ( 'NONE', ( #7823, #557, #9785, #357, #7703, #7179, #8723, #7787, #4356, #4573, #8040, #2383 ) ) ;
#7023 = FILL_AREA_STYLE_COLOUR ( '', #4034 ) ;
#7024 =( GEOMETRIC_REPRESENTATION_CONTEXT ( 3 ) GLOBAL_UNCERTAINTY_ASSIGNED_CONTEXT ( ( #2214 ) ) GLOBAL_UNIT_ASSIGNED_CONTEXT ( ( #1223, #2771, #10063 ) ) REPRESENTATION_CONTEXT ( 'NONE', 'WORKASPACE' ) );
#7025 = DIRECTION ( 'NONE',  ( -0.000000000000000000, -1.000000000000000000, -0.000000000000000000 ) ) ;
#7026 = DIRECTION ( 'NONE',  ( 0.000000000000000000, -0.1736481776669281663, 0.9848077530122085754 ) ) ;
#7027 = CARTESIAN_POINT ( 'NONE',  ( 0.4299999999999998268, 0.9250000000000000444, 2.000000000000000000 ) ) ;
#7028 = VECTOR ( 'NONE', #999, 1000.000000000000000 ) ;
#7029 = STYLED_ITEM ( 'NONE', ( #6715 ), #3569 ) ;
#7030 = DIRECTION ( 'NONE',  ( -0.000000000000000000, 1.000000000000000000, 0.000000000000000000 ) ) ;
#7031 = EDGE_LOOP ( 'NONE', ( #5158, #7364, #6167, #10070, #7563, #289, #8177, #9940, #7741, #5879, #6775, #6067 ) ) ;
#7032 = EDGE_LOOP ( 'NONE', ( #6235, #2155, #7172, #9140 ) ) ;
#7033 = ADVANCED_FACE ( 'NONE', ( #364 ), #5970, .T. ) ;
#7034 = ORIENTED_EDGE ( 'NONE', *, *, #5840, .T. ) ;
#7035 = ORIENTED_EDGE ( 'NONE', *, *, #10186, .T. ) ;
#7036 = PRESENTATION_LAYER_ASSIGNMENT (  '', '', ( #7208 ) ) ;
#7037 = PRESENTATION_LAYER_ASSIGNMENT (  '', '', ( #1145 ) ) ;
#7038 = DIRECTION ( 'NONE',  ( -0.000000000000000000, 1.000000000000000000, -0.000000000000000000 ) ) ;
#7039 = VECTOR ( 'NONE', #6320, 1000.000000000000000 ) ;
#7040 = AXIS2_PLACEMENT_3D ( 'NONE', #7914, #6292, #575 ) ;
#7041 = SURFACE_SIDE_STYLE ('',( #6840 ) ) ;
#7042 = SURFACE_SIDE_STYLE ('',( #3845 ) ) ;
#7043 = DIRECTION ( 'NONE',  ( -1.000000000000000000, -0.000000000000000000, -0.000000000000000000 ) ) ;
#7044 = DIRECTION ( 'NONE',  ( 1.000000000000000000, 0.000000000000000000, 0.000000000000000000 ) ) ;
#7046 = ORIENTED_EDGE ( 'NONE', *, *, #7135, .F. ) ;
#7045 = AXIS2_PLACEMENT_3D ( 'NONE', #8694, #3153, #672 ) ;
#7047 = AXIS2_PLACEMENT_3D ( 'NONE', #7809, #9369, #1374 ) ;
#7048 = COLOUR_RGB ( '',0.7529411764705882248, 0.7529411764705882248, 0.7529411764705882248 ) ;
#7049 = VERTEX_POINT ( 'NONE', #9990 ) ;
#7050 = SURFACE_STYLE_FILL_AREA ( #4585 ) ;
#7051 = VECTOR ( 'NONE', #7025, 1000.000000000000000 ) ;
#7052 = UNCERTAINTY_MEASURE_WITH_UNIT (LENGTH_MEASURE( 1.000000000000000082E-05 ), #3028, 'distance_accuracy_value', 'NONE');
#7053 = PRESENTATION_STYLE_ASSIGNMENT (( #7922 ) ) ;
#7054 = SURFACE_STYLE_USAGE ( .BOTH. , #6851 ) ;
#7055 =( NAMED_UNIT ( * ) SI_UNIT ( $, .STERADIAN. ) SOLID_ANGLE_UNIT ( ) );
#7056 = ORIENTED_EDGE ( 'NONE', *, *, #1814, .T. ) ;
#7057 = LINE ( 'NONE', #644, #1912 ) ;
#7058 = LINE ( 'NONE', #10304, #6444 ) ;
#7059 = ORIENTED_EDGE ( 'NONE', *, *, #10208, .T. ) ;
#7060 = CARTESIAN_POINT ( 'NONE',  ( -4.650000000000000355, 0.1000000000000000056, 2.542325799479218773 ) ) ;
#7061 = ORIENTED_EDGE ( 'NONE', *, *, #1967, .F. ) ;
#7062 = DIRECTION ( 'NONE',  ( -1.000000000000000000, 0.000000000000000000, 0.000000000000000000 ) ) ;
#7063 =( LENGTH_UNIT ( ) NAMED_UNIT ( * ) SI_UNIT ( .MILLI., .METRE. ) );
#7064 = DIRECTION ( 'NONE',  ( 0.000000000000000000, 0.000000000000000000, 1.000000000000000000 ) ) ;
#7065 = LINE ( 'NONE', #1375, #9267 ) ;
#7066 = EDGE_CURVE ( 'NONE', #992, #9403, #3453, .T. ) ;
#7067 = AXIS2_PLACEMENT_3D ( 'NONE', #8511, #10141, #7690 ) ;
#7068 = CARTESIAN_POINT ( 'NONE',  ( -4.240000000000001101, 0.6426742005207811692, 2.260000000000000231 ) ) ;
#7069 = EDGE_LOOP ( 'NONE', ( #4658, #4077, #2877, #8049, #528, #4259, #44, #5614, #4454, #8408, #6569, #2251 ) ) ;
#7070 = CARTESIAN_POINT ( 'NONE',  ( -4.240000000000001101, 0.9250000000000000444, -2.000000000000000000 ) ) ;
#7071 = LINE ( 'NONE', #7120, #10020 ) ;
#7072 = FILL_AREA_STYLE_COLOUR ( '', #6558 ) ;
#7073 = ORIENTED_EDGE ( 'NONE', *, *, #2718, .F. ) ;
#7074 = EDGE_CURVE ( 'NONE', #6284, #5624, #7587, .T. ) ;
#7075 =( LENGTH_UNIT ( ) NAMED_UNIT ( * ) SI_UNIT ( .MILLI., .METRE. ) );
#7076 = EDGE_CURVE ( 'NONE', #9102, #6914, #6805, .T. ) ;
#7077 = EDGE_CURVE ( 'NONE', #7616, #10332, #9891, .T. ) ;
#7078 = LINE ( 'NONE', #2615, #7011 ) ;
#7079 = DIRECTION ( 'NONE',  ( -1.000000000000000000, -0.000000000000000000, -0.000000000000000000 ) ) ;
#7080 = ORIENTED_EDGE ( 'NONE', *, *, #2420, .F. ) ;
#7081 = ORIENTED_EDGE ( 'NONE', *, *, #3367, .T. ) ;
#7082 = VERTEX_POINT ( 'NONE', #5237 ) ;
#7083 = UNCERTAINTY_MEASURE_WITH_UNIT (LENGTH_MEASURE( 1.000000000000000082E-05 ), #4138, 'distance_accuracy_value', 'NONE');
#7084 =( LENGTH_UNIT ( ) NAMED_UNIT ( * ) SI_UNIT ( .MILLI., .METRE. ) );
#7085 = UNCERTAINTY_MEASURE_WITH_UNIT (LENGTH_MEASURE( 1.000000000000000082E-05 ), #4965, 'distance_accuracy_value', 'NONE');
#7086 = EDGE_CURVE ( 'NONE', #6137, #9841, #5077, .T. ) ;
#7087 = EDGE_CURVE ( 'NONE', #1324, #3745, #6026, .T. ) ;
#7088 = PLANE ( 'NONE',  #1330 ) ;
#7089 = DIRECTION ( 'NONE',  ( 0.000000000000000000, 0.000000000000000000, -1.000000000000000000 ) ) ;
#7090 = ORIENTED_EDGE ( 'NONE', *, *, #7074, .T. ) ;
#7091 = VERTEX_POINT ( 'NONE', #8464 ) ;
#7092 = EDGE_LOOP ( 'NONE', ( #5842, #2964, #1399, #674 ) ) ;
#7093 = FACE_OUTER_BOUND ( 'NONE', #7222, .T. ) ;
#7094 = CARTESIAN_POINT ( 'NONE',  ( -2.110000000000000764, 0.1000000000000000056, -3.000000000000000000 ) ) ;
#7095 = CARTESIAN_POINT ( 'NONE',  ( -1.700000000000001066, 0.1000000000000000056, -3.000000000000000000 ) ) ;
#7096 =( NAMED_UNIT ( * ) SI_UNIT ( $, .STERADIAN. ) SOLID_ANGLE_UNIT ( ) );
#7097 = PRESENTATION_STYLE_ASSIGNMENT (( #847 ) ) ;
#7098 =( LENGTH_UNIT ( ) NAMED_UNIT ( * ) SI_UNIT ( .MILLI., .METRE. ) );
#7099 = VECTOR ( 'NONE', #9451, 1000.000000000000000 ) ;
#7100 = DIRECTION ( 'NONE',  ( 0.000000000000000000, -1.000000000000000000, 0.000000000000000000 ) ) ;
#7101 = EDGE_LOOP ( 'NONE', ( #8831, #8592, #5188, #9488 ) ) ;
#7102 = CARTESIAN_POINT ( 'NONE',  ( 3.379999999999999449, 0.1823257994792188419, -2.542325799479218773 ) ) ;
#7103 = VECTOR ( 'NONE', #5491, 1000.000000000000000 ) ;
#7104 = CARTESIAN_POINT ( 'NONE',  ( -3.380000000000000338, 0.1000000000000000056, -3.000000000000000000 ) ) ;
#7105 = ORIENTED_EDGE ( 'NONE', *, *, #10022, .T. ) ;
#7106 =( LENGTH_UNIT ( ) NAMED_UNIT ( * ) SI_UNIT ( .MILLI., .METRE. ) );
#7107 = ORIENTED_EDGE ( 'NONE', *, *, #3747, .T. ) ;
#7108 = EDGE_LOOP ( 'NONE', ( #390, #1845, #2779, #4181 ) ) ;
#7109 = DIRECTION ( 'NONE',  ( -1.000000000000000000, -0.000000000000000000, -0.000000000000000000 ) ) ;
#7110 = DIRECTION ( 'NONE',  ( 0.000000000000000000, 0.000000000000000000, -1.000000000000000000 ) ) ;
#7111 = CARTESIAN_POINT ( 'NONE',  ( 4.649999999999999467, 0.6426742005207811692, -2.459999999999999964 ) ) ;
#7112 = LINE ( 'NONE', #10262, #4316 ) ;
#7113 = LINE ( 'NONE', #1502, #567 ) ;
#7114 = VERTEX_POINT ( 'NONE', #1212 ) ;
#7115 = FILL_AREA_STYLE ('',( #5598 ) ) ;
#7116 = LINE ( 'NONE', #10425, #6785 ) ;
#7117 = VERTEX_POINT ( 'NONE', #4449 ) ;
#7118 = VECTOR ( 'NONE', #4704, 1000.000000000000000 ) ;
#7119 = STYLED_ITEM ( 'NONE', ( #5538 ), #406 ) ;
#7120 = CARTESIAN_POINT ( 'NONE',  ( 4.240000000000000213, 0.6426742005207811692, -2.260000000000000231 ) ) ;
#7121 = EDGE_CURVE ( 'NONE', #3236, #2138, #7639, .T. ) ;
#7122 = FACE_OUTER_BOUND ( 'NONE', #9511, .T. ) ;
#7123 = PRESENTATION_LAYER_ASSIGNMENT (  '', '', ( #2087 ) ) ;
#7124 = ORIENTED_EDGE ( 'NONE', *, *, #3508, .T. ) ;
#7125 = MECHANICAL_DESIGN_GEOMETRIC_PRESENTATION_REPRESENTATION (  '', ( #8333 ), #4955 ) ;
#7126 =( NAMED_UNIT ( * ) SI_UNIT ( $, .STERADIAN. ) SOLID_ANGLE_UNIT ( ) );
#7127 = FILL_AREA_STYLE_COLOUR ( '', #673 ) ;
#7128 =( LENGTH_UNIT ( ) NAMED_UNIT ( * ) SI_UNIT ( .MILLI., .METRE. ) );
#7129 = SURFACE_STYLE_USAGE ( .BOTH. , #4040 ) ;
#7130 = COLOUR_RGB ( '',0.7529411764705882248, 0.7529411764705882248, 0.7529411764705882248 ) ;
#7131 = PRESENTATION_LAYER_ASSIGNMENT (  '', '', ( #1943 ) ) ;
#7132 = SURFACE_STYLE_FILL_AREA ( #2463 ) ;
#7133 = VECTOR ( 'NONE', #2166, 1000.000000000000000 ) ;
#7134 = VERTEX_POINT ( 'NONE', #8622 ) ;
#7135 = EDGE_CURVE ( 'NONE', #10414, #2138, #7698, .T. ) ;
#7136 = EDGE_LOOP ( 'NONE', ( #4420, #7073, #9306, #7785, #10387, #431, #242, #1531, #8279, #5692, #2981, #9527 ) ) ;
#7137 = EDGE_CURVE ( 'NONE', #6726, #9881, #7835, .T. ) ;
#7138 = CARTESIAN_POINT ( 'NONE',  ( -2.110000000000000764, -0.1000000000000000056, -3.000000000000000000 ) ) ;
#7139 = EDGE_LOOP ( 'NONE', ( #4217, #5254, #1988, #4199 ) ) ;
#7140 = PRESENTATION_LAYER_ASSIGNMENT (  '', '', ( #8178 ) ) ;
#7141 = MECHANICAL_DESIGN_GEOMETRIC_PRESENTATION_REPRESENTATION (  '', ( #927 ), #6296 ) ;
#7142 = DIRECTION ( 'NONE',  ( -1.000000000000000000, -0.000000000000000000, -0.000000000000000000 ) ) ;
#7143 =( LENGTH_UNIT ( ) NAMED_UNIT ( * ) SI_UNIT ( .MILLI., .METRE. ) );
#7144 = CARTESIAN_POINT ( 'NONE',  ( 4.999999999999999112, 1.649999999999999911, 2.000000000000000000 ) ) ;
#7145 = CARTESIAN_POINT ( 'NONE',  ( 2.109999999999999432, 0.9250000000000000444, 2.000000000000000000 ) ) ;
#7146 = PRESENTATION_LAYER_ASSIGNMENT (  '', '', ( #3972 ) ) ;
#7147 = CARTESIAN_POINT ( 'NONE',  ( -1.700000000000001066, 0.6426742005207811692, 2.459999999999999964 ) ) ;
#7148 = STYLED_ITEM ( 'NONE', ( #5071 ), #10322 ) ;
#7149 = SURFACE_STYLE_USAGE ( .BOTH. , #1532 ) ;
#7150 = STYLED_ITEM ( 'NONE', ( #752 ), #201 ) ;
#7151 = EDGE_LOOP ( 'NONE', ( #10282, #1574, #8797, #10256 ) ) ;
#7152 = AXIS2_PLACEMENT_3D ( 'NONE', #892, #3382, #5841 ) ;
#7153 =( NAMED_UNIT ( * ) SI_UNIT ( $, .STERADIAN. ) SOLID_ANGLE_UNIT ( ) );
#7154 = UNCERTAINTY_MEASURE_WITH_UNIT (LENGTH_MEASURE( 1.000000000000000082E-05 ), #819, 'distance_accuracy_value', 'NONE');
#7155 = VERTEX_POINT ( 'NONE', #553 ) ;
#7156 = EDGE_CURVE ( 'NONE', #2049, #6670, #657, .T. ) ;
#7157 = CARTESIAN_POINT ( 'NONE',  ( 3.379999999999999449, 0.1000000000000000056, -2.542325799479218773 ) ) ;
#7158 = FILL_AREA_STYLE ('',( #3172 ) ) ;
#7159 = AXIS2_PLACEMENT_3D ( 'NONE', #8433, #476, #3578 ) ;
#7160 =( LENGTH_UNIT ( ) NAMED_UNIT ( * ) SI_UNIT ( .MILLI., .METRE. ) );
#7161 = PRODUCT_DEFINITION ( 'UNKNOWN', '', #1238, #7586 ) ;
#7162 = PRESENTATION_LAYER_ASSIGNMENT (  '', '', ( #10050 ) ) ;
#7163 = CYLINDRICAL_SURFACE ( 'NONE', #8688, 0.08232579947921878083 ) ;
#7164 = DIRECTION ( 'NONE',  ( -1.000000000000000000, -0.000000000000000000, -0.000000000000000000 ) ) ;
#7165 = DIRECTION ( 'NONE',  ( 0.000000000000000000, 0.000000000000000000, -1.000000000000000000 ) ) ;
#7166 = ORIENTED_EDGE ( 'NONE', *, *, #9626, .T. ) ;
#7167 = DIRECTION ( 'NONE',  ( -1.000000000000000000, -0.000000000000000000, -0.000000000000000000 ) ) ;
#7168 = VERTEX_POINT ( 'NONE', #1377 ) ;
#7169 = LINE ( 'NONE', #2034, #5313 ) ;
#7170 = EDGE_LOOP ( 'NONE', ( #8632, #3656, #6531, #993 ) ) ;
#7171 = EDGE_CURVE ( 'NONE', #2528, #8356, #2289, .T. ) ;
#7172 = ORIENTED_EDGE ( 'NONE', *, *, #2693, .F. ) ;
#7173 = STYLED_ITEM ( 'NONE', ( #4159 ), #1803 ) ;
#7174 = PLANE ( 'NONE',  #9075 ) ;
#7175 = CARTESIAN_POINT ( 'NONE',  ( -0.8400000000000005240, 0.9249999999999998224, -2.177674200520781422 ) ) ;
#7176 = EDGE_CURVE ( 'NONE', #1895, #5220, #504, .T. ) ;
#7177 = AXIS2_PLACEMENT_3D ( 'NONE', #4946, #6349, #8175 ) ;
#7178 = CARTESIAN_POINT ( 'NONE',  ( -1.700000000000001066, -0.1000000000000000056, -2.542325799479218773 ) ) ;
#7179 = ORIENTED_EDGE ( 'NONE', *, *, #3647, .T. ) ;
#7180 = AXIS2_PLACEMENT_3D ( 'NONE', #9602, #2377, #741 ) ;
#7181 = SURFACE_STYLE_USAGE ( .BOTH. , #5307 ) ;
#7182 = VERTEX_POINT ( 'NONE', #1438 ) ;
#7183 = FACE_OUTER_BOUND ( 'NONE', #5145, .T. ) ;
#7184 = VERTEX_POINT ( 'NONE', #5450 ) ;
#7185 = ORIENTED_EDGE ( 'NONE', *, *, #10265, .F. ) ;
#7186 = FACE_OUTER_BOUND ( 'NONE', #4947, .T. ) ;
#7187 = CARTESIAN_POINT ( 'NONE',  ( 2.969999999999999751, 0.7249999999999998668, -2.177674200520781422 ) ) ;
#7188 = SURFACE_STYLE_USAGE ( .BOTH. , #1458 ) ;
#7189 = EDGE_CURVE ( 'NONE', #5561, #8105, #1099, .T. ) ;
#7190 = DIRECTION ( 'NONE',  ( 0.000000000000000000, -1.000000000000000000, 0.000000000000000000 ) ) ;
#7191 =( GEOMETRIC_REPRESENTATION_CONTEXT ( 3 ) GLOBAL_UNCERTAINTY_ASSIGNED_CONTEXT ( ( #9946 ) ) GLOBAL_UNIT_ASSIGNED_CONTEXT ( ( #206, #8002, #47 ) ) REPRESENTATION_CONTEXT ( 'NONE', 'WORKASPACE' ) );
#7192 = LINE ( 'NONE', #6395, #2430 ) ;
#7193 =( NAMED_UNIT ( * ) PLANE_ANGLE_UNIT ( ) SI_UNIT ( $, .RADIAN. ) );
#7194 = ORIENTED_EDGE ( 'NONE', *, *, #5222, .F. ) ;
#7195 = CIRCLE ( 'NONE', #1995, 0.2823257994792188752 ) ;
#7196 = LINE ( 'NONE', #4781, #1523 ) ;
#7197 = ORIENTED_EDGE ( 'NONE', *, *, #2549, .F. ) ;
#7198 = UNCERTAINTY_MEASURE_WITH_UNIT (LENGTH_MEASURE( 1.000000000000000082E-05 ), #3500, 'distance_accuracy_value', 'NONE');
#7199 = CARTESIAN_POINT ( 'NONE',  ( 4.649999999999999467, 0.6426742005207811692, -2.177674200520781422 ) ) ;
#7200 = STYLED_ITEM ( 'NONE', ( #2872 ), #8505 ) ;
#7201 = EDGE_CURVE ( 'NONE', #9815, #992, #9871, .T. ) ;
#7202 = SURFACE_STYLE_FILL_AREA ( #9694 ) ;
#7203 =( NAMED_UNIT ( * ) PLANE_ANGLE_UNIT ( ) SI_UNIT ( $, .RADIAN. ) );
#7204 = LINE ( 'NONE', #933, #2643 ) ;
#7205 = COLOUR_RGB ( '',0.7529411764705882248, 0.7529411764705882248, 0.7529411764705882248 ) ;
#7206 =( NAMED_UNIT ( * ) SI_UNIT ( $, .STERADIAN. ) SOLID_ANGLE_UNIT ( ) );
#7207 = EDGE_LOOP ( 'NONE', ( #3535, #7260, #8750, #9632 ) ) ;
#7208 = STYLED_ITEM ( 'NONE', ( #2490 ), #8759 ) ;
#7209 = FILL_AREA_STYLE_COLOUR ( '', #5792 ) ;
#7210 = ORIENTED_EDGE ( 'NONE', *, *, #7331, .T. ) ;
#7211 = COLOUR_RGB ( '',0.7529411764705882248, 0.7529411764705882248, 0.7529411764705882248 ) ;
#7212 = UNCERTAINTY_MEASURE_WITH_UNIT (LENGTH_MEASURE( 1.000000000000000082E-05 ), #7455, 'distance_accuracy_value', 'NONE');
#7213 = LINE ( 'NONE', #9644, #6460 ) ;
#7214 = FACE_OUTER_BOUND ( 'NONE', #7459, .T. ) ;
#7215 =( GEOMETRIC_REPRESENTATION_CONTEXT ( 3 ) GLOBAL_UNCERTAINTY_ASSIGNED_CONTEXT ( ( #9597 ) ) GLOBAL_UNIT_ASSIGNED_CONTEXT ( ( #173, #5761, #928 ) ) REPRESENTATION_CONTEXT ( 'NONE', 'WORKASPACE' ) );
#7216 = AXIS2_PLACEMENT_3D ( 'NONE', #9639, #6449, #1787 ) ;
#7217 = SURFACE_SIDE_STYLE ('',( #1421 ) ) ;
#7218 =( NAMED_UNIT ( * ) PLANE_ANGLE_UNIT ( ) SI_UNIT ( $, .RADIAN. ) );
#7219 = CARTESIAN_POINT ( 'NONE',  ( 4.240000000000000213, 0.1823257994792188696, 2.259999999999999787 ) ) ;
#7220 =( NAMED_UNIT ( * ) SI_UNIT ( $, .STERADIAN. ) SOLID_ANGLE_UNIT ( ) );
#7221 = SURFACE_STYLE_USAGE ( .BOTH. , #5543 ) ;
#7222 = EDGE_LOOP ( 'NONE', ( #6049, #2673, #2731, #4060 ) ) ;
#7223 = COLOUR_RGB ( '',0.7529411764705882248, 0.7529411764705882248, 0.7529411764705882248 ) ;
#7224 =( LENGTH_UNIT ( ) NAMED_UNIT ( * ) SI_UNIT ( .MILLI., .METRE. ) );
#7225 = ORIENTED_EDGE ( 'NONE', *, *, #5775, .T. ) ;
#7226 = ORIENTED_EDGE ( 'NONE', *, *, #1150, .T. ) ;
#7227 = FILL_AREA_STYLE ('',( #3974 ) ) ;
#7228 = FILL_AREA_STYLE ('',( #853 ) ) ;
#7229 = FILL_AREA_STYLE ('',( #9521 ) ) ;
#7230 = PRESENTATION_LAYER_ASSIGNMENT (  '', '', ( #7393 ) ) ;
#7231 = PRESENTATION_STYLE_ASSIGNMENT (( #9722 ) ) ;
#7232 = PRESENTATION_STYLE_ASSIGNMENT (( #809 ) ) ;
#7233 = DIRECTION ( 'NONE',  ( 0.000000000000000000, -0.000000000000000000, -1.000000000000000000 ) ) ;
#7234 = PLANE ( 'NONE',  #573 ) ;
#7235 = VECTOR ( 'NONE', #8795, 1000.000000000000000 ) ;
#7236 = VERTEX_POINT ( 'NONE', #9522 ) ;
#7237 = AXIS2_PLACEMENT_3D ( 'NONE', #7614, #437, #9957 ) ;
#7238 = SURFACE_STYLE_FILL_AREA ( #4876 ) ;
#7239 =( LENGTH_UNIT ( ) NAMED_UNIT ( * ) SI_UNIT ( .MILLI., .METRE. ) );
#7240 = ORIENTED_EDGE ( 'NONE', *, *, #8426, .F. ) ;
#7241 = EDGE_CURVE ( 'NONE', #6061, #7967, #3712, .T. ) ;
#7242 =( LENGTH_UNIT ( ) NAMED_UNIT ( * ) SI_UNIT ( .MILLI., .METRE. ) );
#7243 = CARTESIAN_POINT ( 'NONE',  ( 4.649999999999999467, 0.1823257994792188419, 2.542325799479218773 ) ) ;
#7244 = AXIS2_PLACEMENT_3D ( 'NONE', #8104, #4823, #8054 ) ;
#7245 = LINE ( 'NONE', #5461, #6912 ) ;
#7246 = FILL_AREA_STYLE ('',( #3399 ) ) ;
#7247 = CARTESIAN_POINT ( 'NONE',  ( -4.240000000000001101, 0.1000000000000000056, -3.000000000000000000 ) ) ;
#7248 = DIRECTION ( 'NONE',  ( -1.000000000000000000, 0.000000000000000000, -0.000000000000000000 ) ) ;
#7249 = CYLINDRICAL_SURFACE ( 'NONE', #4790, 0.2823257994792186532 ) ;
#7250 = CARTESIAN_POINT ( 'NONE',  ( -1.700000000000001066, 0.9249999999999998224, 2.177674200520781422 ) ) ;
#7251 = ORIENTED_EDGE ( 'NONE', *, *, #2268, .T. ) ;
#7252 = PRESENTATION_STYLE_ASSIGNMENT (( #8166 ) ) ;
#7253 = ORIENTED_EDGE ( 'NONE', *, *, #547, .F. ) ;
#7254 = SURFACE_STYLE_USAGE ( .BOTH. , #4941 ) ;
#7255 = DIRECTION ( 'NONE',  ( -1.000000000000000000, -0.000000000000000000, -0.000000000000000000 ) ) ;
#7256 = CARTESIAN_POINT ( 'NONE',  ( -0.4300000000000007150, 0.1823257994792188419, -2.542325799479218773 ) ) ;
#7257 = LINE ( 'NONE', #10337, #4985 ) ;
#7258 = PLANE ( 'NONE',  #2349 ) ;
#7259 = FILL_AREA_STYLE ('',( #8865 ) ) ;
#7260 = ORIENTED_EDGE ( 'NONE', *, *, #48, .F. ) ;
#7261 = VERTEX_POINT ( 'NONE', #7814 ) ;
#7262 = ORIENTED_EDGE ( 'NONE', *, *, #8686, .T. ) ;
#7263 = EDGE_CURVE ( 'NONE', #203, #3816, #4664, .T. ) ;
#7264 = FACE_OUTER_BOUND ( 'NONE', #5948, .T. ) ;
#7265 = LINE ( 'NONE', #889, #9396 ) ;
#7266 = CARTESIAN_POINT ( 'NONE',  ( -4.650000000000000355, 0.6426742005207811692, 2.459999999999999964 ) ) ;
#7267 = LINE ( 'NONE', #6520, #3465 ) ;
#7268 = DIRECTION ( 'NONE',  ( -1.000000000000000000, -0.000000000000000000, -0.000000000000000000 ) ) ;
#7269 = CARTESIAN_POINT ( 'NONE',  ( -4.240000000000001101, 0.7249999999999999778, 2.000000000000000000 ) ) ;
#7270 = PRESENTATION_STYLE_ASSIGNMENT (( #8136 ) ) ;
#7271 = EDGE_CURVE ( 'NONE', #6007, #5312, #7112, .T. ) ;
#7272 = VERTEX_POINT ( 'NONE', #3079 ) ;
#7273 = DIRECTION ( 'NONE',  ( -1.000000000000000000, -0.000000000000000000, -0.000000000000000000 ) ) ;
#7274 = FACE_OUTER_BOUND ( 'NONE', #2443, .T. ) ;
#7275 = PRESENTATION_STYLE_ASSIGNMENT (( #3387 ) ) ;
#7276 = CARTESIAN_POINT ( 'NONE',  ( -1.700000000000001066, 0.7249999999999998668, 2.177674200520781422 ) ) ;
#7277 = DIRECTION ( 'NONE',  ( 0.000000000000000000, 0.000000000000000000, 1.000000000000000000 ) ) ;
#7278 = ORIENTED_EDGE ( 'NONE', *, *, #8201, .T. ) ;
#7279 = FILL_AREA_STYLE ('',( #1605 ) ) ;
#7280 = MECHANICAL_DESIGN_GEOMETRIC_PRESENTATION_REPRESENTATION (  '', ( #8652 ), #1391 ) ;
#7281 = DIRECTION ( 'NONE',  ( -1.000000000000000000, -0.000000000000000000, -0.000000000000000000 ) ) ;
#7282 = VERTEX_POINT ( 'NONE', #7013 ) ;
#7283 = DIRECTION ( 'NONE',  ( 0.000000000000000000, 0.000000000000000000, -1.000000000000000000 ) ) ;
#7284 = CARTESIAN_POINT ( 'NONE',  ( 0.4299999999999998268, -0.1000000000000000056, 2.542325799479218773 ) ) ;
#7285 = ADVANCED_FACE ( 'NONE', ( #6219 ), #9371, .T. ) ;
#7286 = LINE ( 'NONE', #4881, #8097 ) ;
#7287 =( NAMED_UNIT ( * ) SI_UNIT ( $, .STERADIAN. ) SOLID_ANGLE_UNIT ( ) );
#7288 = CARTESIAN_POINT ( 'NONE',  ( -2.970000000000000639, 0.6426742005207811692, -2.459999999999999964 ) ) ;
#7289 = STYLED_ITEM ( 'NONE', ( #1540 ), #1323 ) ;
#7290 = LINE ( 'NONE', #2944, #7099 ) ;
#7291 = CARTESIAN_POINT ( 'NONE',  ( -4.240000000000001101, 0.7249999999999999778, -2.000000000000000000 ) ) ;
#7292 = PRESENTATION_LAYER_ASSIGNMENT (  '', '', ( #245 ) ) ;
#7293 = CARTESIAN_POINT ( 'NONE',  ( -2.970000000000000639, 0.7249999999999999778, 2.000000000000000000 ) ) ;
#7294 =( LENGTH_UNIT ( ) NAMED_UNIT ( * ) SI_UNIT ( .MILLI., .METRE. ) );
#7295 = DIRECTION ( 'NONE',  ( 1.000000000000000000, 0.000000000000000000, 0.000000000000000000 ) ) ;
#7296 = EDGE_LOOP ( 'NONE', ( #10181, #8641, #1371, #8944, #3123, #5335, #8619, #9598, #8130, #6483, #4393, #1177 ) ) ;
#7297 = COLOUR_RGB ( '',0.7529411764705882248, 0.7529411764705882248, 0.7529411764705882248 ) ;
#7298 = DIRECTION ( 'NONE',  ( -1.000000000000000000, -0.000000000000000000, -0.000000000000000000 ) ) ;
#7299 = AXIS2_PLACEMENT_3D ( 'NONE', #6011, #2017, #10086 ) ;
#7300 = FACE_OUTER_BOUND ( 'NONE', #4006, .T. ) ;
#7301 = UNCERTAINTY_MEASURE_WITH_UNIT (LENGTH_MEASURE( 1.000000000000000082E-05 ), #7687, 'distance_accuracy_value', 'NONE');
#7302 = FILL_AREA_STYLE_COLOUR ( '', #1783 ) ;
#7303 = VECTOR ( 'NONE', #939, 1000.000000000000000 ) ;
#7304 = VECTOR ( 'NONE', #9686, 1000.000000000000000 ) ;
#7305 = CARTESIAN_POINT ( 'NONE',  ( -1.700000000000001066, 0.1000000000000000056, 2.542325799479218773 ) ) ;
#7306 = SURFACE_SIDE_STYLE ('',( #6450 ) ) ;
#7307 = ORIENTED_EDGE ( 'NONE', *, *, #1608, .T. ) ;
#7308 = VECTOR ( 'NONE', #2972, 1000.000000000000000 ) ;
#7309 = SURFACE_STYLE_FILL_AREA ( #3418 ) ;
#7310 = MECHANICAL_DESIGN_GEOMETRIC_PRESENTATION_REPRESENTATION (  '', ( #1423 ), #2436 ) ;
#7311 = ORIENTED_EDGE ( 'NONE', *, *, #4126, .T. ) ;
#7312 = UNCERTAINTY_MEASURE_WITH_UNIT (LENGTH_MEASURE( 1.000000000000000082E-05 ), #9178, 'distance_accuracy_value', 'NONE');
#7313 = SURFACE_STYLE_FILL_AREA ( #6574 ) ;
#7314 = AXIS2_PLACEMENT_3D ( 'NONE', #1058, #5913, #9212 ) ;
#7315 =( GEOMETRIC_REPRESENTATION_CONTEXT ( 3 ) GLOBAL_UNCERTAINTY_ASSIGNED_CONTEXT ( ( #4154 ) ) GLOBAL_UNIT_ASSIGNED_CONTEXT ( ( #7143, #8706, #10237 ) ) REPRESENTATION_CONTEXT ( 'NONE', 'WORKASPACE' ) );
#7316 = SURFACE_STYLE_FILL_AREA ( #4910 ) ;
#7317 =( NAMED_UNIT ( * ) PLANE_ANGLE_UNIT ( ) SI_UNIT ( $, .RADIAN. ) );
#7318 = EDGE_CURVE ( 'NONE', #9286, #3383, #5804, .T. ) ;
#7319 = CIRCLE ( 'NONE', #2447, 0.08232579947921878083 ) ;
#7320 = FACE_OUTER_BOUND ( 'NONE', #6693, .T. ) ;
#7321 = DIRECTION ( 'NONE',  ( 0.000000000000000000, 0.000000000000000000, 1.000000000000000000 ) ) ;
#7322 = PRESENTATION_STYLE_ASSIGNMENT (( #5006 ) ) ;
#7323 =( GEOMETRIC_REPRESENTATION_CONTEXT ( 3 ) GLOBAL_UNCERTAINTY_ASSIGNED_CONTEXT ( ( #571 ) ) GLOBAL_UNIT_ASSIGNED_CONTEXT ( ( #5284, #8515, #6264 ) ) REPRESENTATION_CONTEXT ( 'NONE', 'WORKASPACE' ) );
#7324 = VERTEX_POINT ( 'NONE', #5049 ) ;
#7325 = DIRECTION ( 'NONE',  ( 1.000000000000000000, 0.000000000000000000, 0.000000000000000000 ) ) ;
#7326 = SURFACE_STYLE_USAGE ( .BOTH. , #8983 ) ;
#7327 = VECTOR ( 'NONE', #9547, 999.9999999999998863 ) ;
#7328 = DIRECTION ( 'NONE',  ( 1.000000000000000000, 0.000000000000000000, 0.000000000000000000 ) ) ;
#7329 = CARTESIAN_POINT ( 'NONE',  ( -4.240000000000001101, 0.6426742005207811692, 2.177674200520781422 ) ) ;
#7330 = CARTESIAN_POINT ( 'NONE',  ( 3.379999999999999449, 0.7249999999999999778, -2.000000000000000000 ) ) ;
#7331 = EDGE_CURVE ( 'NONE', #7841, #3954, #5930, .T. ) ;
#7332 = DIRECTION ( 'NONE',  ( 0.000000000000000000, -1.000000000000000000, 0.000000000000000000 ) ) ;
#7333 = AXIS2_PLACEMENT_3D ( 'NONE', #4108, #6508, #3218 ) ;
#7334 = ADVANCED_FACE ( 'NONE', ( #9232 ), #2234, .F. ) ;
#7335 = LINE ( 'NONE', #240, #7694 ) ;
#7336 = ORIENTED_EDGE ( 'NONE', *, *, #5420, .T. ) ;
#7337 = AXIS2_PLACEMENT_3D ( 'NONE', #123, #9021, #3324 ) ;
#7338 = ORIENTED_EDGE ( 'NONE', *, *, #5640, .T. ) ;
#7339 =( NAMED_UNIT ( * ) PLANE_ANGLE_UNIT ( ) SI_UNIT ( $, .RADIAN. ) );
#7340 = PLANE ( 'NONE',  #2845 ) ;
#7341 = COLOUR_RGB ( '',0.7529411764705882248, 0.7529411764705882248, 0.7529411764705882248 ) ;
#7342 = COLOUR_RGB ( '',0.7529411764705882248, 0.7529411764705882248, 0.7529411764705882248 ) ;
#7343 = EDGE_CURVE ( 'NONE', #2248, #66, #2292, .T. ) ;
#7344 = CARTESIAN_POINT ( 'NONE',  ( -2.970000000000000639, 0.7249999999999998668, -2.177674200520781422 ) ) ;
#7345 = SURFACE_STYLE_USAGE ( .BOTH. , #1059 ) ;
#7346 = SURFACE_SIDE_STYLE ('',( #3402 ) ) ;
#7347 = CARTESIAN_POINT ( 'NONE',  ( -0.8400000000000005240, 0.7249999999999999778, 2.000000000000000000 ) ) ;
#7348 = LINE ( 'NONE', #8063, #4171 ) ;
#7349 = FILL_AREA_STYLE_COLOUR ( '', #1465 ) ;
#7350 = LINE ( 'NONE', #2764, #2296 ) ;
#7351 = CIRCLE ( 'NONE', #1809, 0.08232579947921878083 ) ;
#7352 = EDGE_LOOP ( 'NONE', ( #7105, #5820, #5304, #7035 ) ) ;
#7353 = PRESENTATION_STYLE_ASSIGNMENT (( #4104 ) ) ;
#7354 =( LENGTH_UNIT ( ) NAMED_UNIT ( * ) SI_UNIT ( .MILLI., .METRE. ) );
#7355 = LINE ( 'NONE', #6562, #8013 ) ;
#7356 = CARTESIAN_POINT ( 'NONE',  ( -4.240000000000001101, 0.6426742005207811692, 2.260000000000000231 ) ) ;
#7357 = VECTOR ( 'NONE', #9464, 1000.000000000000000 ) ;
#7358 =( GEOMETRIC_REPRESENTATION_CONTEXT ( 3 ) GLOBAL_UNCERTAINTY_ASSIGNED_CONTEXT ( ( #8071 ) ) GLOBAL_UNIT_ASSIGNED_CONTEXT ( ( #5664, #1672, #8744 ) ) REPRESENTATION_CONTEXT ( 'NONE', 'WORKASPACE' ) );
#7359 = DIRECTION ( 'NONE',  ( -1.000000000000000000, -0.000000000000000000, -0.000000000000000000 ) ) ;
#7360 = SURFACE_SIDE_STYLE ('',( #179 ) ) ;
#7361 = SURFACE_SIDE_STYLE ('',( #8864 ) ) ;
#7362 = EDGE_CURVE ( 'NONE', #9561, #4471, #8830, .T. ) ;
#7363 =( NAMED_UNIT ( * ) PLANE_ANGLE_UNIT ( ) SI_UNIT ( $, .RADIAN. ) );
#7364 = ORIENTED_EDGE ( 'NONE', *, *, #678, .F. ) ;
#7365 = ORIENTED_EDGE ( 'NONE', *, *, #6957, .T. ) ;
#7366 = PRESENTATION_LAYER_ASSIGNMENT (  '', '', ( #1485 ) ) ;
#7367 = MECHANICAL_DESIGN_GEOMETRIC_PRESENTATION_REPRESENTATION (  '', ( #8737 ), #4195 ) ;
#7368 = EDGE_CURVE ( 'NONE', #2347, #6621, #2979, .T. ) ;
#7369 = PRESENTATION_STYLE_ASSIGNMENT (( #3272 ) ) ;
#7370 = MECHANICAL_DESIGN_GEOMETRIC_PRESENTATION_REPRESENTATION (  '', ( #3507 ), #8233 ) ;
#7371 = SURFACE_STYLE_USAGE ( .BOTH. , #1639 ) ;
#7372 = CARTESIAN_POINT ( 'NONE',  ( 2.970000000000000639, 0.9250000000000000444, 2.000000000000000000 ) ) ;
#7373 = SURFACE_STYLE_FILL_AREA ( #4122 ) ;
#7374 = AXIS2_PLACEMENT_3D ( 'NONE', #2517, #2664, #8157 ) ;
#7375 = ORIENTED_EDGE ( 'NONE', *, *, #4300, .F. ) ;
#7376 = PRESENTATION_LAYER_ASSIGNMENT (  '', '', ( #7029 ) ) ;
#7377 = UNCERTAINTY_MEASURE_WITH_UNIT (LENGTH_MEASURE( 1.000000000000000082E-05 ), #4279, 'distance_accuracy_value', 'NONE');
#7378 = ORIENTED_EDGE ( 'NONE', *, *, #1754, .F. ) ;
#7379 =( GEOMETRIC_REPRESENTATION_CONTEXT ( 3 ) GLOBAL_UNCERTAINTY_ASSIGNED_CONTEXT ( ( #4715 ) ) GLOBAL_UNIT_ASSIGNED_CONTEXT ( ( #4520, #8483, #3576 ) ) REPRESENTATION_CONTEXT ( 'NONE', 'WORKASPACE' ) );
#7380 = MECHANICAL_DESIGN_GEOMETRIC_PRESENTATION_REPRESENTATION (  '', ( #4025 ), #4868 ) ;
#7381 = CARTESIAN_POINT ( 'NONE',  ( -1.700000000000001066, -0.1000000000000000056, 2.542325799479218773 ) ) ;
#7382 = FACE_OUTER_BOUND ( 'NONE', #9856, .T. ) ;
#7383 =( NAMED_UNIT ( * ) PLANE_ANGLE_UNIT ( ) SI_UNIT ( $, .RADIAN. ) );
#7384 = COLOUR_RGB ( '',0.7529411764705882248, 0.7529411764705882248, 0.7529411764705882248 ) ;
#7385 =( GEOMETRIC_REPRESENTATION_CONTEXT ( 3 ) GLOBAL_UNCERTAINTY_ASSIGNED_CONTEXT ( ( #702 ) ) GLOBAL_UNIT_ASSIGNED_CONTEXT ( ( #483, #4531, #6148 ) ) REPRESENTATION_CONTEXT ( 'NONE', 'WORKASPACE' ) );
#7386 = LINE ( 'NONE', #9783, #5182 ) ;
#7387 =( NAMED_UNIT ( * ) PLANE_ANGLE_UNIT ( ) SI_UNIT ( $, .RADIAN. ) );
#7388 = ORIENTED_EDGE ( 'NONE', *, *, #767, .T. ) ;
#7389 = AXIS2_PLACEMENT_3D ( 'NONE', #5893, #4330, #7321 ) ;
#7390 = VERTEX_POINT ( 'NONE', #3757 ) ;
#7391 = ADVANCED_FACE ( 'NONE', ( #6959 ), #10212, .F. ) ;
#7392 = CARTESIAN_POINT ( 'NONE',  ( 4.240000000000000213, 0.1823257994792188696, -2.259999999999999787 ) ) ;
#7393 = STYLED_ITEM ( 'NONE', ( #717 ), #2475 ) ;
#7394 = FILL_AREA_STYLE_COLOUR ( '', #1861 ) ;
#7395 = UNCERTAINTY_MEASURE_WITH_UNIT (LENGTH_MEASURE( 1.000000000000000082E-05 ), #7098, 'distance_accuracy_value', 'NONE');
#7396 = DIRECTION ( 'NONE',  ( -1.000000000000000000, -0.000000000000000000, -0.000000000000000000 ) ) ;
#7397 = PRESENTATION_LAYER_ASSIGNMENT (  '', '', ( #5712 ) ) ;
#7398 =( NAMED_UNIT ( * ) SI_UNIT ( $, .STERADIAN. ) SOLID_ANGLE_UNIT ( ) );
#7399 = LINE ( 'NONE', #2715, #4192 ) ;
#7400 = DIRECTION ( 'NONE',  ( 0.000000000000000000, -0.000000000000000000, 1.000000000000000000 ) ) ;
#7401 = CARTESIAN_POINT ( 'NONE',  ( -2.110000000000000764, 0.1000000000000000056, 2.542325799479218773 ) ) ;
#7402 = DIRECTION ( 'NONE',  ( 0.000000000000000000, -1.000000000000000000, 0.000000000000000000 ) ) ;
#7403 = SURFACE_STYLE_USAGE ( .BOTH. , #3315 ) ;
#7404 = ORIENTED_EDGE ( 'NONE', *, *, #4185, .T. ) ;
#7405 = EDGE_CURVE ( 'NONE', #1296, #8055, #6781, .T. ) ;
#7406 = SURFACE_STYLE_USAGE ( .BOTH. , #8375 ) ;
#7407 = MANIFOLD_SOLID_BREP ( 'Wrap1', #8691 ) ;
#7408 = CARTESIAN_POINT ( 'NONE',  ( 2.969999999999999751, 0.9249999999999998224, 2.177674200520781422 ) ) ;
#7409 = EDGE_CURVE ( 'NONE', #8538, #10204, #9241, .T. ) ;
#7410 = CARTESIAN_POINT ( 'NONE',  ( -0.8400000000000005240, 0.6426742005207811692, -2.260000000000000231 ) ) ;
#7411 = PRESENTATION_STYLE_ASSIGNMENT (( #2533 ) ) ;
#7412 = CARTESIAN_POINT ( 'NONE',  ( -2.970000000000000639, 0.7249999999999999778, -2.000000000000000000 ) ) ;
#7413 = EDGE_LOOP ( 'NONE', ( #2192, #9193, #4376, #4765 ) ) ;
#7414 = DIRECTION ( 'NONE',  ( 1.000000000000000000, 0.000000000000000000, 0.000000000000000000 ) ) ;
#7415 = VERTEX_POINT ( 'NONE', #8284 ) ;
#7416 = VERTEX_POINT ( 'NONE', #2008 ) ;
#7417 = DIRECTION ( 'NONE',  ( 0.000000000000000000, 0.000000000000000000, 1.000000000000000000 ) ) ;
#7418 = ADVANCED_FACE ( 'NONE', ( #9969 ), #2737, .T. ) ;
#7419 = DIRECTION ( 'NONE',  ( -1.000000000000000000, -0.000000000000000000, -0.000000000000000000 ) ) ;
#7420 =( NAMED_UNIT ( * ) PLANE_ANGLE_UNIT ( ) SI_UNIT ( $, .RADIAN. ) );
#7421 = ORIENTED_EDGE ( 'NONE', *, *, #194, .F. ) ;
#7422 = FACE_OUTER_BOUND ( 'NONE', #6887, .T. ) ;
#7423 = DIRECTION ( 'NONE',  ( 0.000000000000000000, 0.000000000000000000, 1.000000000000000000 ) ) ;
#7424 = DIRECTION ( 'NONE',  ( 0.000000000000000000, -0.000000000000000000, -1.000000000000000000 ) ) ;
#7425 = FACE_OUTER_BOUND ( 'NONE', #8042, .T. ) ;
#7426 = LINE ( 'NONE', #198, #3001 ) ;
#7427 = SURFACE_STYLE_USAGE ( .BOTH. , #8296 ) ;
#7428 = VERTEX_POINT ( 'NONE', #8646 ) ;
#7429 =( LENGTH_UNIT ( ) NAMED_UNIT ( * ) SI_UNIT ( .MILLI., .METRE. ) );
#7430 = ORIENTED_EDGE ( 'NONE', *, *, #3481, .F. ) ;
#7431 = LINE ( 'NONE', #6545, #8579 ) ;
#7432 = FILL_AREA_STYLE ('',( #10046 ) ) ;
#7433 =( LENGTH_UNIT ( ) NAMED_UNIT ( * ) SI_UNIT ( .MILLI., .METRE. ) );
#7434 = LINE ( 'NONE', #9054, #7920 ) ;
#7435 = CARTESIAN_POINT ( 'NONE',  ( -0.4300000000000007150, 0.9249999999999998224, 2.177674200520781422 ) ) ;
#7436 = CYLINDRICAL_SURFACE ( 'NONE', #5446, 0.08232579947921878083 ) ;
#7437 = DIRECTION ( 'NONE',  ( -0.000000000000000000, -1.000000000000000000, -0.000000000000000000 ) ) ;
#7438 = ADVANCED_FACE ( 'NONE', ( #2162 ), #7782, .F. ) ;
#7439 = CARTESIAN_POINT ( 'NONE',  ( 0.4299999999999998268, 0.7249999999999999778, -2.000000000000000000 ) ) ;
#7440 =( LENGTH_UNIT ( ) NAMED_UNIT ( * ) SI_UNIT ( .MILLI., .METRE. ) );
#7441 = AXIS2_PLACEMENT_3D ( 'NONE', #9739, #9397, #8957 ) ;
#7442 = LINE ( 'NONE', #9062, #9717 ) ;
#7443 = SURFACE_STYLE_FILL_AREA ( #1723 ) ;
#7444 = AXIS2_PLACEMENT_3D ( 'NONE', #5090, #6765, #5047 ) ;
#7445 = FILL_AREA_STYLE_COLOUR ( '', #6718 ) ;
#7446 = ORIENTED_EDGE ( 'NONE', *, *, #3390, .F. ) ;
#7447 = LINE ( 'NONE', #9067, #3349 ) ;
#7448 = FILL_AREA_STYLE ('',( #9170 ) ) ;
#7449 = MECHANICAL_DESIGN_GEOMETRIC_PRESENTATION_REPRESENTATION (  '', ( #7289 ), #4618 ) ;
#7450 = AXIS2_PLACEMENT_3D ( 'NONE', #9426, #2132, #6174 ) ;
#7451 = CARTESIAN_POINT ( 'NONE',  ( -0.8400000000000005240, 0.7249999999999998668, 2.177674200520781422 ) ) ;
#7452 = EDGE_CURVE ( 'NONE', #5504, #10235, #574, .T. ) ;
#7453 =( NAMED_UNIT ( * ) SI_UNIT ( $, .STERADIAN. ) SOLID_ANGLE_UNIT ( ) );
#7454 = CARTESIAN_POINT ( 'NONE',  ( 4.649999999999999467, 0.9250000000000000444, -2.000000000000000000 ) ) ;
#7455 =( LENGTH_UNIT ( ) NAMED_UNIT ( * ) SI_UNIT ( .MILLI., .METRE. ) );
#7456 = ORIENTED_EDGE ( 'NONE', *, *, #1360, .F. ) ;
#7457 = MECHANICAL_DESIGN_GEOMETRIC_PRESENTATION_REPRESENTATION (  '', ( #10176 ), #7805 ) ;
#7458 = MECHANICAL_DESIGN_GEOMETRIC_PRESENTATION_REPRESENTATION (  '', ( #5114 ), #3274 ) ;
#7459 = EDGE_LOOP ( 'NONE', ( #2581, #4292, #8078, #1603 ) ) ;
#7460 = VECTOR ( 'NONE', #5091, 1000.000000000000000 ) ;
#7461 =( GEOMETRIC_REPRESENTATION_CONTEXT ( 3 ) GLOBAL_UNCERTAINTY_ASSIGNED_CONTEXT ( ( #9737 ) ) GLOBAL_UNIT_ASSIGNED_CONTEXT ( ( #1101, #3595, #8451 ) ) REPRESENTATION_CONTEXT ( 'NONE', 'WORKASPACE' ) );
#7462 = PRESENTATION_STYLE_ASSIGNMENT (( #8923 ) ) ;
#7463 = COLOUR_RGB ( '',0.7529411764705882248, 0.7529411764705882248, 0.7529411764705882248 ) ;
#7464 = LINE ( 'NONE', #3331, #9231 ) ;
#7465 = PLANE ( 'NONE',  #743 ) ;
#7466 = VECTOR ( 'NONE', #1227, 1000.000000000000000 ) ;
#7467 = PRESENTATION_STYLE_ASSIGNMENT (( #5004 ) ) ;
#7468 = VECTOR ( 'NONE', #597, 1000.000000000000000 ) ;
#7469 = STYLED_ITEM ( 'NONE', ( #1047 ), #6489 ) ;
#7470 = COLOUR_RGB ( '',0.7529411764705882248, 0.7529411764705882248, 0.7529411764705882248 ) ;
#7471 = DIRECTION ( 'NONE',  ( 0.000000000000000000, -1.000000000000000000, 0.000000000000000000 ) ) ;
#7472 = EDGE_LOOP ( 'NONE', ( #7647, #6990, #2190, #78 ) ) ;
#7473 = PRESENTATION_LAYER_ASSIGNMENT (  '', '', ( #5966 ) ) ;
#7474 = ORIENTED_EDGE ( 'NONE', *, *, #6175, .F. ) ;
#7475 = VERTEX_POINT ( 'NONE', #7847 ) ;
#7476 = EDGE_CURVE ( 'NONE', #5624, #1324, #3648, .T. ) ;
#7477 = PRESENTATION_LAYER_ASSIGNMENT (  '', '', ( #9367 ) ) ;
#7478 =( NAMED_UNIT ( * ) PLANE_ANGLE_UNIT ( ) SI_UNIT ( $, .RADIAN. ) );
#7479 = LINE ( 'NONE', #5797, #10419 ) ;
#7480 = FACE_OUTER_BOUND ( 'NONE', #1136, .T. ) ;
#7481 = ORIENTED_EDGE ( 'NONE', *, *, #8843, .T. ) ;
#7482 = MECHANICAL_DESIGN_GEOMETRIC_PRESENTATION_REPRESENTATION (  '', ( #4308 ), #6970 ) ;
#7483 = AXIS2_PLACEMENT_3D ( 'NONE', #1053, #9985, #7486 ) ;
#7484 = VECTOR ( 'NONE', #5378, 1000.000000000000000 ) ;
#7485 = VERTEX_POINT ( 'NONE', #2052 ) ;
#7486 = DIRECTION ( 'NONE',  ( 0.000000000000000000, 0.000000000000000000, 1.000000000000000000 ) ) ;
#7487 = CARTESIAN_POINT ( 'NONE',  ( -2.970000000000000639, 0.6426742005207811692, 2.459999999999999964 ) ) ;
#7488 = DIRECTION ( 'NONE',  ( 0.000000000000000000, 0.000000000000000000, 1.000000000000000000 ) ) ;
#7489 = VECTOR ( 'NONE', #3033, 1000.000000000000000 ) ;
#7490 = PLANE ( 'NONE',  #3210 ) ;
#7491 = UNCERTAINTY_MEASURE_WITH_UNIT (LENGTH_MEASURE( 1.000000000000000082E-05 ), #9904, 'distance_accuracy_value', 'NONE');
#7492 = PRESENTATION_STYLE_ASSIGNMENT (( #1169 ) ) ;
#7493 = AXIS2_PLACEMENT_3D ( 'NONE', #4433, #4337, #5955 ) ;
#7494 =( NAMED_UNIT ( * ) PLANE_ANGLE_UNIT ( ) SI_UNIT ( $, .RADIAN. ) );
#7495 = DIRECTION ( 'NONE',  ( 0.000000000000000000, -1.000000000000000000, 0.000000000000000000 ) ) ;
#7496 = VERTEX_POINT ( 'NONE', #7671 ) ;
#7497 = ORIENTED_EDGE ( 'NONE', *, *, #8124, .T. ) ;
#7498 = CARTESIAN_POINT ( 'NONE',  ( -0.4300000000000007150, 0.1823257994792188419, 2.459999999999999964 ) ) ;
#7499 = PRESENTATION_STYLE_ASSIGNMENT (( #4311 ) ) ;
#7500 = EDGE_CURVE ( 'NONE', #8437, #7997, #9755, .T. ) ;
#7501 = CARTESIAN_POINT ( 'NONE',  ( -4.821641889396034664, 1.961519110049632753, 1.821641889396033775 ) ) ;
#7502 = UNCERTAINTY_MEASURE_WITH_UNIT (LENGTH_MEASURE( 1.000000000000000082E-05 ), #7574, 'distance_accuracy_value', 'NONE');
#7503 =( NAMED_UNIT ( * ) SI_UNIT ( $, .STERADIAN. ) SOLID_ANGLE_UNIT ( ) );
#7504 = LINE ( 'NONE', #522, #4877 ) ;
#7505 = CIRCLE ( 'NONE', #5169, 0.08232579947921878083 ) ;
#7506 = FACE_OUTER_BOUND ( 'NONE', #7661, .T. ) ;
#7507 = ORIENTED_EDGE ( 'NONE', *, *, #9422, .T. ) ;
#7508 = CARTESIAN_POINT ( 'NONE',  ( 3.379999999999999449, 0.1823257994792188419, 2.542325799479218773 ) ) ;
#7509 = ORIENTED_EDGE ( 'NONE', *, *, #2549, .T. ) ;
#7510 = VERTEX_POINT ( 'NONE', #8862 ) ;
#7511 = VERTEX_POINT ( 'NONE', #683 ) ;
#7512 = EDGE_CURVE ( 'NONE', #7980, #1703, #9545, .T. ) ;
#7513 =( LENGTH_UNIT ( ) NAMED_UNIT ( * ) SI_UNIT ( .MILLI., .METRE. ) );
#7514 = MECHANICAL_DESIGN_GEOMETRIC_PRESENTATION_REPRESENTATION (  '', ( #7877 ), #152 ) ;
#7515 = CYLINDRICAL_SURFACE ( 'NONE', #10069, 0.2823257994792188752 ) ;
#7516 = SURFACE_STYLE_USAGE ( .BOTH. , #8335 ) ;
#7517 =( NAMED_UNIT ( * ) SI_UNIT ( $, .STERADIAN. ) SOLID_ANGLE_UNIT ( ) );
#7518 = CARTESIAN_POINT ( 'NONE',  ( 2.109999999999999432, 0.1823257994792188419, 2.459999999999999964 ) ) ;
#7519 = CARTESIAN_POINT ( 'NONE',  ( 4.240000000000000213, 0.6426742005207811692, -2.260000000000000231 ) ) ;
#7520 = ORIENTED_EDGE ( 'NONE', *, *, #1892, .T. ) ;
#7521 = COLOUR_RGB ( '',0.2509803921568627416, 0.2509803921568627416, 0.2509803921568627416 ) ;
#7522 = COLOUR_RGB ( '',0.7529411764705882248, 0.7529411764705882248, 0.7529411764705882248 ) ;
#7523 = DIRECTION ( 'NONE',  ( 1.000000000000000000, 0.000000000000000000, 0.000000000000000000 ) ) ;
#7524 = ORIENTED_EDGE ( 'NONE', *, *, #2217, .T. ) ;
#7525 = VECTOR ( 'NONE', #4713, 1000.000000000000000 ) ;
#7526 = CARTESIAN_POINT ( 'NONE',  ( 4.649999999999999467, 0.1823257994792188696, 2.259999999999999787 ) ) ;
#7527 = EDGE_CURVE ( 'NONE', #1895, #3796, #8708, .T. ) ;
#7528 = CIRCLE ( 'NONE', #9086, 0.08232579947921878083 ) ;
#7529 = DIRECTION ( 'NONE',  ( 0.000000000000000000, 0.000000000000000000, -1.000000000000000000 ) ) ;
#7530 = CARTESIAN_POINT ( 'NONE',  ( -0.4300000000000007150, 0.1000000000000000056, 2.542325799479218773 ) ) ;
#7531 = ORIENTED_EDGE ( 'NONE', *, *, #552, .F. ) ;
#7532 = AXIS2_PLACEMENT_3D ( 'NONE', #4616, #4513, #4730 ) ;
#7533 = AXIS2_PLACEMENT_3D ( 'NONE', #5198, #1026, #372 ) ;
#7534 = ORIENTED_EDGE ( 'NONE', *, *, #2304, .F. ) ;
#7535 = CARTESIAN_POINT ( 'NONE',  ( -3.380000000000000338, 0.1823257994792188419, 2.542325799479218773 ) ) ;
#7536 = COLOUR_RGB ( '',0.7529411764705882248, 0.7529411764705882248, 0.7529411764705882248 ) ;
#7537 = SURFACE_STYLE_USAGE ( .BOTH. , #9942 ) ;
#7538 = CARTESIAN_POINT ( 'NONE',  ( -2.110000000000000764, 0.1000000000000000056, -2.542325799479218773 ) ) ;
#7539 =( NAMED_UNIT ( * ) PLANE_ANGLE_UNIT ( ) SI_UNIT ( $, .RADIAN. ) );
#7540 =( NAMED_UNIT ( * ) PLANE_ANGLE_UNIT ( ) SI_UNIT ( $, .RADIAN. ) );
#7541 = COLOUR_RGB ( '',0.7529411764705882248, 0.7529411764705882248, 0.7529411764705882248 ) ;
#7542 = DIRECTION ( 'NONE',  ( 0.000000000000000000, -0.000000000000000000, -1.000000000000000000 ) ) ;
#7543 = CARTESIAN_POINT ( 'NONE',  ( -5.000000000000000888, 1.649999999999999911, 2.000000000000000000 ) ) ;
#7544 =( GEOMETRIC_REPRESENTATION_CONTEXT ( 3 ) GLOBAL_UNCERTAINTY_ASSIGNED_CONTEXT ( ( #7052 ) ) GLOBAL_UNIT_ASSIGNED_CONTEXT ( ( #3028, #3606, #5235 ) ) REPRESENTATION_CONTEXT ( 'NONE', 'WORKASPACE' ) );
#7545 = ORIENTED_EDGE ( 'NONE', *, *, #10075, .T. ) ;
#7546 = SURFACE_STYLE_FILL_AREA ( #8468 ) ;
#7547 = ADVANCED_FACE ( 'NONE', ( #5526 ), #2411, .F. ) ;
#7548 =( LENGTH_UNIT ( ) NAMED_UNIT ( * ) SI_UNIT ( .MILLI., .METRE. ) );
#7549 = ORIENTED_EDGE ( 'NONE', *, *, #8645, .F. ) ;
#7550 = DIRECTION ( 'NONE',  ( 0.000000000000000000, 0.000000000000000000, 1.000000000000000000 ) ) ;
#7551 = CARTESIAN_POINT ( 'NONE',  ( -2.970000000000000639, 0.1000000000000000056, -2.542325799479218773 ) ) ;
#7552 =( NAMED_UNIT ( * ) SI_UNIT ( $, .STERADIAN. ) SOLID_ANGLE_UNIT ( ) );
#7553 = CARTESIAN_POINT ( 'NONE',  ( -1.700000000000001066, 0.6426742005207811692, -2.260000000000000231 ) ) ;
#7554 = FACE_OUTER_BOUND ( 'NONE', #6936, .T. ) ;
#7555 = FILL_AREA_STYLE ('',( #4369 ) ) ;
#7556 = DIRECTION ( 'NONE',  ( -0.000000000000000000, -1.000000000000000000, -0.000000000000000000 ) ) ;
#7557 = EDGE_CURVE ( 'NONE', #596, #10014, #7257, .T. ) ;
#7558 = VERTEX_POINT ( 'NONE', #4690 ) ;
#7559 = VECTOR ( 'NONE', #3087, 1000.000000000000000 ) ;
#7560 = PRESENTATION_STYLE_ASSIGNMENT (( #5933 ) ) ;
#7561 = EDGE_LOOP ( 'NONE', ( #7791, #3761, #2578, #9476 ) ) ;
#7562 = CIRCLE ( 'NONE', #3048, 0.2823257994792188752 ) ;
#7563 = ORIENTED_EDGE ( 'NONE', *, *, #1062, .F. ) ;
#7564 = ORIENTED_EDGE ( 'NONE', *, *, #8474, .F. ) ;
#7565 = DIRECTION ( 'NONE',  ( 0.000000000000000000, -0.000000000000000000, -1.000000000000000000 ) ) ;
#7566 = CIRCLE ( 'NONE', #8953, 0.08232579947921878083 ) ;
#7567 = LINE ( 'NONE', #2051, #5263 ) ;
#7568 = FILL_AREA_STYLE ('',( #4380 ) ) ;
#7569 = CARTESIAN_POINT ( 'NONE',  ( -3.380000000000000338, 0.6426742005207811692, -2.260000000000000231 ) ) ;
#7570 = EDGE_CURVE ( 'NONE', #3372, #761, #4845, .T. ) ;
#7571 = ORIENTED_EDGE ( 'NONE', *, *, #8298, .F. ) ;
#7572 = PLANE ( 'NONE',  #3289 ) ;
#7573 = VERTEX_POINT ( 'NONE', #3266 ) ;
#7574 =( LENGTH_UNIT ( ) NAMED_UNIT ( * ) SI_UNIT ( .MILLI., .METRE. ) );
#7575 = FILL_AREA_STYLE_COLOUR ( '', #4950 ) ;
#7576 = SURFACE_STYLE_USAGE ( .BOTH. , #4390 ) ;
#7577 = EDGE_CURVE ( 'NONE', #6202, #4952, #7913, .T. ) ;
#7578 = FILL_AREA_STYLE ('',( #2801 ) ) ;
#7579 = VERTEX_POINT ( 'NONE', #9592 ) ;
#7580 = ADVANCED_FACE ( 'NONE', ( #6291 ), #1528, .F. ) ;
#7581 = CARTESIAN_POINT ( 'NONE',  ( -0.4300000000000007150, -0.1000000000000000056, -2.542325799479218773 ) ) ;
#7582 = ORIENTED_EDGE ( 'NONE', *, *, #5748, .T. ) ;
#7583 = DIRECTION ( 'NONE',  ( 0.000000000000000000, 0.000000000000000000, 1.000000000000000000 ) ) ;
#7584 = DIRECTION ( 'NONE',  ( -1.000000000000000000, -0.000000000000000000, -0.000000000000000000 ) ) ;
#7585 = CARTESIAN_POINT ( 'NONE',  ( -1.700000000000001066, 0.7249999999999999778, -2.000000000000000000 ) ) ;
#7586 = PRODUCT_DEFINITION_CONTEXT ( 'detailed design', #10226, 'design' ) ;
#7587 = LINE ( 'NONE', #1017, #3638 ) ;
#7588 = FILL_AREA_STYLE ('',( #2916 ) ) ;
#7589 = LINE ( 'NONE', #407, #4200 ) ;
#7590 = CARTESIAN_POINT ( 'NONE',  ( -4.650000000000000355, 0.7249999999999998668, -2.177674200520781422 ) ) ;
#7591 = DIRECTION ( 'NONE',  ( 0.000000000000000000, 0.000000000000000000, 1.000000000000000000 ) ) ;
#7592 = FACE_OUTER_BOUND ( 'NONE', #6152, .T. ) ;
#7593 = CARTESIAN_POINT ( 'NONE',  ( 2.109999999999999432, 0.1000000000000000056, -2.542325799479218773 ) ) ;
#7594 = ORIENTED_EDGE ( 'NONE', *, *, #3493, .F. ) ;
#7595 = CARTESIAN_POINT ( 'NONE',  ( -1.700000000000001066, 0.1823257994792188419, 2.542325799479218773 ) ) ;
#7596 = CARTESIAN_POINT ( 'NONE',  ( 3.379999999999999449, 0.1000000000000000056, -2.542325799479218773 ) ) ;
#7597 = SURFACE_STYLE_USAGE ( .BOTH. , #5925 ) ;
#7598 =( GEOMETRIC_REPRESENTATION_CONTEXT ( 3 ) GLOBAL_UNCERTAINTY_ASSIGNED_CONTEXT ( ( #1806 ) ) GLOBAL_UNIT_ASSIGNED_CONTEXT ( ( #2243, #10277, #6184 ) ) REPRESENTATION_CONTEXT ( 'NONE', 'WORKASPACE' ) );
#7599 = UNCERTAINTY_MEASURE_WITH_UNIT (LENGTH_MEASURE( 1.000000000000000082E-05 ), #1175, 'distance_accuracy_value', 'NONE');
#7600 = CARTESIAN_POINT ( 'NONE',  ( 1.700000000000000178, 0.9250000000000000444, 2.000000000000000000 ) ) ;
#7601 = DIRECTION ( 'NONE',  ( 0.000000000000000000, -0.000000000000000000, 1.000000000000000000 ) ) ;
#7602 = CARTESIAN_POINT ( 'NONE',  ( 0.4299999999999998268, 0.7249999999999999778, 2.000000000000000000 ) ) ;
#7603 = ORIENTED_EDGE ( 'NONE', *, *, #5910, .F. ) ;
#7604 = VERTEX_POINT ( 'NONE', #8321 ) ;
#7605 = EDGE_LOOP ( 'NONE', ( #6773, #3634, #9288, #7673, #6904, #2323, #10220, #2236, #6046, #5935, #8280, #5211 ) ) ;
#7606 = VERTEX_POINT ( 'NONE', #4223 ) ;
#7607 = VECTOR ( 'NONE', #1104, 1000.000000000000000 ) ;
#7608 = SURFACE_STYLE_USAGE ( .BOTH. , #8540 ) ;
#7609 =( GEOMETRIC_REPRESENTATION_CONTEXT ( 3 ) GLOBAL_UNCERTAINTY_ASSIGNED_CONTEXT ( ( #9634 ) ) GLOBAL_UNIT_ASSIGNED_CONTEXT ( ( #7960, #1684, #4004 ) ) REPRESENTATION_CONTEXT ( 'NONE', 'WORKASPACE' ) );
#7610 = ADVANCED_FACE ( 'NONE', ( #8173 ), #985, .F. ) ;
#7611 =( LENGTH_UNIT ( ) NAMED_UNIT ( * ) SI_UNIT ( .MILLI., .METRE. ) );
#7612 =( NAMED_UNIT ( * ) PLANE_ANGLE_UNIT ( ) SI_UNIT ( $, .RADIAN. ) );
#7613 = PRESENTATION_STYLE_ASSIGNMENT (( #7672 ) ) ;
#7614 = CARTESIAN_POINT ( 'NONE',  ( -4.240000000000001101, 0.1000000000000000056, -3.000000000000000000 ) ) ;
#7615 = FILL_AREA_STYLE_COLOUR ( '', #8868 ) ;
#7616 = VERTEX_POINT ( 'NONE', #1893 ) ;
#7617 = VECTOR ( 'NONE', #3474, 1000.000000000000000 ) ;
#7618 = DIRECTION ( 'NONE',  ( -1.000000000000000000, -0.000000000000000000, -0.000000000000000000 ) ) ;
#7619 = AXIS2_PLACEMENT_3D ( 'NONE', #9094, #9818, #6532 ) ;
#7620 = COLOUR_RGB ( '',0.7529411764705882248, 0.7529411764705882248, 0.7529411764705882248 ) ;
#7621 = CARTESIAN_POINT ( 'NONE',  ( 4.649999999999999467, 0.6426742005207811692, 2.459999999999999964 ) ) ;
#7622 = EDGE_CURVE ( 'NONE', #4696, #7282, #4315, .T. ) ;
#7623 = PRESENTATION_LAYER_ASSIGNMENT (  '', '', ( #430 ) ) ;
#7624 = AXIS2_PLACEMENT_3D ( 'NONE', #1649, #10360, #9563 ) ;
#7625 = FILL_AREA_STYLE ('',( #6741 ) ) ;
#7626 = VECTOR ( 'NONE', #7994, 1000.000000000000000 ) ;
#7627 = SURFACE_STYLE_USAGE ( .BOTH. , #9147 ) ;
#7628 =( NAMED_UNIT ( * ) SI_UNIT ( $, .STERADIAN. ) SOLID_ANGLE_UNIT ( ) );
#7629 = VERTEX_POINT ( 'NONE', #6722 ) ;
#7630 = STYLED_ITEM ( 'NONE', ( #1972 ), #6787 ) ;
#7631 = SURFACE_STYLE_FILL_AREA ( #5178 ) ;
#7632 = STYLED_ITEM ( 'NONE', ( #9461 ), #9599 ) ;
#7633 = ORIENTED_EDGE ( 'NONE', *, *, #1671, .F. ) ;
#7634 = CARTESIAN_POINT ( 'NONE',  ( -3.380000000000000338, 0.1823257994792188419, 2.542325799479218773 ) ) ;
#7635 = DIRECTION ( 'NONE',  ( 0.000000000000000000, 0.000000000000000000, -1.000000000000000000 ) ) ;
#7636 = EDGE_CURVE ( 'NONE', #3982, #2967, #5928, .T. ) ;
#7637 = EDGE_CURVE ( 'NONE', #64, #7261, #9998, .T. ) ;
#7638 = CARTESIAN_POINT ( 'NONE',  ( -4.650000000000000355, 0.6426742005207811692, 2.260000000000000231 ) ) ;
#7639 = LINE ( 'NONE', #4718, #3800 ) ;
#7640 = FACE_OUTER_BOUND ( 'NONE', #3420, .T. ) ;
#7641 = CIRCLE ( 'NONE', #4968, 0.2823257994792188752 ) ;
#7642 = DIRECTION ( 'NONE',  ( 0.000000000000000000, -1.000000000000000000, 0.000000000000000000 ) ) ;
#7643 = ORIENTED_EDGE ( 'NONE', *, *, #2019, .T. ) ;
#7644 =( GEOMETRIC_REPRESENTATION_CONTEXT ( 3 ) GLOBAL_UNCERTAINTY_ASSIGNED_CONTEXT ( ( #7312 ) ) GLOBAL_UNIT_ASSIGNED_CONTEXT ( ( #9178, #427, #6772 ) ) REPRESENTATION_CONTEXT ( 'NONE', 'WORKASPACE' ) );
#7645 = FACE_OUTER_BOUND ( 'NONE', #472, .T. ) ;
#7646 = PRESENTATION_STYLE_ASSIGNMENT (( #7708 ) ) ;
#7647 = ORIENTED_EDGE ( 'NONE', *, *, #2693, .T. ) ;
#7648 = CARTESIAN_POINT ( 'NONE',  ( -4.650000000000000355, 0.1823257994792188419, -2.542325799479218773 ) ) ;
#7649 = MECHANICAL_DESIGN_GEOMETRIC_PRESENTATION_REPRESENTATION (  '', ( #1440 ), #7323 ) ;
#7650 = CARTESIAN_POINT ( 'NONE',  ( -1.700000000000001066, 0.6426742005207811692, 2.177674200520781422 ) ) ;
#7651 = STYLED_ITEM ( 'NONE', ( #6068 ), #10346 ) ;
#7652 = ADVANCED_FACE ( 'NONE', ( #7554 ), #3411, .F. ) ;
#7653 = PRESENTATION_LAYER_ASSIGNMENT (  '', '', ( #7150 ) ) ;
#7654 = DIRECTION ( 'NONE',  ( -1.000000000000000000, -0.000000000000000000, -0.000000000000000000 ) ) ;
#7655 = LINE ( 'NONE', #3721, #8984 ) ;
#7656 = VERTEX_POINT ( 'NONE', #5203 ) ;
#7657 = LINE ( 'NONE', #7831, #3095 ) ;
#7658 =( NAMED_UNIT ( * ) PLANE_ANGLE_UNIT ( ) SI_UNIT ( $, .RADIAN. ) );
#7659 = FACE_OUTER_BOUND ( 'NONE', #6416, .T. ) ;
#7660 =( GEOMETRIC_REPRESENTATION_CONTEXT ( 3 ) GLOBAL_UNCERTAINTY_ASSIGNED_CONTEXT ( ( #10065 ) ) GLOBAL_UNIT_ASSIGNED_CONTEXT ( ( #1041, #8348, #1005 ) ) REPRESENTATION_CONTEXT ( 'NONE', 'WORKASPACE' ) );
#7661 = EDGE_LOOP ( 'NONE', ( #7917, #4509, #8818, #2336 ) ) ;
#7662 = PRESENTATION_LAYER_ASSIGNMENT (  '', '', ( #3983 ) ) ;
#7663 = PRESENTATION_STYLE_ASSIGNMENT (( #5998 ) ) ;
#7664 = EDGE_LOOP ( 'NONE', ( #3780, #10357, #10080, #8528 ) ) ;
#7665 = EDGE_LOOP ( 'NONE', ( #277, #465, #10294, #862 ) ) ;
#7666 = PRESENTATION_STYLE_ASSIGNMENT (( #5256 ) ) ;
#7667 = PRESENTATION_LAYER_ASSIGNMENT (  '', '', ( #298 ) ) ;
#7668 = AXIS2_PLACEMENT_3D ( 'NONE', #3173, #6251, #7971 ) ;
#7669 = SURFACE_STYLE_USAGE ( .BOTH. , #6930 ) ;
#7670 = ADVANCED_FACE ( 'NONE', ( #9326 ), #2828, .T. ) ;
#7671 = CARTESIAN_POINT ( 'NONE',  ( -4.240000000000001101, 0.7249999999999998668, 2.177674200520781422 ) ) ;
#7672 = SURFACE_STYLE_USAGE ( .BOTH. , #6005 ) ;
#7673 = ORIENTED_EDGE ( 'NONE', *, *, #2019, .F. ) ;
#7674 = PLANE ( 'NONE',  #1093 ) ;
#7675 = EDGE_LOOP ( 'NONE', ( #1173, #6902, #8385, #3746, #4824, #6086, #7853, #7868, #4620, #3866, #621, #8324 ) ) ;
#7676 = DIRECTION ( 'NONE',  ( -1.000000000000000000, -0.000000000000000000, -0.000000000000000000 ) ) ;
#7677 = ORIENTED_EDGE ( 'NONE', *, *, #5085, .T. ) ;
#7678 = UNCERTAINTY_MEASURE_WITH_UNIT (LENGTH_MEASURE( 1.000000000000000082E-05 ), #5232, 'distance_accuracy_value', 'NONE');
#7679 = EDGE_CURVE ( 'NONE', #2391, #6580, #10066, .T. ) ;
#7680 = VECTOR ( 'NONE', #6306, 1000.000000000000000 ) ;
#7681 = DIRECTION ( 'NONE',  ( -1.000000000000000000, -0.000000000000000000, -0.000000000000000000 ) ) ;
#7682 =( NAMED_UNIT ( * ) SI_UNIT ( $, .STERADIAN. ) SOLID_ANGLE_UNIT ( ) );
#7683 = CARTESIAN_POINT ( 'NONE',  ( 0.8399999999999996358, 0.1823257994792188696, 2.259999999999999787 ) ) ;
#7684 = VECTOR ( 'NONE', #1340, 1000.000000000000000 ) ;
#7685 = MECHANICAL_DESIGN_GEOMETRIC_PRESENTATION_REPRESENTATION (  '', ( #1293 ), #803 ) ;
#7686 = LINE ( 'NONE', #9895, #6154 ) ;
#7687 =( LENGTH_UNIT ( ) NAMED_UNIT ( * ) SI_UNIT ( .MILLI., .METRE. ) );
#7688 = ORIENTED_EDGE ( 'NONE', *, *, #5040, .T. ) ;
#7689 = ORIENTED_EDGE ( 'NONE', *, *, #2896, .F. ) ;
#7690 = DIRECTION ( 'NONE',  ( 0.000000000000000000, 0.000000000000000000, 1.000000000000000000 ) ) ;
#7691 = ORIENTED_EDGE ( 'NONE', *, *, #3832, .T. ) ;
#7692 =( NAMED_UNIT ( * ) SI_UNIT ( $, .STERADIAN. ) SOLID_ANGLE_UNIT ( ) );
#7693 = STYLED_ITEM ( 'NONE', ( #8255 ), #8989 ) ;
#7694 = VECTOR ( 'NONE', #6641, 1000.000000000000000 ) ;
#7695 = CARTESIAN_POINT ( 'NONE',  ( 2.109999999999999432, 0.6426742005207811692, 2.459999999999999964 ) ) ;
#7696 = MECHANICAL_DESIGN_GEOMETRIC_PRESENTATION_REPRESENTATION (  '', ( #491 ), #6527 ) ;
#7697 = UNCERTAINTY_MEASURE_WITH_UNIT (LENGTH_MEASURE( 1.000000000000000082E-05 ), #2542, 'distance_accuracy_value', 'NONE');
#7698 = LINE ( 'NONE', #1501, #3473 ) ;
#7699 = DIRECTION ( 'NONE',  ( -1.000000000000000000, -0.000000000000000000, -0.000000000000000000 ) ) ;
#7700 = PRESENTATION_STYLE_ASSIGNMENT (( #4503 ) ) ;
#7701 = PRESENTATION_LAYER_ASSIGNMENT (  '', '', ( #4890 ) ) ;
#7702 = DIRECTION ( 'NONE',  ( -0.000000000000000000, 0.000000000000000000, -1.000000000000000000 ) ) ;
#7703 = ORIENTED_EDGE ( 'NONE', *, *, #5003, .F. ) ;
#7704 = STYLED_ITEM ( 'NONE', ( #3380 ), #8601 ) ;
#7705 = CARTESIAN_POINT ( 'NONE',  ( 4.999999999999999112, 0.9499999999999816369, -2.000000000000000000 ) ) ;
#7706 = EDGE_CURVE ( 'NONE', #1760, #3954, #8529, .T. ) ;
#7707 = PRESENTATION_LAYER_ASSIGNMENT (  '', '', ( #9754 ) ) ;
#7708 = SURFACE_STYLE_USAGE ( .BOTH. , #5981 ) ;
#7709 = ORIENTED_EDGE ( 'NONE', *, *, #8645, .T. ) ;
#7710 = CARTESIAN_POINT ( 'NONE',  ( 0.4299999999999998268, 0.9250000000000000444, -2.000000000000000000 ) ) ;
#7711 = AXIS2_PLACEMENT_3D ( 'NONE', #2254, #1566, #4786 ) ;
#7712 =( NAMED_UNIT ( * ) PLANE_ANGLE_UNIT ( ) SI_UNIT ( $, .RADIAN. ) );
#7713 = SURFACE_SIDE_STYLE ('',( #1515 ) ) ;
#7714 = CARTESIAN_POINT ( 'NONE',  ( 4.240000000000000213, 0.1000000000000000056, -2.542325799479218773 ) ) ;
#7715 = ORIENTED_EDGE ( 'NONE', *, *, #7637, .F. ) ;
#7716 = STYLED_ITEM ( 'NONE', ( #2830 ), #1644 ) ;
#7717 = MECHANICAL_DESIGN_GEOMETRIC_PRESENTATION_REPRESENTATION (  '', ( #3861 ), #5202 ) ;
#7718 = CARTESIAN_POINT ( 'NONE',  ( -4.240000000000001101, 0.6426742005207811692, -2.260000000000000231 ) ) ;
#7719 = DIRECTION ( 'NONE',  ( 0.000000000000000000, 0.000000000000000000, 1.000000000000000000 ) ) ;
#7720 = COLOUR_RGB ( '',0.7529411764705882248, 0.7529411764705882248, 0.7529411764705882248 ) ;
#7721 = STYLED_ITEM ( 'NONE', ( #7613 ), #1428 ) ;
#7722 = VERTEX_POINT ( 'NONE', #5249 ) ;
#7723 = EDGE_CURVE ( 'NONE', #1846, #9332, #7657, .T. ) ;
#7724 = EDGE_LOOP ( 'NONE', ( #549, #5888, #5903, #6894 ) ) ;
#7725 = EDGE_CURVE ( 'NONE', #1978, #3385, #4437, .T. ) ;
#7726 = DIRECTION ( 'NONE',  ( 1.000000000000000000, 0.000000000000000000, 0.000000000000000000 ) ) ;
#7727 = EDGE_LOOP ( 'NONE', ( #9445, #5369, #8268, #2159 ) ) ;
#7728 = VERTEX_POINT ( 'NONE', #9441 ) ;
#7729 =( GEOMETRIC_REPRESENTATION_CONTEXT ( 3 ) GLOBAL_UNCERTAINTY_ASSIGNED_CONTEXT ( ( #6864 ) ) GLOBAL_UNIT_ASSIGNED_CONTEXT ( ( #6181, #9574, #8790 ) ) REPRESENTATION_CONTEXT ( 'NONE', 'WORKASPACE' ) );
#7730 = ORIENTED_EDGE ( 'NONE', *, *, #4548, .F. ) ;
#7731 = LINE ( 'NONE', #8441, #9365 ) ;
#7732 =( GEOMETRIC_REPRESENTATION_CONTEXT ( 3 ) GLOBAL_UNCERTAINTY_ASSIGNED_CONTEXT ( ( #5694 ) ) GLOBAL_UNIT_ASSIGNED_CONTEXT ( ( #9155, #7540, #2561 ) ) REPRESENTATION_CONTEXT ( 'NONE', 'WORKASPACE' ) );
#7733 = CARTESIAN_POINT ( 'NONE',  ( 0.8399999999999996358, 0.6426742005207811692, -2.260000000000000231 ) ) ;
#7734 = CARTESIAN_POINT ( 'NONE',  ( -2.970000000000000639, 0.1823257994792188419, 2.542325799479218773 ) ) ;
#7735 = STYLED_ITEM ( 'NONE', ( #4737 ), #4394 ) ;
#7736 = PRESENTATION_STYLE_ASSIGNMENT (( #10178 ) ) ;
#7737 = VECTOR ( 'NONE', #4263, 1000.000000000000000 ) ;
#7738 = ORIENTED_EDGE ( 'NONE', *, *, #4771, .F. ) ;
#7739 = ORIENTED_EDGE ( 'NONE', *, *, #10009, .F. ) ;
#7740 = LINE ( 'NONE', #2741, #7133 ) ;
#7741 = ORIENTED_EDGE ( 'NONE', *, *, #3830, .T. ) ;
#7742 = EDGE_CURVE ( 'NONE', #9165, #6082, #2201, .T. ) ;
#7743 = VECTOR ( 'NONE', #4406, 1000.000000000000000 ) ;
#7744 = DIRECTION ( 'NONE',  ( 0.000000000000000000, 0.000000000000000000, -1.000000000000000000 ) ) ;
#7745 = FILL_AREA_STYLE ('',( #5133 ) ) ;
#7746 = FILL_AREA_STYLE ('',( #445 ) ) ;
#7747 = PLANE ( 'NONE',  #10211 ) ;
#7748 = SURFACE_STYLE_USAGE ( .BOTH. , #5391 ) ;
#7749 = FILL_AREA_STYLE ('',( #5175 ) ) ;
#7750 = SURFACE_SIDE_STYLE ('',( #6854 ) ) ;
#7751 = ORIENTED_EDGE ( 'NONE', *, *, #4972, .F. ) ;
#7752 = EDGE_LOOP ( 'NONE', ( #8467, #7633, #3885, #5219 ) ) ;
#7753 = SURFACE_SIDE_STYLE ('',( #1373 ) ) ;
#7754 = DIRECTION ( 'NONE',  ( 0.000000000000000000, 0.000000000000000000, 1.000000000000000000 ) ) ;
#7755 = FILL_AREA_STYLE ('',( #3029 ) ) ;
#7756 = DIRECTION ( 'NONE',  ( 0.000000000000000000, -0.000000000000000000, -1.000000000000000000 ) ) ;
#7757 = EDGE_CURVE ( 'NONE', #7415, #4063, #1290, .T. ) ;
#7758 = FILL_AREA_STYLE_COLOUR ( '', #9252 ) ;
#7759 =( NAMED_UNIT ( * ) PLANE_ANGLE_UNIT ( ) SI_UNIT ( $, .RADIAN. ) );
#7760 = DIRECTION ( 'NONE',  ( 0.000000000000000000, 1.000000000000000000, 0.000000000000000000 ) ) ;
#7761 = VERTEX_POINT ( 'NONE', #7718 ) ;
#7762 = LINE ( 'NONE', #8520, #6116 ) ;
#7763 = SURFACE_SIDE_STYLE ('',( #5563 ) ) ;
#7764 = ORIENTED_EDGE ( 'NONE', *, *, #10412, .T. ) ;
#7765 = DIRECTION ( 'NONE',  ( -1.000000000000000000, 0.000000000000000000, 0.000000000000000000 ) ) ;
#7766 = CARTESIAN_POINT ( 'NONE',  ( -1.700000000000001066, 0.1823257994792188696, -2.259999999999999787 ) ) ;
#7767 = CYLINDRICAL_SURFACE ( 'NONE', #4020, 0.08232579947921878083 ) ;
#7768 = LINE ( 'NONE', #10224, #4191 ) ;
#7769 = SURFACE_SIDE_STYLE ('',( #7828 ) ) ;
#7770 = ADVANCED_FACE ( 'NONE', ( #2930 ), #3724, .T. ) ;
#7771 = VERTEX_POINT ( 'NONE', #6278 ) ;
#7772 = DIRECTION ( 'NONE',  ( -1.000000000000000000, -0.000000000000000000, -0.000000000000000000 ) ) ;
#7773 = ORIENTED_EDGE ( 'NONE', *, *, #6818, .F. ) ;
#7774 = ORIENTED_EDGE ( 'NONE', *, *, #5877, .F. ) ;
#7775 = ORIENTED_EDGE ( 'NONE', *, *, #8516, .T. ) ;
#7776 = LINE ( 'NONE', #5472, #1841 ) ;
#7777 =( NAMED_UNIT ( * ) PLANE_ANGLE_UNIT ( ) SI_UNIT ( $, .RADIAN. ) );
#7778 = MECHANICAL_DESIGN_GEOMETRIC_PRESENTATION_REPRESENTATION (  '', ( #6110 ), #1061 ) ;
#7779 = EDGE_CURVE ( 'NONE', #57, #1564, #718, .T. ) ;
#7780 = EDGE_CURVE ( 'NONE', #531, #7771, #3253, .T. ) ;
#7781 =( NAMED_UNIT ( * ) SI_UNIT ( $, .STERADIAN. ) SOLID_ANGLE_UNIT ( ) );
#7782 = CYLINDRICAL_SURFACE ( 'NONE', #455, 0.08232579947921878083 ) ;
#7783 =( LENGTH_UNIT ( ) NAMED_UNIT ( * ) SI_UNIT ( .MILLI., .METRE. ) );
#7784 =( NAMED_UNIT ( * ) PLANE_ANGLE_UNIT ( ) SI_UNIT ( $, .RADIAN. ) );
#7785 = ORIENTED_EDGE ( 'NONE', *, *, #345, .F. ) ;
#7786 = FACE_OUTER_BOUND ( 'NONE', #7817, .T. ) ;
#7787 = ORIENTED_EDGE ( 'NONE', *, *, #7137, .T. ) ;
#7788 = VECTOR ( 'NONE', #8260, 999.9999999999998863 ) ;
#7789 = ORIENTED_EDGE ( 'NONE', *, *, #4204, .T. ) ;
#7790 = DIRECTION ( 'NONE',  ( 0.000000000000000000, 0.000000000000000000, 1.000000000000000000 ) ) ;
#7791 = ORIENTED_EDGE ( 'NONE', *, *, #9704, .F. ) ;
#7792 = MECHANICAL_DESIGN_GEOMETRIC_PRESENTATION_REPRESENTATION (  '', ( #8816 ), #3263 ) ;
#7793 = STYLED_ITEM ( 'NONE', ( #4944 ), #7652 ) ;
#7794 = CARTESIAN_POINT ( 'NONE',  ( 4.999999999999999112, 0.7000000000000166089, -2.000000000000000000 ) ) ;
#7795 = DIRECTION ( 'NONE',  ( -1.000000000000000000, -0.000000000000000000, -0.000000000000000000 ) ) ;
#7796 = STYLED_ITEM ( 'NONE', ( #1155 ), #1219 ) ;
#7797 = VECTOR ( 'NONE', #2871, 1000.000000000000000 ) ;
#7798 =( NAMED_UNIT ( * ) PLANE_ANGLE_UNIT ( ) SI_UNIT ( $, .RADIAN. ) );
#7799 = DIRECTION ( 'NONE',  ( -1.000000000000000000, -0.000000000000000000, -0.000000000000000000 ) ) ;
#7800 = PLANE ( 'NONE',  #2171 ) ;
#7801 = CARTESIAN_POINT ( 'NONE',  ( 3.379999999999999449, 0.1000000000000000056, 2.542325799479218773 ) ) ;
#7802 = CARTESIAN_POINT ( 'NONE',  ( -2.970000000000000639, 0.9250000000000000444, -2.000000000000000000 ) ) ;
#7803 = FACE_OUTER_BOUND ( 'NONE', #2971, .T. ) ;
#7804 = ORIENTED_EDGE ( 'NONE', *, *, #8011, .T. ) ;
#7805 =( GEOMETRIC_REPRESENTATION_CONTEXT ( 3 ) GLOBAL_UNCERTAINTY_ASSIGNED_CONTEXT ( ( #10287 ) ) GLOBAL_UNIT_ASSIGNED_CONTEXT ( ( #4912, #284, #9769 ) ) REPRESENTATION_CONTEXT ( 'NONE', 'WORKASPACE' ) );
#7806 = PRESENTATION_LAYER_ASSIGNMENT (  '', '', ( #5114 ) ) ;
#7807 = VERTEX_POINT ( 'NONE', #9536 ) ;
#7808 = CARTESIAN_POINT ( 'NONE',  ( -2.110000000000000764, 0.9250000000000000444, 2.000000000000000000 ) ) ;
#7809 = CARTESIAN_POINT ( 'NONE',  ( 3.379999999999999449, -0.1000000000000000056, 2.542325799479218773 ) ) ;
#7810 = MECHANICAL_DESIGN_GEOMETRIC_PRESENTATION_REPRESENTATION (  '', ( #757 ), #6121 ) ;
#7811 = VECTOR ( 'NONE', #2015, 1000.000000000000000 ) ;
#7812 = DIRECTION ( 'NONE',  ( -1.000000000000000000, 0.000000000000000000, 0.000000000000000000 ) ) ;
#7813 = CARTESIAN_POINT ( 'NONE',  ( -0.8400000000000005240, 0.6426742005207811692, 2.260000000000000231 ) ) ;
#7814 = CARTESIAN_POINT ( 'NONE',  ( -4.251087498775063978, 1.649999999999999911, 0.8886116723878721979 ) ) ;
#7815 = SURFACE_SIDE_STYLE ('',( #3713 ) ) ;
#7816 = CARTESIAN_POINT ( 'NONE',  ( 2.109999999999999432, 0.7249999999999998668, -2.177674200520781422 ) ) ;
#7817 = EDGE_LOOP ( 'NONE', ( #8388, #3371, #428, #9034 ) ) ;
#7818 = CARTESIAN_POINT ( 'NONE',  ( 2.109999999999999432, 0.6426742005207811692, 2.459999999999999964 ) ) ;
#7819 = VERTEX_POINT ( 'NONE', #826 ) ;
#7820 = AXIS2_PLACEMENT_3D ( 'NONE', #5485, #1362, #3908 ) ;
#7821 =( GEOMETRIC_REPRESENTATION_CONTEXT ( 3 ) GLOBAL_UNCERTAINTY_ASSIGNED_CONTEXT ( ( #888 ) ) GLOBAL_UNIT_ASSIGNED_CONTEXT ( ( #1634, #687, #3166 ) ) REPRESENTATION_CONTEXT ( 'NONE', 'WORKASPACE' ) );
#7822 = FACE_OUTER_BOUND ( 'NONE', #3521, .T. ) ;
#7823 = ORIENTED_EDGE ( 'NONE', *, *, #91, .F. ) ;
#7824 = EDGE_CURVE ( 'NONE', #2347, #215, #2410, .T. ) ;
#7825 = PLANE ( 'NONE',  #3207 ) ;
#7826 = CYLINDRICAL_SURFACE ( 'NONE', #7532, 0.2823257994792188752 ) ;
#7827 = AXIS2_PLACEMENT_3D ( 'NONE', #9762, #7968, #8807 ) ;
#7828 = SURFACE_STYLE_FILL_AREA ( #3678 ) ;
#7829 = ORIENTED_EDGE ( 'NONE', *, *, #5225, .F. ) ;
#7830 = COLOUR_RGB ( '',0.7529411764705882248, 0.7529411764705882248, 0.7529411764705882248 ) ;
#7831 = CARTESIAN_POINT ( 'NONE',  ( -2.970000000000000639, 0.9250000000000000444, -2.000000000000000000 ) ) ;
#7832 = PRESENTATION_STYLE_ASSIGNMENT (( #7951 ) ) ;
#7833 = ORIENTED_EDGE ( 'NONE', *, *, #6555, .F. ) ;
#7834 = ORIENTED_EDGE ( 'NONE', *, *, #1992, .T. ) ;
#7835 = CIRCLE ( 'NONE', #3302, 0.2823257994792188752 ) ;
#7836 = DIRECTION ( 'NONE',  ( -1.000000000000000000, -0.000000000000000000, -0.000000000000000000 ) ) ;
#7837 = COLOUR_RGB ( '',0.7529411764705882248, 0.7529411764705882248, 0.7529411764705882248 ) ;
#7838 = ORIENTED_EDGE ( 'NONE', *, *, #9487, .T. ) ;
#7839 = PRESENTATION_LAYER_ASSIGNMENT (  '', '', ( #3642 ) ) ;
#7840 = MECHANICAL_DESIGN_GEOMETRIC_PRESENTATION_REPRESENTATION (  '', ( #8196 ), #5990 ) ;
#7841 = VERTEX_POINT ( 'NONE', #5515 ) ;
#7842 = UNCERTAINTY_MEASURE_WITH_UNIT (LENGTH_MEASURE( 1.000000000000000082E-05 ), #5838, 'distance_accuracy_value', 'NONE');
#7843 = SURFACE_STYLE_USAGE ( .BOTH. , #10171 ) ;
#7844 = UNCERTAINTY_MEASURE_WITH_UNIT (LENGTH_MEASURE( 1.000000000000000082E-05 ), #2788, 'distance_accuracy_value', 'NONE');
#7845 = CYLINDRICAL_SURFACE ( 'NONE', #3126, 0.2823257994792188752 ) ;
#7846 = DIRECTION ( 'NONE',  ( 0.000000000000000000, 0.000000000000000000, -1.000000000000000000 ) ) ;
#7847 = CARTESIAN_POINT ( 'NONE',  ( -0.8400000000000005240, 0.1000000000000000056, -2.542325799479218773 ) ) ;
#7848 = SURFACE_SIDE_STYLE ('',( #3004 ) ) ;
#7849 =( GEOMETRIC_REPRESENTATION_CONTEXT ( 3 ) GLOBAL_UNCERTAINTY_ASSIGNED_CONTEXT ( ( #9643 ) ) GLOBAL_UNIT_ASSIGNED_CONTEXT ( ( #6923, #720, #10230 ) ) REPRESENTATION_CONTEXT ( 'NONE', 'WORKASPACE' ) );
#7850 = DIRECTION ( 'NONE',  ( 1.000000000000000000, 0.000000000000000000, 0.000000000000000000 ) ) ;
#7851 = SURFACE_STYLE_FILL_AREA ( #10340 ) ;
#7852 = STYLED_ITEM ( 'NONE', ( #1774 ), #1751 ) ;
#7853 = ORIENTED_EDGE ( 'NONE', *, *, #2859, .F. ) ;
#7854 = PRESENTATION_STYLE_ASSIGNMENT (( #1534 ) ) ;
#7855 = EDGE_CURVE ( 'NONE', #3796, #5889, #1517, .T. ) ;
#7856 = PLANE ( 'NONE',  #8745 ) ;
#7857 = CARTESIAN_POINT ( 'NONE',  ( 2.969999999999999751, 0.7249999999999999778, 2.000000000000000000 ) ) ;
#7858 = CIRCLE ( 'NONE', #8374, 0.08232579947921878083 ) ;
#7859 = DIRECTION ( 'NONE',  ( 1.000000000000000000, 0.000000000000000000, 0.000000000000000000 ) ) ;
#7860 = FACE_OUTER_BOUND ( 'NONE', #6961, .T. ) ;
#7861 = SURFACE_STYLE_FILL_AREA ( #1313 ) ;
#7862 = VERTEX_POINT ( 'NONE', #1460 ) ;
#7863 = LINE ( 'NONE', #5636, #7103 ) ;
#7864 = CARTESIAN_POINT ( 'NONE',  ( -2.970000000000000639, 0.1000000000000000056, 3.000000000000000000 ) ) ;
#7865 = VERTEX_POINT ( 'NONE', #9628 ) ;
#7866 = VECTOR ( 'NONE', #9462, 1000.000000000000000 ) ;
#7867 = SURFACE_STYLE_FILL_AREA ( #10107 ) ;
#7868 = ORIENTED_EDGE ( 'NONE', *, *, #9649, .F. ) ;
#7869 = EDGE_CURVE ( 'NONE', #9622, #6302, #4776, .T. ) ;
#7870 = ADVANCED_FACE ( 'NONE', ( #3941 ), #6394, .F. ) ;
#7871 = ORIENTED_EDGE ( 'NONE', *, *, #7998, .F. ) ;
#7872 = LINE ( 'NONE', #2863, #5288 ) ;
#7873 = CARTESIAN_POINT ( 'NONE',  ( 0.4299999999999998268, 0.7249999999999998668, 2.177674200520781422 ) ) ;
#7874 =( LENGTH_UNIT ( ) NAMED_UNIT ( * ) SI_UNIT ( .MILLI., .METRE. ) );
#7875 = EDGE_CURVE ( 'NONE', #9132, #6487, #3093, .T. ) ;
#7876 = DIRECTION ( 'NONE',  ( -0.000000000000000000, -1.000000000000000000, -0.000000000000000000 ) ) ;
#7877 = STYLED_ITEM ( 'NONE', ( #6079 ), #8796 ) ;
#7878 = UNCERTAINTY_MEASURE_WITH_UNIT (LENGTH_MEASURE( 1.000000000000000082E-05 ), #7294, 'distance_accuracy_value', 'NONE');
#7879 = STYLED_ITEM ( 'NONE', ( #8213 ), #7939 ) ;
#7880 =( NAMED_UNIT ( * ) SI_UNIT ( $, .STERADIAN. ) SOLID_ANGLE_UNIT ( ) );
#7881 = FILL_AREA_STYLE_COLOUR ( '', #1265 ) ;
#7882 = DIRECTION ( 'NONE',  ( -1.000000000000000000, -0.000000000000000000, -0.000000000000000000 ) ) ;
#7883 = ORIENTED_EDGE ( 'NONE', *, *, #9925, .F. ) ;
#7884 = ORIENTED_EDGE ( 'NONE', *, *, #3820, .T. ) ;
#7885 = CARTESIAN_POINT ( 'NONE',  ( 3.379999999999999449, 0.7249999999999999778, -2.000000000000000000 ) ) ;
#7886 =( GEOMETRIC_REPRESENTATION_CONTEXT ( 3 ) GLOBAL_UNCERTAINTY_ASSIGNED_CONTEXT ( ( #2869 ) ) GLOBAL_UNIT_ASSIGNED_CONTEXT ( ( #7075, #157, #7287 ) ) REPRESENTATION_CONTEXT ( 'NONE', 'WORKASPACE' ) );
#7887 = DIRECTION ( 'NONE',  ( -1.000000000000000000, -0.000000000000000000, -0.000000000000000000 ) ) ;
#7888 = MECHANICAL_DESIGN_GEOMETRIC_PRESENTATION_REPRESENTATION (  '', ( #1129 ), #4517 ) ;
#7889 = ORIENTED_EDGE ( 'NONE', *, *, #5226, .F. ) ;
#7890 = SURFACE_STYLE_FILL_AREA ( #4673 ) ;
#7891 = VECTOR ( 'NONE', #10296, 1000.000000000000000 ) ;
#7892 = EDGE_CURVE ( 'NONE', #7728, #9236, #7078, .T. ) ;
#7893 = CARTESIAN_POINT ( 'NONE',  ( 3.379999999999999449, 0.1000000000000000056, -3.000000000000000000 ) ) ;
#7894 =( NAMED_UNIT ( * ) PLANE_ANGLE_UNIT ( ) SI_UNIT ( $, .RADIAN. ) );
#7895 =( NAMED_UNIT ( * ) PLANE_ANGLE_UNIT ( ) SI_UNIT ( $, .RADIAN. ) );
#7896 = CARTESIAN_POINT ( 'NONE',  ( -2.970000000000000639, 0.7249999999999999778, 2.000000000000000000 ) ) ;
#7897 = LINE ( 'NONE', #9736, #4260 ) ;
#7898 = VECTOR ( 'NONE', #8978, 1000.000000000000000 ) ;
#7899 = DIRECTION ( 'NONE',  ( -1.000000000000000000, -0.000000000000000000, -0.000000000000000000 ) ) ;
#7900 = AXIS2_PLACEMENT_3D ( 'NONE', #8428, #9842, #4409 ) ;
#7901 = CYLINDRICAL_SURFACE ( 'NONE', #1284, 0.2823257994792188752 ) ;
#7902 = ORIENTED_EDGE ( 'NONE', *, *, #1125, .T. ) ;
#7903 = ORIENTED_EDGE ( 'NONE', *, *, #5072, .F. ) ;
#7904 = VECTOR ( 'NONE', #8685, 1000.000000000000000 ) ;
#7905 =( GEOMETRIC_REPRESENTATION_CONTEXT ( 3 ) GLOBAL_UNCERTAINTY_ASSIGNED_CONTEXT ( ( #3975 ) ) GLOBAL_UNIT_ASSIGNED_CONTEXT ( ( #4109, #3412, #7453 ) ) REPRESENTATION_CONTEXT ( 'NONE', 'WORKASPACE' ) );
#7906 = ORIENTED_EDGE ( 'NONE', *, *, #2849, .F. ) ;
#7907 = ORIENTED_EDGE ( 'NONE', *, *, #1478, .T. ) ;
#7908 = STYLED_ITEM ( 'NONE', ( #3094 ), #1727 ) ;
#7909 = SURFACE_STYLE_FILL_AREA ( #3158 ) ;
#7910 = MECHANICAL_DESIGN_GEOMETRIC_PRESENTATION_REPRESENTATION (  '', ( #5541 ), #4526 ) ;
#7911 = STYLED_ITEM ( 'NONE', ( #9593 ), #1452 ) ;
#7912 = EDGE_CURVE ( 'NONE', #7819, #2204, #309, .T. ) ;
#7913 = LINE ( 'NONE', #3105, #4163 ) ;
#7914 = CARTESIAN_POINT ( 'NONE',  ( -4.240000000000001101, 0.6426742005207811692, -2.177674200520781422 ) ) ;
#7915 = ORIENTED_EDGE ( 'NONE', *, *, #4410, .F. ) ;
#7916 = CARTESIAN_POINT ( 'NONE',  ( -5.000000000000000888, 0.7000000000000166089, 2.000000000000000000 ) ) ;
#7917 = ORIENTED_EDGE ( 'NONE', *, *, #5673, .F. ) ;
#7918 = UNCERTAINTY_MEASURE_WITH_UNIT (LENGTH_MEASURE( 1.000000000000000082E-05 ), #5074, 'distance_accuracy_value', 'NONE');
#7919 = CARTESIAN_POINT ( 'NONE',  ( -1.700000000000001066, 0.1000000000000000056, 3.000000000000000000 ) ) ;
#7920 = VECTOR ( 'NONE', #1016, 1000.000000000000000 ) ;
#7921 = SURFACE_STYLE_FILL_AREA ( #7158 ) ;
#7922 = SURFACE_STYLE_USAGE ( .BOTH. , #4700 ) ;
#7923 =( GEOMETRIC_REPRESENTATION_CONTEXT ( 3 ) GLOBAL_UNCERTAINTY_ASSIGNED_CONTEXT ( ( #2867 ) ) GLOBAL_UNIT_ASSIGNED_CONTEXT ( ( #3053, #8593, #3943 ) ) REPRESENTATION_CONTEXT ( 'NONE', 'WORKASPACE' ) );
#7924 = FILL_AREA_STYLE ('',( #6410 ) ) ;
#7925 = EDGE_CURVE ( 'NONE', #8803, #6061, #3310, .T. ) ;
#7926 = DIRECTION ( 'NONE',  ( 1.000000000000000000, 0.000000000000000000, 0.000000000000000000 ) ) ;
#7927 = PLANE ( 'NONE',  #10336 ) ;
#7928 = ORIENTED_EDGE ( 'NONE', *, *, #5877, .T. ) ;
#7929 = FILL_AREA_STYLE_COLOUR ( '', #2623 ) ;
#7930 =( GEOMETRIC_REPRESENTATION_CONTEXT ( 3 ) GLOBAL_UNCERTAINTY_ASSIGNED_CONTEXT ( ( #6846 ) ) GLOBAL_UNIT_ASSIGNED_CONTEXT ( ( #9478, #9530, #8681 ) ) REPRESENTATION_CONTEXT ( 'NONE', 'WORKASPACE' ) );
#7931 = VERTEX_POINT ( 'NONE', #5715 ) ;
#7932 = CARTESIAN_POINT ( 'NONE',  ( -3.380000000000000338, 0.6426742005207811692, 2.459999999999999964 ) ) ;
#7933 = DIRECTION ( 'NONE',  ( 0.000000000000000000, 0.000000000000000000, 1.000000000000000000 ) ) ;
#7934 = SURFACE_SIDE_STYLE ('',( #10145 ) ) ;
#7935 = SURFACE_SIDE_STYLE ('',( #8886 ) ) ;
#7936 = FILL_AREA_STYLE ('',( #7881 ) ) ;
#7937 = EDGE_CURVE ( 'NONE', #8457, #9587, #5869, .T. ) ;
#7938 = DIRECTION ( 'NONE',  ( -1.000000000000000000, -0.000000000000000000, -0.000000000000000000 ) ) ;
#7939 = ADVANCED_FACE ( 'NONE', ( #1881 ), #8160, .T. ) ;
#7940 = DIRECTION ( 'NONE',  ( 1.000000000000000000, 0.000000000000000000, 0.000000000000000000 ) ) ;
#7941 = ORIENTED_EDGE ( 'NONE', *, *, #3440, .F. ) ;
#7942 = DIRECTION ( 'NONE',  ( -1.000000000000000000, 0.000000000000000000, 0.000000000000000000 ) ) ;
#7943 = ORIENTED_EDGE ( 'NONE', *, *, #1152, .T. ) ;
#7944 = CARTESIAN_POINT ( 'NONE',  ( -1.700000000000001066, 0.7249999999999999778, 2.000000000000000000 ) ) ;
#7945 = VERTEX_POINT ( 'NONE', #9741 ) ;
#7946 = DIRECTION ( 'NONE',  ( 1.000000000000000000, 0.000000000000000000, 0.000000000000000000 ) ) ;
#7947 =( LENGTH_UNIT ( ) NAMED_UNIT ( * ) SI_UNIT ( .MILLI., .METRE. ) );
#7948 = FILL_AREA_STYLE ('',( #6229 ) ) ;
#7949 = SURFACE_SIDE_STYLE ('',( #3720 ) ) ;
#7950 = CARTESIAN_POINT ( 'NONE',  ( -2.970000000000000639, 0.6426742005207811692, 2.459999999999999964 ) ) ;
#7951 = SURFACE_STYLE_USAGE ( .BOTH. , #3775 ) ;
#7952 = EDGE_CURVE ( 'NONE', #4131, #2347, #4097, .T. ) ;
#7953 = PLANE ( 'NONE',  #8041 ) ;
#7954 = ORIENTED_EDGE ( 'NONE', *, *, #9936, .T. ) ;
#7955 = ORIENTED_EDGE ( 'NONE', *, *, #3265, .F. ) ;
#7956 = UNCERTAINTY_MEASURE_WITH_UNIT (LENGTH_MEASURE( 1.000000000000000082E-05 ), #1366, 'distance_accuracy_value', 'NONE');
#7957 = CARTESIAN_POINT ( 'NONE',  ( 1.699999999999999734, 0.1000000000000000056, 2.542325799479218773 ) ) ;
#7958 = UNCERTAINTY_MEASURE_WITH_UNIT (LENGTH_MEASURE( 1.000000000000000082E-05 ), #8352, 'distance_accuracy_value', 'NONE');
#7959 = CARTESIAN_POINT ( 'NONE',  ( 0.8399999999999996358, 0.1823257994792188419, 2.459999999999999964 ) ) ;
#7960 =( LENGTH_UNIT ( ) NAMED_UNIT ( * ) SI_UNIT ( .MILLI., .METRE. ) );
#7961 = FILL_AREA_STYLE ('',( #9497 ) ) ;
#7962 = LINE ( 'NONE', #731, #8047 ) ;
#7963 = LINE ( 'NONE', #732, #9375 ) ;
#7964 = ORIENTED_EDGE ( 'NONE', *, *, #7723, .F. ) ;
#7965 = EDGE_LOOP ( 'NONE', ( #10251, #8424, #316, #7001 ) ) ;
#7966 = SURFACE_STYLE_FILL_AREA ( #8653 ) ;
#7967 = VERTEX_POINT ( 'NONE', #4253 ) ;
#7968 = DIRECTION ( 'NONE',  ( -1.000000000000000000, -0.000000000000000000, -0.000000000000000000 ) ) ;
#7969 = EDGE_CURVE ( 'NONE', #5312, #9403, #2520, .T. ) ;
#7970 = LINE ( 'NONE', #8808, #4963 ) ;
#7971 = DIRECTION ( 'NONE',  ( 0.000000000000000000, 0.000000000000000000, -1.000000000000000000 ) ) ;
#7972 = COLOUR_RGB ( '',0.7529411764705882248, 0.7529411764705882248, 0.7529411764705882248 ) ;
#7973 = LINE ( 'NONE', #5632, #8079 ) ;
#7974 = DIRECTION ( 'NONE',  ( 0.000000000000000000, 0.000000000000000000, 1.000000000000000000 ) ) ;
#7975 = FILL_AREA_STYLE ('',( #3969 ) ) ;
#7976 = AXIS2_PLACEMENT_3D ( 'NONE', #6367, #3864, #1589 ) ;
#7977 = DIRECTION ( 'NONE',  ( -1.000000000000000000, -0.000000000000000000, -0.000000000000000000 ) ) ;
#7978 = EDGE_LOOP ( 'NONE', ( #10125, #1886, #10254, #6571 ) ) ;
#7979 = SURFACE_STYLE_USAGE ( .BOTH. , #3868 ) ;
#7980 = VERTEX_POINT ( 'NONE', #5139 ) ;
#7981 = EDGE_CURVE ( 'NONE', #8206, #647, #972, .T. ) ;
#7982 = AXIS2_PLACEMENT_3D ( 'NONE', #9256, #2901, #5392 ) ;
#7983 = FILL_AREA_STYLE ('',( #8781 ) ) ;
#7984 = COLOUR_RGB ( '',0.7529411764705882248, 0.7529411764705882248, 0.7529411764705882248 ) ;
#7985 = AXIS2_PLACEMENT_3D ( 'NONE', #8062, #8794, #52 ) ;
#7986 = SURFACE_STYLE_FILL_AREA ( #3240 ) ;
#7987 = DIRECTION ( 'NONE',  ( 0.000000000000000000, 0.000000000000000000, -1.000000000000000000 ) ) ;
#7988 =( NAMED_UNIT ( * ) PLANE_ANGLE_UNIT ( ) SI_UNIT ( $, .RADIAN. ) );
#7989 = CYLINDRICAL_SURFACE ( 'NONE', #4007, 0.2823257994792188752 ) ;
#7990 = SURFACE_STYLE_FILL_AREA ( #2346 ) ;
#7991 = ORIENTED_EDGE ( 'NONE', *, *, #8861, .F. ) ;
#7992 = AXIS2_PLACEMENT_3D ( 'NONE', #9866, #5735, #1746 ) ;
#7993 = MECHANICAL_DESIGN_GEOMETRIC_PRESENTATION_REPRESENTATION (  '', ( #7119 ), #1905 ) ;
#7994 = DIRECTION ( 'NONE',  ( 0.000000000000000000, 0.000000000000000000, 1.000000000000000000 ) ) ;
#7995 = VECTOR ( 'NONE', #1759, 1000.000000000000000 ) ;
#7996 = DIRECTION ( 'NONE',  ( 0.000000000000000000, 0.000000000000000000, 1.000000000000000000 ) ) ;
#7997 = VERTEX_POINT ( 'NONE', #5031 ) ;
#7998 = EDGE_CURVE ( 'NONE', #1384, #7841, #7399, .T. ) ;
#7999 = AXIS2_PLACEMENT_3D ( 'NONE', #2237, #607, #4671 ) ;
#8000 = CARTESIAN_POINT ( 'NONE',  ( 0.8399999999999996358, 0.9250000000000000444, 2.000000000000000000 ) ) ;
#8001 = PRESENTATION_STYLE_ASSIGNMENT (( #1714 ) ) ;
#8002 =( NAMED_UNIT ( * ) PLANE_ANGLE_UNIT ( ) SI_UNIT ( $, .RADIAN. ) );
#8003 =( NAMED_UNIT ( * ) SI_UNIT ( $, .STERADIAN. ) SOLID_ANGLE_UNIT ( ) );
#8004 =( LENGTH_UNIT ( ) NAMED_UNIT ( * ) SI_UNIT ( .MILLI., .METRE. ) );
#8005 = STYLED_ITEM ( 'NONE', ( #4677 ), #2403 ) ;
#8006 = AXIS2_PLACEMENT_3D ( 'NONE', #4554, #5497, #7062 ) ;
#8007 = COLOUR_RGB ( '',0.7529411764705882248, 0.7529411764705882248, 0.7529411764705882248 ) ;
#8008 = SURFACE_STYLE_USAGE ( .BOTH. , #8590 ) ;
#8009 = LINE ( 'NONE', #3257, #2131 ) ;
#8010 = VERTEX_POINT ( 'NONE', #8263 ) ;
#8011 = EDGE_CURVE ( 'NONE', #4087, #3383, #208, .T. ) ;
#8012 = VECTOR ( 'NONE', #2018, 1000.000000000000000 ) ;
#8013 = VECTOR ( 'NONE', #2530, 1000.000000000000000 ) ;
#8014 = LINE ( 'NONE', #4577, #6044 ) ;
#8015 = DIRECTION ( 'NONE',  ( 1.000000000000000000, 0.000000000000000000, 0.000000000000000000 ) ) ;
#8016 = STYLED_ITEM ( 'NONE', ( #7270 ), #5546 ) ;
#8017 = ADVANCED_FACE ( 'NONE', ( #5812 ), #3458, .F. ) ;
#8018 = ADVANCED_FACE ( 'NONE', ( #5186 ), #6177, .T. ) ;
#8019 = FILL_AREA_STYLE_COLOUR ( '', #9544 ) ;
#8020 = FILL_AREA_STYLE ('',( #3900 ) ) ;
#8021 = AXIS2_PLACEMENT_3D ( 'NONE', #7288, #5711, #5609 ) ;
#8022 = SURFACE_STYLE_USAGE ( .BOTH. , #7306 ) ;
#8023 = CARTESIAN_POINT ( 'NONE',  ( -4.240000000000001101, 0.1823257994792188419, -2.542325799479218773 ) ) ;
#8024 =( GEOMETRIC_REPRESENTATION_CONTEXT ( 3 ) GLOBAL_UNCERTAINTY_ASSIGNED_CONTEXT ( ( #1076 ) ) GLOBAL_UNIT_ASSIGNED_CONTEXT ( ( #7548, #1066, #6604 ) ) REPRESENTATION_CONTEXT ( 'NONE', 'WORKASPACE' ) );
#8025 = VERTEX_POINT ( 'NONE', #2759 ) ;
#8026 = CIRCLE ( 'NONE', #6982, 0.2823257994792188752 ) ;
#8027 = DIRECTION ( 'NONE',  ( 1.000000000000000000, 0.000000000000000000, -0.000000000000000000 ) ) ;
#8028 = ORIENTED_EDGE ( 'NONE', *, *, #9226, .F. ) ;
#8029 = CARTESIAN_POINT ( 'NONE',  ( -2.970000000000000639, 0.6426742005207811692, 2.459999999999999964 ) ) ;
#8030 = CARTESIAN_POINT ( 'NONE',  ( 4.240000000000000213, 0.6426742005207811692, -2.459999999999999964 ) ) ;
#8031 = VECTOR ( 'NONE', #2915, 1000.000000000000000 ) ;
#8032 = DIRECTION ( 'NONE',  ( -1.000000000000000000, -0.000000000000000000, -0.000000000000000000 ) ) ;
#8033 = COLOUR_RGB ( '',0.7529411764705882248, 0.7529411764705882248, 0.7529411764705882248 ) ;
#8034 = PRESENTATION_LAYER_ASSIGNMENT (  '', '', ( #2630 ) ) ;
#8035 = CARTESIAN_POINT ( 'NONE',  ( 0.8399999999999996358, 0.1000000000000000056, -3.000000000000000000 ) ) ;
#8036 = LINE ( 'NONE', #2331, #8988 ) ;
#8037 = EDGE_CURVE ( 'NONE', #6621, #5411, #6853, .T. ) ;
#8038 = CARTESIAN_POINT ( 'NONE',  ( -0.4300000000000007150, 0.6426742005207811692, 2.260000000000000231 ) ) ;
#8039 = ORIENTED_EDGE ( 'NONE', *, *, #6583, .F. ) ;
#8040 = ORIENTED_EDGE ( 'NONE', *, *, #6850, .T. ) ;
#8041 = AXIS2_PLACEMENT_3D ( 'NONE', #4572, #2934, #5517 ) ;
#8042 = EDGE_LOOP ( 'NONE', ( #9220, #2697, #7907, #7804 ) ) ;
#8043 = VECTOR ( 'NONE', #1429, 1000.000000000000000 ) ;
#8044 = FACE_OUTER_BOUND ( 'NONE', #9641, .T. ) ;
#8045 = FILL_AREA_STYLE_COLOUR ( '', #8363 ) ;
#8046 = FILL_AREA_STYLE ('',( #5699 ) ) ;
#8047 = VECTOR ( 'NONE', #3735, 1000.000000000000000 ) ;
#8048 = FILL_AREA_STYLE ('',( #6377 ) ) ;
#8049 = ORIENTED_EDGE ( 'NONE', *, *, #10297, .F. ) ;
#8050 =( NAMED_UNIT ( * ) SI_UNIT ( $, .STERADIAN. ) SOLID_ANGLE_UNIT ( ) );
#8051 = FACE_BOUND ( 'NONE', #3056, .T. ) ;
#8052 = ORIENTED_EDGE ( 'NONE', *, *, #7679, .F. ) ;
#8053 = DIRECTION ( 'NONE',  ( 0.000000000000000000, 0.000000000000000000, 1.000000000000000000 ) ) ;
#8054 = DIRECTION ( 'NONE',  ( 0.000000000000000000, 0.000000000000000000, 1.000000000000000000 ) ) ;
#8055 = VERTEX_POINT ( 'NONE', #7590 ) ;
#8056 = LINE ( 'NONE', #2560, #4865 ) ;
#8057 = PLANE ( 'NONE',  #8064 ) ;
#8058 = CARTESIAN_POINT ( 'NONE',  ( 0.8399999999999996358, 0.1000000000000000056, 2.542325799479218773 ) ) ;
#8059 = CARTESIAN_POINT ( 'NONE',  ( 3.379999999999999449, 0.7249999999999999778, 2.000000000000000000 ) ) ;
#8060 = FILL_AREA_STYLE ('',( #1718 ) ) ;
#8061 = EDGE_CURVE ( 'NONE', #8623, #7155, #3613, .T. ) ;
#8062 = CARTESIAN_POINT ( 'NONE',  ( 2.109999999999999432, 0.9250000000000000444, -2.000000000000000000 ) ) ;
#8063 = CARTESIAN_POINT ( 'NONE',  ( 2.969999999999999751, 0.6426742005207811692, -2.260000000000000231 ) ) ;
#8064 = AXIS2_PLACEMENT_3D ( 'NONE', #3301, #8999, #4091 ) ;
#8065 = VECTOR ( 'NONE', #354, 1000.000000000000000 ) ;
#8066 = CARTESIAN_POINT ( 'NONE',  ( 1.699999999999999734, 0.6426742005207811692, -2.260000000000000231 ) ) ;
#8067 = ORIENTED_EDGE ( 'NONE', *, *, #6991, .F. ) ;
#8068 = PRESENTATION_LAYER_ASSIGNMENT (  '', '', ( #3507 ) ) ;
#8069 = DIRECTION ( 'NONE',  ( -0.000000000000000000, -1.000000000000000000, -0.000000000000000000 ) ) ;
#8070 = ORIENTED_EDGE ( 'NONE', *, *, #6721, .F. ) ;
#8071 = UNCERTAINTY_MEASURE_WITH_UNIT (LENGTH_MEASURE( 1.000000000000000082E-05 ), #5664, 'distance_accuracy_value', 'NONE');
#8072 = AXIS2_PLACEMENT_3D ( 'NONE', #5147, #5985, #1025 ) ;
#8073 = EDGE_CURVE ( 'NONE', #7082, #8576, #5008, .T. ) ;
#8074 = DIRECTION ( 'NONE',  ( 0.000000000000000000, 0.000000000000000000, -1.000000000000000000 ) ) ;
#8075 = DIRECTION ( 'NONE',  ( -1.000000000000000000, -0.000000000000000000, -0.000000000000000000 ) ) ;
#8076 = AXIS2_PLACEMENT_3D ( 'NONE', #4446, #9208, #5023 ) ;
#8077 = SURFACE_STYLE_USAGE ( .BOTH. , #63 ) ;
#8078 = ORIENTED_EDGE ( 'NONE', *, *, #5410, .T. ) ;
#8079 = VECTOR ( 'NONE', #9555, 1000.000000000000000 ) ;
#8080 = FILL_AREA_STYLE_COLOUR ( '', #2448 ) ;
#8081 = ORIENTED_EDGE ( 'NONE', *, *, #8581, .T. ) ;
#8082 = AXIS2_PLACEMENT_3D ( 'NONE', #8671, #5447, #2864 ) ;
#8083 = UNCERTAINTY_MEASURE_WITH_UNIT (LENGTH_MEASURE( 1.000000000000000082E-05 ), #3356, 'distance_accuracy_value', 'NONE');
#8084 =( GEOMETRIC_REPRESENTATION_CONTEXT ( 3 ) GLOBAL_UNCERTAINTY_ASSIGNED_CONTEXT ( ( #9499 ) ) GLOBAL_UNIT_ASSIGNED_CONTEXT ( ( #3821, #2288, #2184 ) ) REPRESENTATION_CONTEXT ( 'NONE', 'WORKASPACE' ) );
#8085 = SURFACE_STYLE_FILL_AREA ( #5630 ) ;
#8086 = SURFACE_STYLE_USAGE ( .BOTH. , #2544 ) ;
#8087 = LINE ( 'NONE', #2379, #9690 ) ;
#8088 = CIRCLE ( 'NONE', #9596, 0.2823257994792188752 ) ;
#8089 = FACE_OUTER_BOUND ( 'NONE', #6786, .T. ) ;
#8090 = EDGE_CURVE ( 'NONE', #8934, #5094, #1215, .T. ) ;
#8091 = ORIENTED_EDGE ( 'NONE', *, *, #8633, .F. ) ;
#8092 = DIRECTION ( 'NONE',  ( 0.000000000000000000, 0.000000000000000000, 1.000000000000000000 ) ) ;
#8093 = VECTOR ( 'NONE', #9538, 1000.000000000000000 ) ;
#8094 = CARTESIAN_POINT ( 'NONE',  ( -4.650000000000000355, -0.1000000000000000056, 3.000000000000000000 ) ) ;
#8095 = CYLINDRICAL_SURFACE ( 'NONE', #9745, 0.2823257994792188752 ) ;
#8096 = LINE ( 'NONE', #10364, #943 ) ;
#8097 = VECTOR ( 'NONE', #8109, 1000.000000000000000 ) ;
#8098 = CARTESIAN_POINT ( 'NONE',  ( 1.699999999999999734, 0.6426742005207811692, 2.177674200520781422 ) ) ;
#8099 = LINE ( 'NONE', #4290, #6683 ) ;
#8100 = DIRECTION ( 'NONE',  ( -1.000000000000000000, -0.000000000000000000, -0.000000000000000000 ) ) ;
#8101 = AXIS2_PLACEMENT_3D ( 'NONE', #6075, #3617, #9318 ) ;
#8102 = ORIENTED_EDGE ( 'NONE', *, *, #948, .T. ) ;
#8103 = DIRECTION ( 'NONE',  ( -1.000000000000000000, -0.000000000000000000, -0.000000000000000000 ) ) ;
#8104 = CARTESIAN_POINT ( 'NONE',  ( 0.8399999999999996358, 0.6426742005207811692, -2.177674200520781422 ) ) ;
#8105 = VERTEX_POINT ( 'NONE', #10105 ) ;
#8106 = ORIENTED_EDGE ( 'NONE', *, *, #29, .F. ) ;
#8107 = LINE ( 'NONE', #2511, #4152 ) ;
#8108 = DIRECTION ( 'NONE',  ( -0.000000000000000000, 0.000000000000000000, -1.000000000000000000 ) ) ;
#8109 = DIRECTION ( 'NONE',  ( -1.000000000000000000, -0.000000000000000000, -0.000000000000000000 ) ) ;
#8110 = EDGE_CURVE ( 'NONE', #9165, #4021, #2873, .T. ) ;
#8111 = PRESENTATION_STYLE_ASSIGNMENT (( #4883 ) ) ;
#8112 = VECTOR ( 'NONE', #5814, 1000.000000000000000 ) ;
#8113 = FACE_OUTER_BOUND ( 'NONE', #8328, .T. ) ;
#8114 =( NAMED_UNIT ( * ) PLANE_ANGLE_UNIT ( ) SI_UNIT ( $, .RADIAN. ) );
#8115 = CARTESIAN_POINT ( 'NONE',  ( 3.379999999999999449, 0.7249999999999999778, -2.000000000000000000 ) ) ;
#8116 = CARTESIAN_POINT ( 'NONE',  ( 2.109999999999999432, 0.6426742005207811692, -2.459999999999999964 ) ) ;
#8117 = SURFACE_SIDE_STYLE ('',( #7132 ) ) ;
#8118 = CARTESIAN_POINT ( 'NONE',  ( -0.4300000000000007150, 0.7249999999999999778, 2.000000000000000000 ) ) ;
#8119 = LINE ( 'NONE', #209, #7304 ) ;
#8120 = CARTESIAN_POINT ( 'NONE',  ( -0.8400000000000005240, 0.1823257994792188419, -2.542325799479218773 ) ) ;
#8121 = EDGE_LOOP ( 'NONE', ( #1390, #7883, #7739, #6325 ) ) ;
#8122 = CARTESIAN_POINT ( 'NONE',  ( -0.4300000000000007150, 0.9250000000000000444, -2.000000000000000000 ) ) ;
#8123 = CARTESIAN_POINT ( 'NONE',  ( 2.969999999999999751, 0.9250000000000000444, -2.000000000000000000 ) ) ;
#8124 = EDGE_CURVE ( 'NONE', #5422, #6784, #2134, .T. ) ;
#8125 = SURFACE_STYLE_USAGE ( .BOTH. , #3410 ) ;
#8126 =( LENGTH_UNIT ( ) NAMED_UNIT ( * ) SI_UNIT ( .MILLI., .METRE. ) );
#8127 = FACE_OUTER_BOUND ( 'NONE', #4001, .T. ) ;
#8128 = DIRECTION ( 'NONE',  ( 1.000000000000000000, 0.000000000000000000, 0.000000000000000000 ) ) ;
#8129 = ORIENTED_EDGE ( 'NONE', *, *, #9543, .F. ) ;
#8130 = ORIENTED_EDGE ( 'NONE', *, *, #6290, .T. ) ;
#8131 = EDGE_CURVE ( 'NONE', #2620, #9815, #1278, .T. ) ;
#8132 = CARTESIAN_POINT ( 'NONE',  ( -4.240000000000001101, 0.1000000000000000056, -2.542325799479218773 ) ) ;
#8133 =( NAMED_UNIT ( * ) SI_UNIT ( $, .STERADIAN. ) SOLID_ANGLE_UNIT ( ) );
#8134 = SURFACE_STYLE_FILL_AREA ( #5685 ) ;
#8135 = DIRECTION ( 'NONE',  ( 0.000000000000000000, 0.000000000000000000, 1.000000000000000000 ) ) ;
#8136 = SURFACE_STYLE_USAGE ( .BOTH. , #9713 ) ;
#8137 = ORIENTED_EDGE ( 'NONE', *, *, #6639, .F. ) ;
#8138 = UNCERTAINTY_MEASURE_WITH_UNIT (LENGTH_MEASURE( 1.000000000000000082E-05 ), #5184, 'distance_accuracy_value', 'NONE');
#8139 = ORIENTED_EDGE ( 'NONE', *, *, #5830, .T. ) ;
#8140 = EDGE_CURVE ( 'NONE', #4131, #10283, #8575, .T. ) ;
#8141 = CARTESIAN_POINT ( 'NONE',  ( -3.380000000000000338, 0.6426742005207811692, -2.459999999999999964 ) ) ;
#8142 = AXIS2_PLACEMENT_3D ( 'NONE', #8543, #10128, #4528 ) ;
#8143 = ADVANCED_FACE ( 'NONE', ( #3036 ), #708, .F. ) ;
#8144 = CARTESIAN_POINT ( 'NONE',  ( -1.700000000000001066, 0.9250000000000000444, -2.000000000000000000 ) ) ;
#8145 = EDGE_CURVE ( 'NONE', #9881, #2126, #1382, .T. ) ;
#8146 = LINE ( 'NONE', #1007, #5844 ) ;
#8147 = ORIENTED_EDGE ( 'NONE', *, *, #6674, .T. ) ;
#8148 = ORIENTED_EDGE ( 'NONE', *, *, #2586, .T. ) ;
#8149 = PRESENTATION_STYLE_ASSIGNMENT (( #1763 ) ) ;
#8150 = PLANE ( 'NONE',  #3015 ) ;
#8151 = AXIS2_PLACEMENT_3D ( 'NONE', #9683, #2309, #10280 ) ;
#8152 = FILL_AREA_STYLE ('',( #3204 ) ) ;
#8153 = ADVANCED_FACE ( 'NONE', ( #3824 ), #7016, .T. ) ;
#8154 = CARTESIAN_POINT ( 'NONE',  ( -4.650000000000000355, -0.1000000000000000056, -2.542325799479218773 ) ) ;
#8155 = UNCERTAINTY_MEASURE_WITH_UNIT (LENGTH_MEASURE( 1.000000000000000082E-05 ), #9085, 'distance_accuracy_value', 'NONE');
#8156 = VECTOR ( 'NONE', #10034, 1000.000000000000000 ) ;
#8157 = DIRECTION ( 'NONE',  ( 0.000000000000000000, 0.000000000000000000, 1.000000000000000000 ) ) ;
#8158 = CARTESIAN_POINT ( 'NONE',  ( -2.110000000000000764, 0.1823257994792188419, -2.542325799479218773 ) ) ;
#8159 = VECTOR ( 'NONE', #8829, 1000.000000000000000 ) ;
#8160 = CYLINDRICAL_SURFACE ( 'NONE', #637, 0.2823257994792188752 ) ;
#8161 = CARTESIAN_POINT ( 'NONE',  ( 4.240000000000000213, 0.1000000000000000056, -3.000000000000000000 ) ) ;
#8162 = MECHANICAL_DESIGN_GEOMETRIC_PRESENTATION_REPRESENTATION (  '', ( #3271 ), #5278 ) ;
#8163 = CARTESIAN_POINT ( 'NONE',  ( -0.8400000000000005240, 0.1823257994792188419, 2.459999999999999964 ) ) ;
#8164 = ADVANCED_FACE ( 'NONE', ( #4764 ), #7989, .T. ) ;
#8165 = CARTESIAN_POINT ( 'NONE',  ( 0.8399999999999996358, -0.1000000000000000056, 2.542325799479218773 ) ) ;
#8166 = SURFACE_STYLE_USAGE ( .BOTH. , #830 ) ;
#8167 = ORIENTED_EDGE ( 'NONE', *, *, #3440, .T. ) ;
#8168 = LINE ( 'NONE', #6439, #2660 ) ;
#8169 = PRESENTATION_STYLE_ASSIGNMENT (( #7254 ) ) ;
#8170 = UNCERTAINTY_MEASURE_WITH_UNIT (LENGTH_MEASURE( 1.000000000000000082E-05 ), #3192, 'distance_accuracy_value', 'NONE');
#8171 = AXIS2_PLACEMENT_3D ( 'NONE', #8720, #3970, #2277 ) ;
#8172 = PRESENTATION_LAYER_ASSIGNMENT (  '', '', ( #5466 ) ) ;
#8173 = FACE_OUTER_BOUND ( 'NONE', #4429, .T. ) ;
#8174 =( LENGTH_UNIT ( ) NAMED_UNIT ( * ) SI_UNIT ( .MILLI., .METRE. ) );
#8175 = DIRECTION ( 'NONE',  ( -1.000000000000000000, 0.000000000000000000, -0.000000000000000000 ) ) ;
#8176 = EDGE_CURVE ( 'NONE', #8803, #5165, #7386, .T. ) ;
#8177 = ORIENTED_EDGE ( 'NONE', *, *, #5330, .T. ) ;
#8178 = STYLED_ITEM ( 'NONE', ( #7231 ), #6684 ) ;
#8179 = SURFACE_STYLE_USAGE ( .BOTH. , #4951 ) ;
#8180 = VECTOR ( 'NONE', #8184, 1000.000000000000000 ) ;
#8181 = ORIENTED_EDGE ( 'NONE', *, *, #8290, .T. ) ;
#8182 = UNCERTAINTY_MEASURE_WITH_UNIT (LENGTH_MEASURE( 1.000000000000000082E-05 ), #9429, 'distance_accuracy_value', 'NONE');
#8183 = VECTOR ( 'NONE', #2794, 1000.000000000000000 ) ;
#8184 = DIRECTION ( 'NONE',  ( 0.000000000000000000, 0.000000000000000000, -1.000000000000000000 ) ) ;
#8185 = FILL_AREA_STYLE ('',( #2487 ) ) ;
#8186 = STYLED_ITEM ( 'NONE', ( #7097 ), #6880 ) ;
#8187 = DIRECTION ( 'NONE',  ( -1.000000000000000000, -0.000000000000000000, -0.000000000000000000 ) ) ;
#8188 = DIRECTION ( 'NONE',  ( -1.000000000000000000, -0.000000000000000000, -0.000000000000000000 ) ) ;
#8189 = MECHANICAL_DESIGN_GEOMETRIC_PRESENTATION_REPRESENTATION (  '', ( #6811 ), #7644 ) ;
#8190 = SURFACE_SIDE_STYLE ('',( #750 ) ) ;
#8191 = EDGE_CURVE ( 'NONE', #9150, #9622, #2555, .T. ) ;
#8192 = VERTEX_POINT ( 'NONE', #5648 ) ;
#8193 = PRESENTATION_LAYER_ASSIGNMENT (  '', '', ( #1440 ) ) ;
#8194 = VECTOR ( 'NONE', #2607, 1000.000000000000000 ) ;
#8195 = CYLINDRICAL_SURFACE ( 'NONE', #9007, 0.08232579947921878083 ) ;
#8196 = STYLED_ITEM ( 'NONE', ( #2637 ), #5565 ) ;
#8197 = CARTESIAN_POINT ( 'NONE',  ( 2.109999999999999432, 0.6426742005207811692, -2.260000000000000231 ) ) ;
#8198 = SURFACE_SIDE_STYLE ('',( #9566 ) ) ;
#8199 = COLOUR_RGB ( '',0.7529411764705882248, 0.7529411764705882248, 0.7529411764705882248 ) ;
#8200 = CARTESIAN_POINT ( 'NONE',  ( 2.969999999999999751, 0.1823257994792188696, -2.259999999999999787 ) ) ;
#8201 = EDGE_CURVE ( 'NONE', #9982, #8548, #7426, .T. ) ;
#8202 = CARTESIAN_POINT ( 'NONE',  ( 2.109999999999999432, 0.1823257994792188419, 2.459999999999999964 ) ) ;
#8203 = VECTOR ( 'NONE', #3434, 1000.000000000000000 ) ;
#8204 = VERTEX_POINT ( 'NONE', #8200 ) ;
#8205 = EDGE_CURVE ( 'NONE', #9595, #1298, #9100, .T. ) ;
#8206 = VERTEX_POINT ( 'NONE', #2603 ) ;
#8207 = DIRECTION ( 'NONE',  ( -0.000000000000000000, -1.000000000000000000, -0.000000000000000000 ) ) ;
#8208 = MECHANICAL_DESIGN_GEOMETRIC_PRESENTATION_REPRESENTATION (  '', ( #1977 ), #2977 ) ;
#8209 = SURFACE_STYLE_USAGE ( .BOTH. , #6698 ) ;
#8210 = PLANE ( 'NONE',  #7314 ) ;
#8211 = DIRECTION ( 'NONE',  ( -0.000000000000000000, -1.000000000000000000, -0.000000000000000000 ) ) ;
#8212 = CARTESIAN_POINT ( 'NONE',  ( -0.4300000000000007150, -0.1000000000000000056, 2.542325799479218773 ) ) ;
#8213 = PRESENTATION_STYLE_ASSIGNMENT (( #8959 ) ) ;
#8214 = LINE ( 'NONE', #4835, #1232 ) ;
#8215 = DIRECTION ( 'NONE',  ( -1.000000000000000000, -0.000000000000000000, -0.000000000000000000 ) ) ;
#8216 = EDGE_CURVE ( 'NONE', #3745, #3477, #1657, .T. ) ;
#8217 = LINE ( 'NONE', #1724, #8936 ) ;
#8218 = VECTOR ( 'NONE', #7933, 1000.000000000000000 ) ;
#8219 = EDGE_CURVE ( 'NONE', #10027, #7728, #8099, .T. ) ;
#8220 = ORIENTED_EDGE ( 'NONE', *, *, #3994, .F. ) ;
#8221 =( LENGTH_UNIT ( ) NAMED_UNIT ( * ) SI_UNIT ( .MILLI., .METRE. ) );
#8222 = SURFACE_STYLE_USAGE ( .BOTH. , #9843 ) ;
#8223 = CARTESIAN_POINT ( 'NONE',  ( 4.649999999999999467, -0.1000000000000000056, 3.000000000000000000 ) ) ;
#8224 = AXIS2_PLACEMENT_3D ( 'NONE', #6592, #3248, #3990 ) ;
#8225 = AXIS2_PLACEMENT_3D ( 'NONE', #2814, #4402, #554 ) ;
#8226 = CARTESIAN_POINT ( 'NONE',  ( -1.700000000000001066, 0.1823257994792188419, 2.542325799479218773 ) ) ;
#8227 = LINE ( 'NONE', #1685, #3536 ) ;
#8228 = CARTESIAN_POINT ( 'NONE',  ( 2.969999999999999751, 0.1000000000000000056, -2.542325799479218773 ) ) ;
#8229 = ORIENTED_EDGE ( 'NONE', *, *, #887, .T. ) ;
#8230 = CARTESIAN_POINT ( 'NONE',  ( -3.380000000000000338, 0.7249999999999998668, -2.177674200520781422 ) ) ;
#8231 = ORIENTED_EDGE ( 'NONE', *, *, #5547, .F. ) ;
#8232 = ORIENTED_EDGE ( 'NONE', *, *, #10281, .T. ) ;
#8233 =( GEOMETRIC_REPRESENTATION_CONTEXT ( 3 ) GLOBAL_UNCERTAINTY_ASSIGNED_CONTEXT ( ( #2113 ) ) GLOBAL_UNIT_ASSIGNED_CONTEXT ( ( #5987, #5196, #4743 ) ) REPRESENTATION_CONTEXT ( 'NONE', 'WORKASPACE' ) );
#8234 = PLANE ( 'NONE',  #7003 ) ;
#8235 = EDGE_CURVE ( 'NONE', #1648, #9714, #5742, .T. ) ;
#8236 = PRESENTATION_STYLE_ASSIGNMENT (( #8086 ) ) ;
#8237 = FILL_AREA_STYLE_COLOUR ( '', #9176 ) ;
#8238 = VECTOR ( 'NONE', #8211, 1000.000000000000000 ) ;
#8239 = SURFACE_STYLE_FILL_AREA ( #1807 ) ;
#8240 = ORIENTED_EDGE ( 'NONE', *, *, #3049, .F. ) ;
#8241 = PRESENTATION_LAYER_ASSIGNMENT (  '', '', ( #187 ) ) ;
#8242 = EDGE_CURVE ( 'NONE', #10284, #7604, #90, .T. ) ;
#8243 = FILL_AREA_STYLE_COLOUR ( '', #10223 ) ;
#8244 = MECHANICAL_DESIGN_GEOMETRIC_PRESENTATION_REPRESENTATION (  '', ( #187 ), #9930 ) ;
#8245 = STYLED_ITEM ( 'NONE', ( #10079 ), #1408 ) ;
#8246 = CARTESIAN_POINT ( 'NONE',  ( 0.4299999999999998268, -0.1000000000000000056, 2.542325799479218773 ) ) ;
#8247 = DIRECTION ( 'NONE',  ( 0.000000000000000000, 1.000000000000000000, 0.000000000000000000 ) ) ;
#8248 = ORIENTED_EDGE ( 'NONE', *, *, #1023, .F. ) ;
#8249 = PRESENTATION_LAYER_ASSIGNMENT (  '', '', ( #1326 ) ) ;
#8250 = CYLINDRICAL_SURFACE ( 'NONE', #10298, 0.08232579947921878083 ) ;
#8251 = ORIENTED_EDGE ( 'NONE', *, *, #5222, .T. ) ;
#8252 = CARTESIAN_POINT ( 'NONE',  ( 0.8399999999999996358, -0.1000000000000000056, -3.000000000000000000 ) ) ;
#8253 = AXIS2_PLACEMENT_3D ( 'NONE', #9000, #3398, #1823 ) ;
#8254 = EDGE_CURVE ( 'NONE', #6643, #10359, #6480, .T. ) ;
#8255 = PRESENTATION_STYLE_ASSIGNMENT (( #8551 ) ) ;
#8256 = SURFACE_SIDE_STYLE ('',( #3563 ) ) ;
#8257 = UNCERTAINTY_MEASURE_WITH_UNIT (LENGTH_MEASURE( 1.000000000000000082E-05 ), #6634, 'distance_accuracy_value', 'NONE');
#8258 =( NAMED_UNIT ( * ) PLANE_ANGLE_UNIT ( ) SI_UNIT ( $, .RADIAN. ) );
#8259 = SURFACE_STYLE_USAGE ( .BOTH. , #5028 ) ;
#8260 = DIRECTION ( 'NONE',  ( -0.1710878697460327114, -0.9702875252478150303, -0.1710878697460327114 ) ) ;
#8261 = FILL_AREA_STYLE ('',( #9682 ) ) ;
#8262 = STYLED_ITEM ( 'NONE', ( #2792 ), #2194 ) ;
#8263 = CARTESIAN_POINT ( 'NONE',  ( 4.876571113504073018, 0.000000000000000000, -1.876571113504073907 ) ) ;
#8264 = FILL_AREA_STYLE ('',( #2616 ) ) ;
#8265 = CARTESIAN_POINT ( 'NONE',  ( -3.380000000000000338, 0.6426742005207811692, 2.177674200520781422 ) ) ;
#8266 = DIRECTION ( 'NONE',  ( 0.000000000000000000, 0.000000000000000000, -1.000000000000000000 ) ) ;
#8267 = DIRECTION ( 'NONE',  ( 0.000000000000000000, 0.000000000000000000, 1.000000000000000000 ) ) ;
#8268 = ORIENTED_EDGE ( 'NONE', *, *, #728, .F. ) ;
#8269 =( GEOMETRIC_REPRESENTATION_CONTEXT ( 3 ) GLOBAL_UNCERTAINTY_ASSIGNED_CONTEXT ( ( #9299 ) ) GLOBAL_UNIT_ASSIGNED_CONTEXT ( ( #9671, #6423, #2509 ) ) REPRESENTATION_CONTEXT ( 'NONE', 'WORKASPACE' ) );
#8270 = DIRECTION ( 'NONE',  ( -1.000000000000000000, -0.000000000000000000, -0.000000000000000000 ) ) ;
#8271 =( NAMED_UNIT ( * ) PLANE_ANGLE_UNIT ( ) SI_UNIT ( $, .RADIAN. ) );
#8272 = CARTESIAN_POINT ( 'NONE',  ( 3.379999999999999449, -0.1000000000000000056, -3.000000000000000000 ) ) ;
#8273 = UNCERTAINTY_MEASURE_WITH_UNIT (LENGTH_MEASURE( 1.000000000000000082E-05 ), #10192, 'distance_accuracy_value', 'NONE');
#8274 = EDGE_CURVE ( 'NONE', #9102, #9885, #7479, .T. ) ;
#8275 = LINE ( 'NONE', #7305, #9261 ) ;
#8276 = EDGE_CURVE ( 'NONE', #4131, #7049, #8146, .T. ) ;
#8277 = EDGE_LOOP ( 'NONE', ( #3490, #5360, #2431, #8386 ) ) ;
#8278 = FACE_OUTER_BOUND ( 'NONE', #5772, .T. ) ;
#8279 = ORIENTED_EDGE ( 'NONE', *, *, #7952, .T. ) ;
#8280 = ORIENTED_EDGE ( 'NONE', *, *, #3043, .T. ) ;
#8281 = SURFACE_STYLE_FILL_AREA ( #3482 ) ;
#8282 = DIRECTION ( 'NONE',  ( 0.000000000000000000, -1.000000000000000000, 0.000000000000000000 ) ) ;
#8283 = FACE_OUTER_BOUND ( 'NONE', #5421, .T. ) ;
#8284 = CARTESIAN_POINT ( 'NONE',  ( -1.700000000000001066, 0.6426742005207811692, -2.260000000000000231 ) ) ;
#8285 = SURFACE_SIDE_STYLE ('',( #7373 ) ) ;
#8286 = CARTESIAN_POINT ( 'NONE',  ( 1.699999999999999734, 0.1000000000000000056, 3.000000000000000000 ) ) ;
#8287 = LINE ( 'NONE', #4127, #1962 ) ;
#8288 = ORIENTED_EDGE ( 'NONE', *, *, #3609, .F. ) ;
#8290 = EDGE_CURVE ( 'NONE', #8629, #5445, #1813, .T. ) ;
#8289 = ADVANCED_BREP_SHAPE_REPRESENTATION ( '2EDB7259YXUMA1', ( #7407, #5782 ), #2433 ) ;
#8291 = CARTESIAN_POINT ( 'NONE',  ( -0.4300000000000007150, 0.1823257994792188696, -2.259999999999999787 ) ) ;
#8292 = SURFACE_STYLE_FILL_AREA ( #8938 ) ;
#8293 = LINE ( 'NONE', #4240, #9364 ) ;
#8294 = DIRECTION ( 'NONE',  ( -0.000000000000000000, 1.000000000000000000, 0.000000000000000000 ) ) ;
#8295 = CARTESIAN_POINT ( 'NONE',  ( 3.379999999999999449, 0.6426742005207811692, 2.260000000000000231 ) ) ;
#8296 = SURFACE_SIDE_STYLE ('',( #5067 ) ) ;
#8297 = ORIENTED_EDGE ( 'NONE', *, *, #270, .T. ) ;
#8298 = EDGE_CURVE ( 'NONE', #4061, #22, #903, .T. ) ;
#8299 = CARTESIAN_POINT ( 'NONE',  ( -0.4300000000000007150, 0.6426742005207811692, 2.459999999999999964 ) ) ;
#8300 = EDGE_LOOP ( 'NONE', ( #4475, #3071, #8776, #6215 ) ) ;
#8301 = CARTESIAN_POINT ( 'NONE',  ( 3.379999999999999449, 0.1000000000000000056, -2.542325799479218773 ) ) ;
#8302 = LINE ( 'NONE', #3662, #4363 ) ;
#8303 = CARTESIAN_POINT ( 'NONE',  ( -2.970000000000000639, 0.1000000000000000056, 3.000000000000000000 ) ) ;
#8304 = FACE_OUTER_BOUND ( 'NONE', #5321, .T. ) ;
#8305 =( LENGTH_UNIT ( ) NAMED_UNIT ( * ) SI_UNIT ( .MILLI., .METRE. ) );
#8306 =( NAMED_UNIT ( * ) SI_UNIT ( $, .STERADIAN. ) SOLID_ANGLE_UNIT ( ) );
#8307 = ORIENTED_EDGE ( 'NONE', *, *, #1608, .F. ) ;
#8308 = CARTESIAN_POINT ( 'NONE',  ( 3.379999999999999449, 0.7249999999999999778, -2.000000000000000000 ) ) ;
#8309 = VECTOR ( 'NONE', #9111, 1000.000000000000000 ) ;
#8310 = LINE ( 'NONE', #4255, #6624 ) ;
#8311 = EDGE_CURVE ( 'NONE', #5309, #4427, #7335, .T. ) ;
#8312 = VECTOR ( 'NONE', #7190, 1000.000000000000000 ) ;
#8313 = ORIENTED_EDGE ( 'NONE', *, *, #9068, .T. ) ;
#8314 = DIRECTION ( 'NONE',  ( -1.000000000000000000, -0.000000000000000000, -0.000000000000000000 ) ) ;
#8315 =( NAMED_UNIT ( * ) PLANE_ANGLE_UNIT ( ) SI_UNIT ( $, .RADIAN. ) );
#8316 = LINE ( 'NONE', #9169, #2334 ) ;
#8317 = AXIS2_PLACEMENT_3D ( 'NONE', #6411, #692, #7165 ) ;
#8318 = AXIS2_PLACEMENT_3D ( 'NONE', #39, #8782, #5503 ) ;
#8319 = CARTESIAN_POINT ( 'NONE',  ( -0.4300000000000007150, 0.7249999999999998668, 2.177674200520781422 ) ) ;
#8320 = PRESENTATION_LAYER_ASSIGNMENT (  '', '', ( #1753 ) ) ;
#8321 = CARTESIAN_POINT ( 'NONE',  ( -4.650000000000000355, 0.9249999999999998224, -2.177674200520781422 ) ) ;
#8322 = FILL_AREA_STYLE ('',( #6042 ) ) ;
#8323 = CARTESIAN_POINT ( 'NONE',  ( 4.240000000000000213, 0.7249999999999998668, -2.177674200520781422 ) ) ;
#8324 = ORIENTED_EDGE ( 'NONE', *, *, #3583, .T. ) ;
#8325 = STYLED_ITEM ( 'NONE', ( #3965 ), #442 ) ;
#8326 = PLANE ( 'NONE',  #769 ) ;
#8327 = ORIENTED_EDGE ( 'NONE', *, *, #1257, .T. ) ;
#8328 = EDGE_LOOP ( 'NONE', ( #2557, #8248, #10255, #2373 ) ) ;
#8329 = MECHANICAL_DESIGN_GEOMETRIC_PRESENTATION_REPRESENTATION (  '', ( #2425 ), #3442 ) ;
#8330 = ORIENTED_EDGE ( 'NONE', *, *, #1918, .F. ) ;
#8331 = ADVANCED_FACE ( 'NONE', ( #148 ), #5066, .F. ) ;
#8332 = MECHANICAL_DESIGN_GEOMETRIC_PRESENTATION_REPRESENTATION (  '', ( #6790 ), #9672 ) ;
#8333 = STYLED_ITEM ( 'NONE', ( #1936 ), #4961 ) ;
#8334 =( NAMED_UNIT ( * ) SI_UNIT ( $, .STERADIAN. ) SOLID_ANGLE_UNIT ( ) );
#8335 = SURFACE_SIDE_STYLE ('',( #1901 ) ) ;
#8336 = CIRCLE ( 'NONE', #9146, 0.2823257994792188752 ) ;
#8337 = SURFACE_SIDE_STYLE ('',( #9341 ) ) ;
#8338 = PRESENTATION_LAYER_ASSIGNMENT (  '', '', ( #2941 ) ) ;
#8339 = CARTESIAN_POINT ( 'NONE',  ( 0.000000000000000000, 1.649999999999999911, 1.876571113504073018 ) ) ;
#8340 = ORIENTED_EDGE ( 'NONE', *, *, #1195, .F. ) ;
#8341 = STYLED_ITEM ( 'NONE', ( #3645 ), #5261 ) ;
#8342 = LINE ( 'NONE', #4333, #1427 ) ;
#8343 = ORIENTED_EDGE ( 'NONE', *, *, #9152, .F. ) ;
#8344 = CARTESIAN_POINT ( 'NONE',  ( -0.8400000000000005240, -0.1000000000000000056, 2.542325799479218773 ) ) ;
#8345 = COLOUR_RGB ( '',0.7529411764705882248, 0.7529411764705882248, 0.7529411764705882248 ) ;
#8346 = VECTOR ( 'NONE', #59, 1000.000000000000000 ) ;
#8347 = STYLED_ITEM ( 'NONE', ( #841 ), #5475 ) ;
#8348 =( NAMED_UNIT ( * ) PLANE_ANGLE_UNIT ( ) SI_UNIT ( $, .RADIAN. ) );
#8349 = EDGE_CURVE ( 'NONE', #2363, #3023, #6794, .T. ) ;
#8350 = DIRECTION ( 'NONE',  ( 1.000000000000000000, 0.000000000000000000, 0.000000000000000000 ) ) ;
#8351 =( NAMED_UNIT ( * ) PLANE_ANGLE_UNIT ( ) SI_UNIT ( $, .RADIAN. ) );
#8352 =( LENGTH_UNIT ( ) NAMED_UNIT ( * ) SI_UNIT ( .MILLI., .METRE. ) );
#8353 = ORIENTED_EDGE ( 'NONE', *, *, #5509, .T. ) ;
#8354 = AXIS2_PLACEMENT_3D ( 'NONE', #7634, #400, #9151 ) ;
#8355 = PRESENTATION_LAYER_ASSIGNMENT (  '', '', ( #2625 ) ) ;
#8356 = VERTEX_POINT ( 'NONE', #5337 ) ;
#8357 =( NAMED_UNIT ( * ) PLANE_ANGLE_UNIT ( ) SI_UNIT ( $, .RADIAN. ) );
#8358 = CARTESIAN_POINT ( 'NONE',  ( -0.4300000000000007150, 0.1000000000000000056, -2.542325799479218773 ) ) ;
#8359 = CARTESIAN_POINT ( 'NONE',  ( 1.699999999999999734, 0.1823257994792188419, 2.542325799479218773 ) ) ;
#8360 =( LENGTH_UNIT ( ) NAMED_UNIT ( * ) SI_UNIT ( .MILLI., .METRE. ) );
#8361 = UNCERTAINTY_MEASURE_WITH_UNIT (LENGTH_MEASURE( 1.000000000000000082E-05 ), #4788, 'distance_accuracy_value', 'NONE');
#8362 = CARTESIAN_POINT ( 'NONE',  ( 2.109999999999999432, 0.6426742005207811692, -2.459999999999999964 ) ) ;
#8363 = COLOUR_RGB ( '',0.7529411764705882248, 0.7529411764705882248, 0.7529411764705882248 ) ;
#8364 = DIRECTION ( 'NONE',  ( 1.000000000000000000, 0.000000000000000000, 0.000000000000000000 ) ) ;
#8365 = DIRECTION ( 'NONE',  ( 0.000000000000000000, 0.000000000000000000, -1.000000000000000000 ) ) ;
#8366 = DIRECTION ( 'NONE',  ( -1.000000000000000000, -0.000000000000000000, -0.000000000000000000 ) ) ;
#8367 = ORIENTED_EDGE ( 'NONE', *, *, #2195, .T. ) ;
#8368 = LINE ( 'NONE', #1933, #3320 ) ;
#8369 = CARTESIAN_POINT ( 'NONE',  ( -0.4300000000000007150, 0.6426742005207811692, -2.177674200520781422 ) ) ;
#8370 = LINE ( 'NONE', #3462, #5633 ) ;
#8371 = CARTESIAN_POINT ( 'NONE',  ( 4.649999999999999467, -0.1000000000000000056, -3.000000000000000000 ) ) ;
#8372 = ORIENTED_EDGE ( 'NONE', *, *, #659, .F. ) ;
#8373 = CARTESIAN_POINT ( 'NONE',  ( -4.240000000000001101, 0.9250000000000000444, 2.000000000000000000 ) ) ;
#8374 = AXIS2_PLACEMENT_3D ( 'NONE', #8120, #8902, #871 ) ;
#8375 = SURFACE_SIDE_STYLE ('',( #3466 ) ) ;
#8376 = CARTESIAN_POINT ( 'NONE',  ( 3.379999999999999449, 0.1000000000000000056, 3.000000000000000000 ) ) ;
#8377 = DIRECTION ( 'NONE',  ( 0.000000000000000000, -1.000000000000000000, 0.000000000000000000 ) ) ;
#8378 =( LENGTH_UNIT ( ) NAMED_UNIT ( * ) SI_UNIT ( .MILLI., .METRE. ) );
#8379 = EDGE_CURVE ( 'NONE', #2207, #6284, #2122, .T. ) ;
#8380 = CARTESIAN_POINT ( 'NONE',  ( 2.109999999999999432, 0.7249999999999999778, 2.000000000000000000 ) ) ;
#8381 = DIRECTION ( 'NONE',  ( -1.000000000000000000, 0.000000000000000000, -0.000000000000000000 ) ) ;
#8382 = CARTESIAN_POINT ( 'NONE',  ( -4.650000000000000355, 0.7249999999999999778, 2.000000000000000000 ) ) ;
#8383 = DIRECTION ( 'NONE',  ( 0.000000000000000000, 0.000000000000000000, -1.000000000000000000 ) ) ;
#8384 = DIRECTION ( 'NONE',  ( -1.000000000000000000, 0.000000000000000000, -0.000000000000000000 ) ) ;
#8385 = ORIENTED_EDGE ( 'NONE', *, *, #1152, .F. ) ;
#8386 = ORIENTED_EDGE ( 'NONE', *, *, #4399, .T. ) ;
#8387 = VERTEX_POINT ( 'NONE', #1915 ) ;
#8388 = ORIENTED_EDGE ( 'NONE', *, *, #1973, .T. ) ;
#8389 = CARTESIAN_POINT ( 'NONE',  ( 3.379999999999999449, 0.7249999999999998668, 2.177674200520781422 ) ) ;
#8390 = VECTOR ( 'NONE', #7654, 1000.000000000000000 ) ;
#8391 = VECTOR ( 'NONE', #9114, 1000.000000000000000 ) ;
#8392 = EDGE_CURVE ( 'NONE', #6030, #6140, #494, .T. ) ;
#8393 = ADVANCED_FACE ( 'NONE', ( #6744, #2856, #3654, #6103, #5229, #3743, #1202, #1263, #5901 ), #10035, .F. ) ;
#8394 = FILL_AREA_STYLE ('',( #8443 ) ) ;
#8395 = DIRECTION ( 'NONE',  ( 0.000000000000000000, -0.000000000000000000, 1.000000000000000000 ) ) ;
#8396 =( NAMED_UNIT ( * ) SI_UNIT ( $, .STERADIAN. ) SOLID_ANGLE_UNIT ( ) );
#8397 = ORIENTED_EDGE ( 'NONE', *, *, #2827, .T. ) ;
#8398 = AXIS2_PLACEMENT_3D ( 'NONE', #8158, #2462, #9793 ) ;
#8399 = CARTESIAN_POINT ( 'NONE',  ( 3.379999999999999449, 0.1000000000000000056, -2.542325799479218773 ) ) ;
#8400 = ORIENTED_EDGE ( 'NONE', *, *, #3797, .T. ) ;
#8401 = VECTOR ( 'NONE', #5500, 1000.000000000000000 ) ;
#8402 = LINE ( 'NONE', #7621, #5954 ) ;
#8403 =( GEOMETRIC_REPRESENTATION_CONTEXT ( 3 ) GLOBAL_UNCERTAINTY_ASSIGNED_CONTEXT ( ( #2572 ) ) GLOBAL_UNIT_ASSIGNED_CONTEXT ( ( #5781, #5059, #4187 ) ) REPRESENTATION_CONTEXT ( 'NONE', 'WORKASPACE' ) );
#8404 = SURFACE_SIDE_STYLE ('',( #5956 ) ) ;
#8405 = SURFACE_STYLE_USAGE ( .BOTH. , #5173 ) ;
#8406 = ADVANCED_FACE ( 'NONE', ( #1975 ), #4549, .F. ) ;
#8407 = SURFACE_STYLE_FILL_AREA ( #7749 ) ;
#8408 = ORIENTED_EDGE ( 'NONE', *, *, #4972, .T. ) ;
#8409 = MECHANICAL_DESIGN_GEOMETRIC_PRESENTATION_REPRESENTATION (  '', ( #6547 ), #2674 ) ;
#8410 = LINE ( 'NONE', #5856, #2704 ) ;
#8411 =( GEOMETRIC_REPRESENTATION_CONTEXT ( 3 ) GLOBAL_UNCERTAINTY_ASSIGNED_CONTEXT ( ( #6866 ) ) GLOBAL_UNIT_ASSIGNED_CONTEXT ( ( #5438, #4754, #6462 ) ) REPRESENTATION_CONTEXT ( 'NONE', 'WORKASPACE' ) );
#8412 = ORIENTED_EDGE ( 'NONE', *, *, #2563, .F. ) ;
#8413 = CARTESIAN_POINT ( 'NONE',  ( 4.240000000000000213, 0.1823257994792188419, 2.459999999999999964 ) ) ;
#8414 = DIRECTION ( 'NONE',  ( -0.000000000000000000, -1.000000000000000000, -0.000000000000000000 ) ) ;
#8415 = DIRECTION ( 'NONE',  ( 0.000000000000000000, 1.000000000000000000, 0.000000000000000000 ) ) ;
#8416 = MECHANICAL_DESIGN_GEOMETRIC_PRESENTATION_REPRESENTATION (  '', ( #5206 ), #1513 ) ;
#8417 = DIRECTION ( 'NONE',  ( -0.000000000000000000, 0.000000000000000000, -1.000000000000000000 ) ) ;
#8418 = CARTESIAN_POINT ( 'NONE',  ( 0.8399999999999996358, 0.6426742005207811692, 2.260000000000000231 ) ) ;
#8419 = MECHANICAL_DESIGN_GEOMETRIC_PRESENTATION_REPRESENTATION (  '', ( #7908 ), #8711 ) ;
#8420 = EDGE_LOOP ( 'NONE', ( #7751, #2124, #3580, #1356 ) ) ;
#8421 = SURFACE_SIDE_STYLE ('',( #5190 ) ) ;
#8422 = LINE ( 'NONE', #4405, #5988 ) ;
#8423 = CARTESIAN_POINT ( 'NONE',  ( 4.649999999999999467, -0.1000000000000000056, 2.542325799479218773 ) ) ;
#8424 = ORIENTED_EDGE ( 'NONE', *, *, #863, .F. ) ;
#8425 = VECTOR ( 'NONE', #1877, 1000.000000000000000 ) ;
#8426 = EDGE_CURVE ( 'NONE', #6487, #2888, #2501, .T. ) ;
#8427 = LINE ( 'NONE', #3522, #4711 ) ;
#8428 = CARTESIAN_POINT ( 'NONE',  ( -1.700000000000001066, 0.1823257994792188419, -2.542325799479218773 ) ) ;
#8429 = DIRECTION ( 'NONE',  ( 0.000000000000000000, 0.000000000000000000, -1.000000000000000000 ) ) ;
#8430 = DIRECTION ( 'NONE',  ( -1.000000000000000000, -0.000000000000000000, -0.000000000000000000 ) ) ;
#8431 = DIRECTION ( 'NONE',  ( -0.000000000000000000, 0.000000000000000000, -1.000000000000000000 ) ) ;
#8432 = LINE ( 'NONE', #7454, #3949 ) ;
#8433 = CARTESIAN_POINT ( 'NONE',  ( 0.4299999999999998268, 0.6426742005207811692, 2.177674200520781422 ) ) ;
#8434 = ORIENTED_EDGE ( 'NONE', *, *, #2244, .T. ) ;
#8435 = VECTOR ( 'NONE', #10271, 1000.000000000000000 ) ;
#8436 = DIRECTION ( 'NONE',  ( 1.000000000000000000, 0.000000000000000000, -0.000000000000000000 ) ) ;
#8437 = VERTEX_POINT ( 'NONE', #1825 ) ;
#8438 = VECTOR ( 'NONE', #5045, 1000.000000000000000 ) ;
#8439 = ORIENTED_EDGE ( 'NONE', *, *, #3547, .F. ) ;
#8440 = ADVANCED_FACE ( 'NONE', ( #5030 ), #3309, .T. ) ;
#8441 = CARTESIAN_POINT ( 'NONE',  ( -4.240000000000001101, 0.7249999999999999778, 2.000000000000000000 ) ) ;
#8442 = AXIS2_PLACEMENT_3D ( 'NONE', #1206, #6748, #300 ) ;
#8443 = FILL_AREA_STYLE_COLOUR ( '', #2740 ) ;
#8444 = CARTESIAN_POINT ( 'NONE',  ( -3.380000000000000338, 0.6426742005207811692, 2.260000000000000231 ) ) ;
#8445 =( NAMED_UNIT ( * ) PLANE_ANGLE_UNIT ( ) SI_UNIT ( $, .RADIAN. ) );
#8446 = ORIENTED_EDGE ( 'NONE', *, *, #4435, .T. ) ;
#8447 = CARTESIAN_POINT ( 'NONE',  ( -2.970000000000000639, 0.1000000000000000056, 2.542325799479218773 ) ) ;
#8448 = ORIENTED_EDGE ( 'NONE', *, *, #9573, .T. ) ;
#8449 = EDGE_CURVE ( 'NONE', #2109, #5680, #4252, .T. ) ;
#8450 = EDGE_CURVE ( 'NONE', #3294, #992, #1719, .T. ) ;
#8451 =( NAMED_UNIT ( * ) SI_UNIT ( $, .STERADIAN. ) SOLID_ANGLE_UNIT ( ) );
#8452 = FILL_AREA_STYLE_COLOUR ( '', #9880 ) ;
#8453 =( NAMED_UNIT ( * ) SI_UNIT ( $, .STERADIAN. ) SOLID_ANGLE_UNIT ( ) );
#8454 = ORIENTED_EDGE ( 'NONE', *, *, #1892, .F. ) ;
#8455 = EDGE_CURVE ( 'NONE', #6000, #1296, #5079, .T. ) ;
#8456 = CARTESIAN_POINT ( 'NONE',  ( 4.649999999999999467, -0.1000000000000000056, 2.542325799479218773 ) ) ;
#8457 = VERTEX_POINT ( 'NONE', #6495 ) ;
#8458 = DIRECTION ( 'NONE',  ( -0.000000000000000000, -1.000000000000000000, -0.000000000000000000 ) ) ;
#8459 = EDGE_CURVE ( 'NONE', #9611, #566, #5754, .T. ) ;
#8460 =( NAMED_UNIT ( * ) PLANE_ANGLE_UNIT ( ) SI_UNIT ( $, .RADIAN. ) );
#8461 = UNCERTAINTY_MEASURE_WITH_UNIT (LENGTH_MEASURE( 1.000000000000000082E-05 ), #978, 'distance_accuracy_value', 'NONE');
#8462 = CARTESIAN_POINT ( 'NONE',  ( -4.650000000000000355, 0.1823257994792188419, -2.542325799479218773 ) ) ;
#8463 = UNCERTAINTY_MEASURE_WITH_UNIT (LENGTH_MEASURE( 1.000000000000000082E-05 ), #7242, 'distance_accuracy_value', 'NONE');
#8464 = CARTESIAN_POINT ( 'NONE',  ( 4.240000000000001101, 0.7249999999999999778, -2.000000000000000000 ) ) ;
#8465 =( NAMED_UNIT ( * ) PLANE_ANGLE_UNIT ( ) SI_UNIT ( $, .RADIAN. ) );
#8466 = CARTESIAN_POINT ( 'NONE',  ( 2.109999999999999432, -0.1000000000000000056, -2.542325799479218773 ) ) ;
#8467 = ORIENTED_EDGE ( 'NONE', *, *, #9378, .F. ) ;
#8468 = FILL_AREA_STYLE ('',( #2763 ) ) ;
#8469 = PRESENTATION_STYLE_ASSIGNMENT (( #8667 ) ) ;
#8470 =( NAMED_UNIT ( * ) SI_UNIT ( $, .STERADIAN. ) SOLID_ANGLE_UNIT ( ) );
#8471 = ORIENTED_EDGE ( 'NONE', *, *, #9976, .F. ) ;
#8472 = DIRECTION ( 'NONE',  ( -1.000000000000000000, -0.000000000000000000, -0.000000000000000000 ) ) ;
#8473 =( LENGTH_UNIT ( ) NAMED_UNIT ( * ) SI_UNIT ( .MILLI., .METRE. ) );
#8474 = EDGE_CURVE ( 'NONE', #9444, #7117, #1771, .T. ) ;
#8475 = LINE ( 'NONE', #4411, #6863 ) ;
#8476 = CARTESIAN_POINT ( 'NONE',  ( -1.700000000000001066, 0.1000000000000000056, 2.542325799479218773 ) ) ;
#8477 = MECHANICAL_DESIGN_GEOMETRIC_PRESENTATION_REPRESENTATION (  '', ( #1733 ), #3928 ) ;
#8478 = LINE ( 'NONE', #471, #7466 ) ;
#8479 = ORIENTED_EDGE ( 'NONE', *, *, #9663, .T. ) ;
#8480 = VECTOR ( 'NONE', #3640, 1000.000000000000000 ) ;
#8481 = ADVANCED_FACE ( 'NONE', ( #4980 ), #1060, .T. ) ;
#8482 = VECTOR ( 'NONE', #10354, 1000.000000000000000 ) ;
#8483 =( NAMED_UNIT ( * ) PLANE_ANGLE_UNIT ( ) SI_UNIT ( $, .RADIAN. ) );
#8484 = LINE ( 'NONE', #4266, #7460 ) ;
#8485 =( NAMED_UNIT ( * ) PLANE_ANGLE_UNIT ( ) SI_UNIT ( $, .RADIAN. ) );
#8486 = EDGE_LOOP ( 'NONE', ( #4792, #195, #6502, #3054 ) ) ;
#8487 = ORIENTED_EDGE ( 'NONE', *, *, #1013, .T. ) ;
#8488 = VERTEX_POINT ( 'NONE', #10149 ) ;
#8489 = ORIENTED_EDGE ( 'NONE', *, *, #4340, .T. ) ;
#8490 =( GEOMETRIC_REPRESENTATION_CONTEXT ( 3 ) GLOBAL_UNCERTAINTY_ASSIGNED_CONTEXT ( ( #2998 ) ) GLOBAL_UNIT_ASSIGNED_CONTEXT ( ( #5014, #9934, #6584 ) ) REPRESENTATION_CONTEXT ( 'NONE', 'WORKASPACE' ) );
#8491 = MECHANICAL_DESIGN_GEOMETRIC_PRESENTATION_REPRESENTATION (  '', ( #3753 ), #7358 ) ;
#8492 = LINE ( 'NONE', #7733, #8643 ) ;
#8493 = VECTOR ( 'NONE', #7100, 1000.000000000000000 ) ;
#8494 = ORIENTED_EDGE ( 'NONE', *, *, #5762, .F. ) ;
#8495 = COLOUR_RGB ( '',0.2509803921568627416, 0.2509803921568627416, 0.2509803921568627416 ) ;
#8496 =( LENGTH_UNIT ( ) NAMED_UNIT ( * ) SI_UNIT ( .MILLI., .METRE. ) );
#8497 = VECTOR ( 'NONE', #2432, 1000.000000000000000 ) ;
#8498 = ORIENTED_EDGE ( 'NONE', *, *, #1013, .F. ) ;
#8499 = VECTOR ( 'NONE', #10151, 1000.000000000000000 ) ;
#8500 = DIRECTION ( 'NONE',  ( 0.000000000000000000, -0.000000000000000000, -1.000000000000000000 ) ) ;
#8501 =( GEOMETRIC_REPRESENTATION_CONTEXT ( 3 ) GLOBAL_UNCERTAINTY_ASSIGNED_CONTEXT ( ( #6117 ) ) GLOBAL_UNIT_ASSIGNED_CONTEXT ( ( #9516, #2908, #7692 ) ) REPRESENTATION_CONTEXT ( 'NONE', 'WORKASPACE' ) );
#8502 = AXIS2_PLACEMENT_3D ( 'NONE', #1318, #10036, #10198 ) ;
#8503 = MECHANICAL_DESIGN_GEOMETRIC_PRESENTATION_REPRESENTATION (  '', ( #10191 ), #6286 ) ;
#8504 = CARTESIAN_POINT ( 'NONE',  ( 4.649999999999999467, 0.1823257994792188419, 2.542325799479218773 ) ) ;
#8505 = ADVANCED_FACE ( 'NONE', ( #10053 ), #9314, .F. ) ;
#8506 =( NAMED_UNIT ( * ) PLANE_ANGLE_UNIT ( ) SI_UNIT ( $, .RADIAN. ) );
#8507 = AXIS2_PLACEMENT_3D ( 'NONE', #8399, #2011, #2953 ) ;
#8508 = DIRECTION ( 'NONE',  ( 0.000000000000000000, -1.000000000000000000, 0.000000000000000000 ) ) ;
#8509 = CYLINDRICAL_SURFACE ( 'NONE', #2939, 0.2823257994792186532 ) ;
#8510 = ORIENTED_EDGE ( 'NONE', *, *, #3907, .T. ) ;
#8511 = CARTESIAN_POINT ( 'NONE',  ( -2.970000000000000639, 0.1823257994792188419, 2.542325799479218773 ) ) ;
#8512 = VECTOR ( 'NONE', #3586, 1000.000000000000000 ) ;
#8513 = ORIENTED_EDGE ( 'NONE', *, *, #2071, .F. ) ;
#8514 = AXIS2_PLACEMENT_3D ( 'NONE', #792, #10342, #3008 ) ;
#8515 =( NAMED_UNIT ( * ) PLANE_ANGLE_UNIT ( ) SI_UNIT ( $, .RADIAN. ) );
#8516 = EDGE_CURVE ( 'NONE', #8192, #7236, #7589, .T. ) ;
#8517 = DIRECTION ( 'NONE',  ( -1.000000000000000000, -0.000000000000000000, -0.000000000000000000 ) ) ;
#8518 = EDGE_LOOP ( 'NONE', ( #6372, #8994, #8638, #9066, #804, #2980, #6672, #7955, #4970, #1544, #9319, #6649 ) ) ;
#8519 = MECHANICAL_DESIGN_GEOMETRIC_PRESENTATION_REPRESENTATION (  '', ( #2625 ), #4649 ) ;
#8520 = CARTESIAN_POINT ( 'NONE',  ( -3.380000000000000338, 0.7249999999999999778, 2.000000000000000000 ) ) ;
#8521 = CARTESIAN_POINT ( 'NONE',  ( -3.380000000000000338, -0.1000000000000000056, 2.542325799479218773 ) ) ;
#8522 = VERTEX_POINT ( 'NONE', #460 ) ;
#8523 = DIRECTION ( 'NONE',  ( 1.000000000000000000, 0.000000000000000000, 0.000000000000000000 ) ) ;
#8524 = SURFACE_STYLE_FILL_AREA ( #3829 ) ;
#8525 =( GEOMETRIC_REPRESENTATION_CONTEXT ( 3 ) GLOBAL_UNCERTAINTY_ASSIGNED_CONTEXT ( ( #9958 ) ) GLOBAL_UNIT_ASSIGNED_CONTEXT ( ( #8827, #3922, #7012 ) ) REPRESENTATION_CONTEXT ( 'NONE', 'WORKASPACE' ) );
#8526 =( NAMED_UNIT ( * ) PLANE_ANGLE_UNIT ( ) SI_UNIT ( $, .RADIAN. ) );
#8527 = VECTOR ( 'NONE', #9808, 1000.000000000000000 ) ;
#8528 = ORIENTED_EDGE ( 'NONE', *, *, #5979, .T. ) ;
#8529 = LINE ( 'NONE', #2041, #4943 ) ;
#8530 = DIRECTION ( 'NONE',  ( 0.000000000000000000, 0.000000000000000000, -1.000000000000000000 ) ) ;
#8531 = ADVANCED_FACE ( 'NONE', ( #7640 ), #2075, .F. ) ;
#8532 = DIRECTION ( 'NONE',  ( -1.000000000000000000, 0.000000000000000000, 0.000000000000000000 ) ) ;
#8533 = EDGE_CURVE ( 'NONE', #1510, #9913, #3566, .T. ) ;
#8534 = MECHANICAL_DESIGN_GEOMETRIC_PRESENTATION_REPRESENTATION (  '', ( #4325 ), #1283 ) ;
#8535 = ORIENTED_EDGE ( 'NONE', *, *, #1937, .F. ) ;
#8536 = STYLED_ITEM ( 'NONE', ( #7736 ), #6052 ) ;
#8537 = FILL_AREA_STYLE ('',( #2834 ) ) ;
#8538 = VERTEX_POINT ( 'NONE', #8466 ) ;
#8539 =( GEOMETRIC_REPRESENTATION_CONTEXT ( 3 ) GLOBAL_UNCERTAINTY_ASSIGNED_CONTEXT ( ( #9473 ) ) GLOBAL_UNIT_ASSIGNED_CONTEXT ( ( #7440, #9796, #9684 ) ) REPRESENTATION_CONTEXT ( 'NONE', 'WORKASPACE' ) );
#8540 = SURFACE_SIDE_STYLE ('',( #5316 ) ) ;
#8541 = COLOUR_RGB ( '',0.7529411764705882248, 0.7529411764705882248, 0.7529411764705882248 ) ;
#8542 = AXIS2_PLACEMENT_3D ( 'NONE', #1852, #1036, #942 ) ;
#8543 = CARTESIAN_POINT ( 'NONE',  ( 2.109999999999999432, 0.6426742005207811692, -2.177674200520781422 ) ) ;
#8544 = SURFACE_STYLE_USAGE ( .BOTH. , #7041 ) ;
#8545 = CARTESIAN_POINT ( 'NONE',  ( -2.970000000000000639, 0.1823257994792188696, 2.259999999999999787 ) ) ;
#8546 = EDGE_LOOP ( 'NONE', ( #3501, #4782, #246, #9296 ) ) ;
#8547 = DIRECTION ( 'NONE',  ( -1.000000000000000000, -0.000000000000000000, -0.000000000000000000 ) ) ;
#8548 = VERTEX_POINT ( 'NONE', #4452 ) ;
#8549 = UNCERTAINTY_MEASURE_WITH_UNIT (LENGTH_MEASURE( 1.000000000000000082E-05 ), #770, 'distance_accuracy_value', 'NONE');
#8550 = DIRECTION ( 'NONE',  ( 0.000000000000000000, 0.000000000000000000, 1.000000000000000000 ) ) ;
#8551 = SURFACE_STYLE_USAGE ( .BOTH. , #5387 ) ;
#8552 = LINE ( 'NONE', #2899, #5650 ) ;
#8553 =( NAMED_UNIT ( * ) PLANE_ANGLE_UNIT ( ) SI_UNIT ( $, .RADIAN. ) );
#8554 = LINE ( 'NONE', #3740, #7357 ) ;
#8555 = COLOUR_RGB ( '',0.7529411764705882248, 0.7529411764705882248, 0.7529411764705882248 ) ;
#8556 = DIRECTION ( 'NONE',  ( -1.000000000000000000, -0.000000000000000000, -0.000000000000000000 ) ) ;
#8557 = VERTEX_POINT ( 'NONE', #8572 ) ;
#8558 = MECHANICAL_DESIGN_GEOMETRIC_PRESENTATION_REPRESENTATION (  '', ( #10245 ), #974 ) ;
#8559 = DIRECTION ( 'NONE',  ( -1.000000000000000000, -0.000000000000000000, -0.000000000000000000 ) ) ;
#8560 =( NAMED_UNIT ( * ) PLANE_ANGLE_UNIT ( ) SI_UNIT ( $, .RADIAN. ) );
#8561 = EDGE_LOOP ( 'NONE', ( #8758, #5678, #7446, #5695 ) ) ;
#8562 = VECTOR ( 'NONE', #6248, 1000.000000000000000 ) ;
#8563 = EDGE_LOOP ( 'NONE', ( #7046, #3051, #4295, #3811 ) ) ;
#8564 = LINE ( 'NONE', #550, #7308 ) ;
#8565 = EDGE_CURVE ( 'NONE', #4725, #4625, #5916, .T. ) ;
#8566 = CIRCLE ( 'NONE', #486, 0.08232579947921878083 ) ;
#8567 = PRESENTATION_STYLE_ASSIGNMENT (( #10144 ) ) ;
#8568 = DIRECTION ( 'NONE',  ( -1.000000000000000000, -0.000000000000000000, -0.000000000000000000 ) ) ;
#8569 = VECTOR ( 'NONE', #5297, 1000.000000000000000 ) ;
#8570 = SURFACE_SIDE_STYLE ('',( #5348 ) ) ;
#8571 = CARTESIAN_POINT ( 'NONE',  ( -4.650000000000000355, 0.1000000000000000056, 3.000000000000000000 ) ) ;
#8572 = CARTESIAN_POINT ( 'NONE',  ( -4.240000000000001101, 0.1000000000000000056, 2.542325799479218773 ) ) ;
#8573 =( LENGTH_UNIT ( ) NAMED_UNIT ( * ) SI_UNIT ( .MILLI., .METRE. ) );
#8574 =( GEOMETRIC_REPRESENTATION_CONTEXT ( 3 ) GLOBAL_UNCERTAINTY_ASSIGNED_CONTEXT ( ( #5382 ) ) GLOBAL_UNIT_ASSIGNED_CONTEXT ( ( #3247, #9677, #8998 ) ) REPRESENTATION_CONTEXT ( 'NONE', 'WORKASPACE' ) );
#8575 = LINE ( 'NONE', #1333, #6337 ) ;
#8576 = VERTEX_POINT ( 'NONE', #6867 ) ;
#8577 = PRESENTATION_LAYER_ASSIGNMENT (  '', '', ( #1646 ) ) ;
#8578 = CARTESIAN_POINT ( 'NONE',  ( 3.379999999999999449, -0.1000000000000000056, 3.000000000000000000 ) ) ;
#8579 = VECTOR ( 'NONE', #8414, 1000.000000000000000 ) ;
#8580 = ORIENTED_EDGE ( 'NONE', *, *, #4909, .F. ) ;
#8581 = EDGE_CURVE ( 'NONE', #1297, #5193, #2588, .T. ) ;
#8582 =( NAMED_UNIT ( * ) PLANE_ANGLE_UNIT ( ) SI_UNIT ( $, .RADIAN. ) );
#8583 = EDGE_CURVE ( 'NONE', #7573, #8934, #9088, .T. ) ;
#8584 = SURFACE_SIDE_STYLE ('',( #6125 ) ) ;
#8585 = AXIS2_PLACEMENT_3D ( 'NONE', #3364, #877, #8909 ) ;
#8586 = ORIENTED_EDGE ( 'NONE', *, *, #3860, .F. ) ;
#8587 = AXIS2_PLACEMENT_3D ( 'NONE', #6766, #8530, #8381 ) ;
#8588 = AXIS2_PLACEMENT_3D ( 'NONE', #7595, #3674, #6761 ) ;
#8589 = DIRECTION ( 'NONE',  ( 0.000000000000000000, 0.000000000000000000, -1.000000000000000000 ) ) ;
#8590 = SURFACE_SIDE_STYLE ('',( #4777 ) ) ;
#8591 = PRESENTATION_STYLE_ASSIGNMENT (( #2147 ) ) ;
#8592 = ORIENTED_EDGE ( 'NONE', *, *, #2369, .F. ) ;
#8593 =( NAMED_UNIT ( * ) PLANE_ANGLE_UNIT ( ) SI_UNIT ( $, .RADIAN. ) );
#8594 = VERTEX_POINT ( 'NONE', #7372 ) ;
#8595 = ORIENTED_EDGE ( 'NONE', *, *, #6314, .T. ) ;
#8596 = STYLED_ITEM ( 'NONE', ( #7646 ), #4487 ) ;
#8597 = EDGE_LOOP ( 'NONE', ( #128, #7730, #6925, #5471, #908, #7365, #3869, #4967, #5061, #6330, #1463, #2125 ) ) ;
#8598 = CARTESIAN_POINT ( 'NONE',  ( -4.240000000000001101, 0.9249999999999998224, 2.177674200520781422 ) ) ;
#8599 = UNCERTAINTY_MEASURE_WITH_UNIT (LENGTH_MEASURE( 1.000000000000000082E-05 ), #6615, 'distance_accuracy_value', 'NONE');
#8600 = DIRECTION ( 'NONE',  ( -1.000000000000000000, 0.000000000000000000, 0.000000000000000000 ) ) ;
#8601 = ADVANCED_FACE ( 'NONE', ( #8283 ), #6576, .T. ) ;
#8602 = COLOUR_RGB ( '',0.7529411764705882248, 0.7529411764705882248, 0.7529411764705882248 ) ;
#8603 = CARTESIAN_POINT ( 'NONE',  ( 4.649999999999999467, 0.7249999999999999778, 2.000000000000000000 ) ) ;
#8604 = STYLED_ITEM ( 'NONE', ( #9307 ), #4692 ) ;
#8605 = PLANE ( 'NONE',  #2848 ) ;
#8606 = VERTEX_POINT ( 'NONE', #2564 ) ;
#8607 = CARTESIAN_POINT ( 'NONE',  ( 2.969999999999999751, 0.7249999999999999778, -2.000000000000000000 ) ) ;
#8608 = ORIENTED_EDGE ( 'NONE', *, *, #8449, .T. ) ;
#8609 = LINE ( 'NONE', #1252, #8183 ) ;
#8610 = ORIENTED_EDGE ( 'NONE', *, *, #10009, .T. ) ;
#8611 = COLOUR_RGB ( '',0.7529411764705882248, 0.7529411764705882248, 0.7529411764705882248 ) ;
#8612 = CARTESIAN_POINT ( 'NONE',  ( 2.969999999999999751, 0.1823257994792188419, 2.542325799479218773 ) ) ;
#8613 = PRESENTATION_STYLE_ASSIGNMENT (( #6098 ) ) ;
#8614 = EDGE_LOOP ( 'NONE', ( #5177, #3326, #6888, #35 ) ) ;
#8615 = EDGE_CURVE ( 'NONE', #7428, #1533, #9003, .T. ) ;
#8616 =( NAMED_UNIT ( * ) SI_UNIT ( $, .STERADIAN. ) SOLID_ANGLE_UNIT ( ) );
#8617 = DIRECTION ( 'NONE',  ( 0.000000000000000000, 0.000000000000000000, 1.000000000000000000 ) ) ;
#8618 = ORIENTED_EDGE ( 'NONE', *, *, #3348, .T. ) ;
#8619 = ORIENTED_EDGE ( 'NONE', *, *, #62, .F. ) ;
#8620 = DIRECTION ( 'NONE',  ( -1.000000000000000000, -0.000000000000000000, -0.000000000000000000 ) ) ;
#8621 = PLANE ( 'NONE',  #10110 ) ;
#8622 = CARTESIAN_POINT ( 'NONE',  ( -1.700000000000001066, 0.1000000000000000056, -2.542325799479218773 ) ) ;
#8623 = VERTEX_POINT ( 'NONE', #4156 ) ;
#8624 = EDGE_CURVE ( 'NONE', #1296, #7761, #2837, .T. ) ;
#8625 = FILL_AREA_STYLE ('',( #6223 ) ) ;
#8626 = ORIENTED_EDGE ( 'NONE', *, *, #9610, .T. ) ;
#8627 = PRESENTATION_STYLE_ASSIGNMENT (( #9317 ) ) ;
#8628 = SURFACE_STYLE_FILL_AREA ( #8787 ) ;
#8629 = VERTEX_POINT ( 'NONE', #7344 ) ;
#8630 = CARTESIAN_POINT ( 'NONE',  ( 2.109999999999999432, 0.1000000000000000056, -3.000000000000000000 ) ) ;
#8631 = FILL_AREA_STYLE_COLOUR ( '', #7972 ) ;
#8632 = ORIENTED_EDGE ( 'NONE', *, *, #1335, .T. ) ;
#8633 = EDGE_CURVE ( 'NONE', #5423, #8557, #2338, .T. ) ;
#8634 = SURFACE_STYLE_FILL_AREA ( #5363 ) ;
#8635 =( NAMED_UNIT ( * ) SI_UNIT ( $, .STERADIAN. ) SOLID_ANGLE_UNIT ( ) );
#8636 =( NAMED_UNIT ( * ) SI_UNIT ( $, .STERADIAN. ) SOLID_ANGLE_UNIT ( ) );
#8637 = VERTEX_POINT ( 'NONE', #4043 ) ;
#8638 = ORIENTED_EDGE ( 'NONE', *, *, #3555, .F. ) ;
#8639 = VERTEX_POINT ( 'NONE', #6596 ) ;
#8640 = DIRECTION ( 'NONE',  ( -1.000000000000000000, -0.000000000000000000, -0.000000000000000000 ) ) ;
#8641 = ORIENTED_EDGE ( 'NONE', *, *, #845, .F. ) ;
#8642 = FILL_AREA_STYLE_COLOUR ( '', #2445 ) ;
#8643 = VECTOR ( 'NONE', #5215, 1000.000000000000000 ) ;
#8644 = DIRECTION ( 'NONE',  ( 0.000000000000000000, 0.000000000000000000, 1.000000000000000000 ) ) ;
#8645 = EDGE_CURVE ( 'NONE', #3385, #7236, #9830, .T. ) ;
#8646 = CARTESIAN_POINT ( 'NONE',  ( -0.4300000000000007150, 0.9249999999999998224, 2.177674200520781422 ) ) ;
#8647 = CARTESIAN_POINT ( 'NONE',  ( 2.109999999999999432, 0.1000000000000000056, 3.000000000000000000 ) ) ;
#8648 =( LENGTH_UNIT ( ) NAMED_UNIT ( * ) SI_UNIT ( .MILLI., .METRE. ) );
#8649 = VERTEX_POINT ( 'NONE', #2611 ) ;
#8650 = DIRECTION ( 'NONE',  ( 1.000000000000000000, 0.000000000000000000, 0.000000000000000000 ) ) ;
#8651 = VERTEX_POINT ( 'NONE', #1769 ) ;
#8652 = STYLED_ITEM ( 'NONE', ( #1982 ), #807 ) ;
#8653 = FILL_AREA_STYLE ('',( #5431 ) ) ;
#8654 = ADVANCED_FACE ( 'NONE', ( #8304 ), #4979, .F. ) ;
#8655 = DIRECTION ( 'NONE',  ( -1.000000000000000000, -0.000000000000000000, -0.000000000000000000 ) ) ;
#8656 = UNCERTAINTY_MEASURE_WITH_UNIT (LENGTH_MEASURE( 1.000000000000000082E-05 ), #5566, 'distance_accuracy_value', 'NONE');
#8657 = CARTESIAN_POINT ( 'NONE',  ( -2.110000000000000764, 0.6426742005207811692, -2.459999999999999964 ) ) ;
#8658 = CIRCLE ( 'NONE', #2596, 0.08232579947921878083 ) ;
#8659 = VECTOR ( 'NONE', #405, 1000.000000000000000 ) ;
#8660 = CYLINDRICAL_SURFACE ( 'NONE', #2261, 0.08232579947921878083 ) ;
#8661 = MECHANICAL_DESIGN_GEOMETRIC_PRESENTATION_REPRESENTATION (  '', ( #1753 ), #4954 ) ;
#8662 = CARTESIAN_POINT ( 'NONE',  ( -1.700000000000001066, 0.6426742005207811692, -2.177674200520781422 ) ) ;
#8663 =( NAMED_UNIT ( * ) SI_UNIT ( $, .STERADIAN. ) SOLID_ANGLE_UNIT ( ) );
#8664 = ORIENTED_EDGE ( 'NONE', *, *, #8254, .T. ) ;
#8665 = ADVANCED_FACE ( 'NONE', ( #4886 ), #7800, .F. ) ;
#8666 = EDGE_CURVE ( 'NONE', #3145, #6018, #3807, .T. ) ;
#8667 = SURFACE_STYLE_USAGE ( .BOTH. , #3124 ) ;
#8668 = ORIENTED_EDGE ( 'NONE', *, *, #3832, .F. ) ;
#8669 = DIRECTION ( 'NONE',  ( -0.000000000000000000, -1.000000000000000000, -0.000000000000000000 ) ) ;
#8670 = CARTESIAN_POINT ( 'NONE',  ( 3.379999999999999449, 0.1000000000000000056, 3.000000000000000000 ) ) ;
#8671 = CARTESIAN_POINT ( 'NONE',  ( -2.970000000000000639, 0.1823257994792188419, 2.542325799479218773 ) ) ;
#8672 = AXIS2_PLACEMENT_3D ( 'NONE', #9194, #5267, #4336 ) ;
#8673 = EDGE_CURVE ( 'NONE', #4271, #4906, #3067, .T. ) ;
#8674 = CARTESIAN_POINT ( 'NONE',  ( 2.109999999999999432, -0.1000000000000000056, 2.542325799479218773 ) ) ;
#8675 = DIRECTION ( 'NONE',  ( 0.000000000000000000, 0.000000000000000000, 1.000000000000000000 ) ) ;
#8676 = FILL_AREA_STYLE ('',( #1550 ) ) ;
#8677 = ORIENTED_EDGE ( 'NONE', *, *, #6002, .T. ) ;
#8678 = PRESENTATION_LAYER_ASSIGNMENT (  '', '', ( #7632 ) ) ;
#8679 =( NAMED_UNIT ( * ) PLANE_ANGLE_UNIT ( ) SI_UNIT ( $, .RADIAN. ) );
#8680 = PRESENTATION_LAYER_ASSIGNMENT (  '', '', ( #6632 ) ) ;
#8681 =( NAMED_UNIT ( * ) SI_UNIT ( $, .STERADIAN. ) SOLID_ANGLE_UNIT ( ) );
#8682 = ORIENTED_EDGE ( 'NONE', *, *, #1492, .F. ) ;
#8683 = CARTESIAN_POINT ( 'NONE',  ( 0.8399999999999996358, 0.6426742005207811692, 2.177674200520781422 ) ) ;
#8684 = DIRECTION ( 'NONE',  ( 0.000000000000000000, 0.000000000000000000, -1.000000000000000000 ) ) ;
#8685 = DIRECTION ( 'NONE',  ( 0.000000000000000000, -1.000000000000000000, 0.000000000000000000 ) ) ;
#8686 = EDGE_CURVE ( 'NONE', #7967, #9841, #8554, .T. ) ;
#8687 = SURFACE_STYLE_USAGE ( .BOTH. , #7713 ) ;
#8688 = AXIS2_PLACEMENT_3D ( 'NONE', #322, #8188, #946 ) ;
#8689 = AXIS2_PLACEMENT_3D ( 'NONE', #4219, #175, #3261 ) ;
#8690 = SURFACE_STYLE_FILL_AREA ( #2457 ) ;
#8691 = CLOSED_SHELL ( 'NONE', ( #8143, #3277, #6343, #8505, #8393, #779, #452, #6254, #8759, #3046, #6640, #3030, #6529, #27, #8017, #10005, #7547, #9897, #583, #5567, #5565, #5197, #9753, #6938, #5533, #9434, #5374, #2403, #2750, #3569, #6132, #5552, #9143, #4003, #317, #6052, #225, #98, #2585, #2702, #213, #6787, #5462, #5475, #3245, #3828, #7285, #3317, #1361, #5013, #1114, #1443, #5897, #10346, #442, #823, #10382, #1751, #1219, #1166, #10058, #8018, #6776, #8440, #2382, #1580, #2866, #9440, #6880, #5852, #5738, #7580, #9300, #8164, #4052, #9764, #1715, #7391, #1378, #4692, #6612, #8331, #4222, #10263, #5788, #237, #375, #5855, #3684, #9807, #8531, #2813, #6051, #7610, #8799, #10330, #8406, #3338, #5519, #1323, #7021, #5995, #8824, #3159, #8601, #2475, #7438, #8796, #3950, #8967, #10322, #4499, #6491, #469, #9394, #6800, #3596, #329, #2355, #1344, #5362, #2315, #2734, #5345, #2543, #9967, #5261, #1644, #8153, #9050, #2059, #6684, #807, #1709, #1408, #7939, #8665, #1740, #4456, #1097, #4394, #7033, #8989, #7770, #3766, #4570, #1625, #235, #4961, #1148, #1428, #156, #8481, #10115, #4257, #4617, #9184, #7870, #2119, #6424, #4600, #6173, #5546, #3933, #5806, #2590, #9599, #4922, #4939, #4342, #3115, #690, #7652, #360, #6489, #894, #8654, #1701, #1727, #406, #8892, #7418, #6742, #4314, #4728, #4487, #9827, #2965, #6540, #8704, #3098, #3160, #4451, #6955, #4594, #201, #8926, #5908, #9876, #6868, #9229, #5615, #5876, #2194, #493, #6927, #3759, #9133, #2841, #8775, #1452, #8905, #5120, #5151, #2679, #6358, #7670, #1949, #2048, #8882, #1803, #3469, #5585, #7334 ) ) ;
#8692 = AXIS2_PLACEMENT_3D ( 'NONE', #7508, #8436, #6728 ) ;
#8693 = DIRECTION ( 'NONE',  ( 0.000000000000000000, -0.000000000000000000, 1.000000000000000000 ) ) ;
#8694 = CARTESIAN_POINT ( 'NONE',  ( -0.4300000000000007150, 0.7249999999999999778, 2.000000000000000000 ) ) ;
#8695 = CARTESIAN_POINT ( 'NONE',  ( 2.109999999999999432, 0.6426742005207811692, 2.177674200520781422 ) ) ;
#8696 = ORIENTED_EDGE ( 'NONE', *, *, #4142, .F. ) ;
#8697 = VECTOR ( 'NONE', #8383, 1000.000000000000000 ) ;
#8698 = CARTESIAN_POINT ( 'NONE',  ( 0.8399999999999996358, 0.7249999999999998668, 2.177674200520781422 ) ) ;
#8699 = EDGE_LOOP ( 'NONE', ( #5468, #3594, #2846, #4672 ) ) ;
#8700 = COLOUR_RGB ( '',0.7529411764705882248, 0.7529411764705882248, 0.7529411764705882248 ) ;
#8701 = EDGE_LOOP ( 'NONE', ( #4494, #3652, #7582, #8721 ) ) ;
#8702 = UNCERTAINTY_MEASURE_WITH_UNIT (LENGTH_MEASURE( 1.000000000000000082E-05 ), #8305, 'distance_accuracy_value', 'NONE');
#8703 = CARTESIAN_POINT ( 'NONE',  ( -0.8400000000000005240, -0.1000000000000000056, 3.000000000000000000 ) ) ;
#8704 = ADVANCED_FACE ( 'NONE', ( #2220 ), #10194, .F. ) ;
#8705 = UNCERTAINTY_MEASURE_WITH_UNIT (LENGTH_MEASURE( 1.000000000000000082E-05 ), #6898, 'distance_accuracy_value', 'NONE');
#8706 =( NAMED_UNIT ( * ) PLANE_ANGLE_UNIT ( ) SI_UNIT ( $, .RADIAN. ) );
#8707 = VECTOR ( 'NONE', #6402, 1000.000000000000000 ) ;
#8708 = LINE ( 'NONE', #787, #3314 ) ;
#8709 = VECTOR ( 'NONE', #9721, 1000.000000000000000 ) ;
#8710 = CARTESIAN_POINT ( 'NONE',  ( 4.649999999999999467, 0.6426742005207811692, 2.177674200520781422 ) ) ;
#8711 =( GEOMETRIC_REPRESENTATION_CONTEXT ( 3 ) GLOBAL_UNCERTAINTY_ASSIGNED_CONTEXT ( ( #3130 ) ) GLOBAL_UNIT_ASSIGNED_CONTEXT ( ( #3892, #6279, #8635 ) ) REPRESENTATION_CONTEXT ( 'NONE', 'WORKASPACE' ) );
#8712 = ORIENTED_EDGE ( 'NONE', *, *, #6301, .F. ) ;
#8713 =( NAMED_UNIT ( * ) PLANE_ANGLE_UNIT ( ) SI_UNIT ( $, .RADIAN. ) );
#8714 = EDGE_CURVE ( 'NONE', #310, #5558, #6521, .T. ) ;
#8715 = LINE ( 'NONE', #7857, #6628 ) ;
#8716 = EDGE_CURVE ( 'NONE', #1932, #5469, #5172, .T. ) ;
#8717 =( NAMED_UNIT ( * ) SI_UNIT ( $, .STERADIAN. ) SOLID_ANGLE_UNIT ( ) );
#8718 =( NAMED_UNIT ( * ) PLANE_ANGLE_UNIT ( ) SI_UNIT ( $, .RADIAN. ) );
#8719 = PLANE ( 'NONE',  #1210 ) ;
#8720 = CARTESIAN_POINT ( 'NONE',  ( -2.110000000000000764, 0.1823257994792188419, -2.542325799479218773 ) ) ;
#8721 = ORIENTED_EDGE ( 'NONE', *, *, #3265, .T. ) ;
#8722 = ORIENTED_EDGE ( 'NONE', *, *, #701, .F. ) ;
#8723 = ORIENTED_EDGE ( 'NONE', *, *, #995, .T. ) ;
#8724 = PRESENTATION_STYLE_ASSIGNMENT (( #1269 ) ) ;
#8725 = CARTESIAN_POINT ( 'NONE',  ( 4.933875012134158133, 1.325013441505971779, 1.933875012134159022 ) ) ;
#8726 = SURFACE_STYLE_USAGE ( .BOTH. , #7934 ) ;
#8727 = UNCERTAINTY_MEASURE_WITH_UNIT (LENGTH_MEASURE( 1.000000000000000082E-05 ), #6348, 'distance_accuracy_value', 'NONE');
#8728 = VECTOR ( 'NONE', #1720, 1000.000000000000000 ) ;
#8729 = EDGE_CURVE ( 'NONE', #1703, #10015, #7973, .T. ) ;
#8730 = CARTESIAN_POINT ( 'NONE',  ( -1.700000000000001066, -0.1000000000000000056, 2.542325799479218773 ) ) ;
#8731 = LINE ( 'NONE', #1549, #5106 ) ;
#8732 = ORIENTED_EDGE ( 'NONE', *, *, #119, .F. ) ;
#8733 = EDGE_LOOP ( 'NONE', ( #3673, #6708, #7643, #5209 ) ) ;
#8734 = SURFACE_STYLE_USAGE ( .BOTH. , #5454 ) ;
#8735 = PRESENTATION_LAYER_ASSIGNMENT (  '', '', ( #4506 ) ) ;
#8736 = CARTESIAN_POINT ( 'NONE',  ( 2.109999999999999432, 0.6426742005207811692, -2.177674200520781422 ) ) ;
#8737 = STYLED_ITEM ( 'NONE', ( #762 ), #8164 ) ;
#8738 = EDGE_LOOP ( 'NONE', ( #5039, #6731, #4032, #9701 ) ) ;
#8739 = SURFACE_STYLE_USAGE ( .BOTH. , #10154 ) ;
#8740 = SURFACE_STYLE_FILL_AREA ( #9532 ) ;
#8741 = CARTESIAN_POINT ( 'NONE',  ( 4.999999999999999112, 1.649999999999999911, 2.000000000000000000 ) ) ;
#8742 = PLANE ( 'NONE',  #5883 ) ;
#8743 = STYLED_ITEM ( 'NONE', ( #5663 ), #8440 ) ;
#8744 =( NAMED_UNIT ( * ) SI_UNIT ( $, .STERADIAN. ) SOLID_ANGLE_UNIT ( ) );
#8745 = AXIS2_PLACEMENT_3D ( 'NONE', #1679, #4167, #9013 ) ;
#8746 = EDGE_CURVE ( 'NONE', #5423, #6869, #2380, .T. ) ;
#8747 = PRESENTATION_STYLE_ASSIGNMENT (( #1395 ) ) ;
#8748 = CARTESIAN_POINT ( 'NONE',  ( 4.649999999999999467, 0.1000000000000000056, -3.000000000000000000 ) ) ;
#8749 = LINE ( 'NONE', #9064, #3706 ) ;
#8750 = ORIENTED_EDGE ( 'NONE', *, *, #294, .F. ) ;
#8751 =( NAMED_UNIT ( * ) PLANE_ANGLE_UNIT ( ) SI_UNIT ( $, .RADIAN. ) );
#8752 = PRESENTATION_LAYER_ASSIGNMENT (  '', '', ( #7908 ) ) ;
#8753 = CARTESIAN_POINT ( 'NONE',  ( 0.8399999999999996358, 0.1000000000000000056, 2.542325799479218773 ) ) ;
#8754 = VECTOR ( 'NONE', #1820, 1000.000000000000000 ) ;
#8755 = AXIS2_PLACEMENT_3D ( 'NONE', #6401, #4169, #4843 ) ;
#8756 =( NAMED_UNIT ( * ) PLANE_ANGLE_UNIT ( ) SI_UNIT ( $, .RADIAN. ) );
#8757 = PRESENTATION_STYLE_ASSIGNMENT (( #4532 ) ) ;
#8758 = ORIENTED_EDGE ( 'NONE', *, *, #9782, .T. ) ;
#8759 = ADVANCED_FACE ( 'NONE', ( #72 ), #5686, .T. ) ;
#8760 = CARTESIAN_POINT ( 'NONE',  ( -2.110000000000000764, 0.6426742005207811692, 2.260000000000000231 ) ) ;
#8761 = ORIENTED_EDGE ( 'NONE', *, *, #5891, .T. ) ;
#8762 = AXIS2_PLACEMENT_3D ( 'NONE', #7648, #8523, #467 ) ;
#8763 = SURFACE_SIDE_STYLE ('',( #4642 ) ) ;
#8764 = UNCERTAINTY_MEASURE_WITH_UNIT (LENGTH_MEASURE( 1.000000000000000082E-05 ), #3148, 'distance_accuracy_value', 'NONE');
#8765 = ORIENTED_EDGE ( 'NONE', *, *, #8254, .F. ) ;
#8766 = AXIS2_PLACEMENT_3D ( 'NONE', #1057, #1767, #6654 ) ;
#8767 = SURFACE_STYLE_FILL_AREA ( #3171 ) ;
#8768 = DIRECTION ( 'NONE',  ( -1.000000000000000000, -0.000000000000000000, -0.000000000000000000 ) ) ;
#8769 = CARTESIAN_POINT ( 'NONE',  ( -4.240000000000001101, 0.6426742005207811692, -2.459999999999999964 ) ) ;
#8770 = MECHANICAL_DESIGN_GEOMETRIC_PRESENTATION_REPRESENTATION (  '', ( #7735 ), #5388 ) ;
#8771 = DIRECTION ( 'NONE',  ( -1.000000000000000000, -0.000000000000000000, -0.000000000000000000 ) ) ;
#8772 = CARTESIAN_POINT ( 'NONE',  ( 0.8399999999999996358, 0.1000000000000000056, 2.542325799479218773 ) ) ;
#8773 = CYLINDRICAL_SURFACE ( 'NONE', #93, 0.08232579947921878083 ) ;
#8774 = ORIENTED_EDGE ( 'NONE', *, *, #6674, .F. ) ;
#8775 = ADVANCED_FACE ( 'NONE', ( #3230 ), #1072, .F. ) ;
#8776 = ORIENTED_EDGE ( 'NONE', *, *, #4920, .T. ) ;
#8777 =( NAMED_UNIT ( * ) SI_UNIT ( $, .STERADIAN. ) SOLID_ANGLE_UNIT ( ) );
#8778 = COLOUR_RGB ( '',0.7529411764705882248, 0.7529411764705882248, 0.7529411764705882248 ) ;
#8779 = ORIENTED_EDGE ( 'NONE', *, *, #6158, .T. ) ;
#8780 = LINE ( 'NONE', #8670, #2599 ) ;
#8781 = FILL_AREA_STYLE_COLOUR ( '', #5682 ) ;
#8782 = DIRECTION ( 'NONE',  ( -1.000000000000000000, -0.000000000000000000, -0.000000000000000000 ) ) ;
#8783 = EDGE_CURVE ( 'NONE', #6580, #8649, #4262, .T. ) ;
#8784 = FACE_BOUND ( 'NONE', #3863, .T. ) ;
#8785 = DIRECTION ( 'NONE',  ( 0.000000000000000000, 0.000000000000000000, 1.000000000000000000 ) ) ;
#8786 = CARTESIAN_POINT ( 'NONE',  ( -4.240000000000001101, 0.1823257994792188419, -2.542325799479218773 ) ) ;
#8787 = FILL_AREA_STYLE ('',( #7072 ) ) ;
#8788 = EDGE_CURVE ( 'NONE', #6814, #3075, #2676, .T. ) ;
#8789 = VERTEX_POINT ( 'NONE', #3574 ) ;
#8790 =( NAMED_UNIT ( * ) SI_UNIT ( $, .STERADIAN. ) SOLID_ANGLE_UNIT ( ) );
#8791 = FILL_AREA_STYLE ('',( #4929 ) ) ;
#8792 = SURFACE_STYLE_USAGE ( .BOTH. , #774 ) ;
#8793 = PLANE ( 'NONE',  #5843 ) ;
#8794 = DIRECTION ( 'NONE',  ( -0.000000000000000000, 1.000000000000000000, 0.000000000000000000 ) ) ;
#8795 = DIRECTION ( 'NONE',  ( 0.000000000000000000, -1.000000000000000000, 0.000000000000000000 ) ) ;
#8796 = ADVANCED_FACE ( 'NONE', ( #2724 ), #2772, .F. ) ;
#8797 = ORIENTED_EDGE ( 'NONE', *, *, #7076, .T. ) ;
#8798 = UNCERTAINTY_MEASURE_WITH_UNIT (LENGTH_MEASURE( 1.000000000000000082E-05 ), #5611, 'distance_accuracy_value', 'NONE');
#8799 = ADVANCED_FACE ( 'NONE', ( #1890 ), #5246, .F. ) ;
#8800 = LINE ( 'NONE', #19, #9586 ) ;
#8801 = CARTESIAN_POINT ( 'NONE',  ( -1.700000000000001066, 0.1823257994792188419, 2.542325799479218773 ) ) ;
#8802 = LINE ( 'NONE', #1474, #3471 ) ;
#8803 = VERTEX_POINT ( 'NONE', #4463 ) ;
#8804 = DIRECTION ( 'NONE',  ( -1.000000000000000000, -0.000000000000000000, -0.000000000000000000 ) ) ;
#8805 = ORIENTED_EDGE ( 'NONE', *, *, #10355, .F. ) ;
#8806 = UNCERTAINTY_MEASURE_WITH_UNIT (LENGTH_MEASURE( 1.000000000000000082E-05 ), #5050, 'distance_accuracy_value', 'NONE');
#8807 = DIRECTION ( 'NONE',  ( 0.000000000000000000, 0.000000000000000000, 1.000000000000000000 ) ) ;
#8808 = CARTESIAN_POINT ( 'NONE',  ( 4.649999999999999467, 0.6426742005207811692, 2.260000000000000231 ) ) ;
#8809 = LINE ( 'NONE', #1582, #3663 ) ;
#8810 = EDGE_CURVE ( 'NONE', #6018, #5309, #1651, .T. ) ;
#8811 = FACE_OUTER_BOUND ( 'NONE', #4670, .T. ) ;
#8812 = DIRECTION ( 'NONE',  ( -0.000000000000000000, -1.000000000000000000, -0.000000000000000000 ) ) ;
#8813 = SURFACE_STYLE_USAGE ( .BOTH. , #6363 ) ;
#8814 = CIRCLE ( 'NONE', #8142, 0.2823257994792188752 ) ;
#8815 = DIRECTION ( 'NONE',  ( 1.000000000000000000, 0.000000000000000000, 0.000000000000000000 ) ) ;
#8816 = STYLED_ITEM ( 'NONE', ( #1643 ), #2048 ) ;
#8817 = FILL_AREA_STYLE_COLOUR ( '', #7130 ) ;
#8818 = ORIENTED_EDGE ( 'NONE', *, *, #2420, .T. ) ;
#8819 = VECTOR ( 'NONE', #1558, 1000.000000000000000 ) ;
#8820 = ORIENTED_EDGE ( 'NONE', *, *, #4450, .T. ) ;
#8821 = ORIENTED_EDGE ( 'NONE', *, *, #8392, .F. ) ;
#8822 = DIRECTION ( 'NONE',  ( -1.000000000000000000, -0.000000000000000000, -0.000000000000000000 ) ) ;
#8823 = LINE ( 'NONE', #1596, #2502 ) ;
#8824 = ADVANCED_FACE ( 'NONE', ( #9322 ), #2082, .T. ) ;
#8825 = UNCERTAINTY_MEASURE_WITH_UNIT (LENGTH_MEASURE( 1.000000000000000082E-05 ), #544, 'distance_accuracy_value', 'NONE');
#8826 = STYLED_ITEM ( 'NONE', ( #8591 ), #6343 ) ;
#8827 =( LENGTH_UNIT ( ) NAMED_UNIT ( * ) SI_UNIT ( .MILLI., .METRE. ) );
#8828 = SURFACE_STYLE_USAGE ( .BOTH. , #2387 ) ;
#8829 = DIRECTION ( 'NONE',  ( -1.000000000000000000, -0.000000000000000000, -0.000000000000000000 ) ) ;
#8830 = LINE ( 'NONE', #6324, #6146 ) ;
#8831 = ORIENTED_EDGE ( 'NONE', *, *, #6002, .F. ) ;
#8832 =( LENGTH_UNIT ( ) NAMED_UNIT ( * ) SI_UNIT ( .MILLI., .METRE. ) );
#8833 = ORIENTED_EDGE ( 'NONE', *, *, #9794, .F. ) ;
#8834 = PRESENTATION_LAYER_ASSIGNMENT (  '', '', ( #2756 ) ) ;
#8835 = CIRCLE ( 'NONE', #7299, 0.2823257994792188752 ) ;
#8836 = STYLED_ITEM ( 'NONE', ( #6016 ), #6529 ) ;
#8837 = VECTOR ( 'NONE', #392, 1000.000000000000000 ) ;
#8838 = ORIENTED_EDGE ( 'NONE', *, *, #7855, .F. ) ;
#8839 = LINE ( 'NONE', #1609, #1681 ) ;
#8840 = STYLED_ITEM ( 'NONE', ( #9061 ), #4939 ) ;
#8841 = DIRECTION ( 'NONE',  ( -1.000000000000000000, -0.000000000000000000, -0.000000000000000000 ) ) ;
#8842 = SURFACE_SIDE_STYLE ('',( #4770 ) ) ;
#8843 = EDGE_CURVE ( 'NONE', #7282, #1381, #612, .T. ) ;
#8844 = CARTESIAN_POINT ( 'NONE',  ( 2.969999999999999751, -0.1000000000000000056, -2.542325799479218773 ) ) ;
#8845 = AXIS2_PLACEMENT_3D ( 'NONE', #9281, #2084, #6971 ) ;
#8846 = CARTESIAN_POINT ( 'NONE',  ( 1.699999999999999734, 0.1823257994792188419, -2.542325799479218773 ) ) ;
#8847 = PRESENTATION_LAYER_ASSIGNMENT (  '', '', ( #2425 ) ) ;
#8848 = CIRCLE ( 'NONE', #1772, 0.2823257994792188752 ) ;
#8849 = MECHANICAL_DESIGN_GEOMETRIC_PRESENTATION_REPRESENTATION (  '', ( #433 ), #6964 ) ;
#8850 = CARTESIAN_POINT ( 'NONE',  ( -0.4300000000000007150, 0.6426742005207811692, -2.459999999999999964 ) ) ;
#8851 = FILL_AREA_STYLE ('',( #7349 ) ) ;
#8852 = EDGE_LOOP ( 'NONE', ( #5210, #8489, #6830, #1921, #2928 ) ) ;
#8853 = ORIENTED_EDGE ( 'NONE', *, *, #7969, .T. ) ;
#8854 =( GEOMETRIC_REPRESENTATION_CONTEXT ( 3 ) GLOBAL_UNCERTAINTY_ASSIGNED_CONTEXT ( ( #6442 ) ) GLOBAL_UNIT_ASSIGNED_CONTEXT ( ( #855, #4919, #197 ) ) REPRESENTATION_CONTEXT ( 'NONE', 'WORKASPACE' ) );
#8855 = VECTOR ( 'NONE', #4105, 1000.000000000000000 ) ;
#8856 = FILL_AREA_STYLE ('',( #9069 ) ) ;
#8857 = MECHANICAL_DESIGN_GEOMETRIC_PRESENTATION_REPRESENTATION (  '', ( #9367 ), #10206 ) ;
#8858 = CARTESIAN_POINT ( 'NONE',  ( -4.650000000000000355, 0.1000000000000000056, -2.542325799479218773 ) ) ;
#8859 = MECHANICAL_DESIGN_GEOMETRIC_PRESENTATION_REPRESENTATION (  '', ( #8016 ), #2298 ) ;
#8860 = EDGE_CURVE ( 'NONE', #5054, #2686, #9435, .T. ) ;
#8861 = EDGE_CURVE ( 'NONE', #5242, #1268, #7768, .T. ) ;
#8862 = CARTESIAN_POINT ( 'NONE',  ( 1.699999999999999734, 0.6426742005207811692, -2.459999999999999964 ) ) ;
#8863 = CYLINDRICAL_SURFACE ( 'NONE', #7040, 0.08232579947921878083 ) ;
#8864 = SURFACE_STYLE_FILL_AREA ( #20 ) ;
#8865 = FILL_AREA_STYLE_COLOUR ( '', #5495 ) ;
#8866 = PRESENTATION_LAYER_ASSIGNMENT (  '', '', ( #10216 ) ) ;
#8867 = ORIENTED_EDGE ( 'NONE', *, *, #5384, .F. ) ;
#8868 = COLOUR_RGB ( '',0.7529411764705882248, 0.7529411764705882248, 0.7529411764705882248 ) ;
#8869 = ORIENTED_EDGE ( 'NONE', *, *, #7952, .F. ) ;
#8870 = CARTESIAN_POINT ( 'NONE',  ( 3.379999999999999449, 0.9250000000000000444, -2.000000000000000000 ) ) ;
#8871 = SURFACE_STYLE_FILL_AREA ( #3329 ) ;
#8872 = STYLED_ITEM ( 'NONE', ( #9724 ), #7391 ) ;
#8873 = AXIS2_PLACEMENT_3D ( 'NONE', #7329, #3495, #145 ) ;
#8874 =( GEOMETRIC_REPRESENTATION_CONTEXT ( 3 ) GLOBAL_UNCERTAINTY_ASSIGNED_CONTEXT ( ( #2374 ) ) GLOBAL_UNIT_ASSIGNED_CONTEXT ( ( #4997, #7363, #7206 ) ) REPRESENTATION_CONTEXT ( 'NONE', 'WORKASPACE' ) );
#8875 = CARTESIAN_POINT ( 'NONE',  ( 4.649999999999999467, 0.1000000000000000056, -2.542325799479218773 ) ) ;
#8876 = LINE ( 'NONE', #10349, #4807 ) ;
#8877 =( NAMED_UNIT ( * ) SI_UNIT ( $, .STERADIAN. ) SOLID_ANGLE_UNIT ( ) );
#8878 = DIRECTION ( 'NONE',  ( 0.000000000000000000, 0.000000000000000000, 1.000000000000000000 ) ) ;
#8879 = DIRECTION ( 'NONE',  ( 0.000000000000000000, -1.000000000000000000, 0.000000000000000000 ) ) ;
#8880 = ORIENTED_EDGE ( 'NONE', *, *, #7137, .F. ) ;
#8881 = UNCERTAINTY_MEASURE_WITH_UNIT (LENGTH_MEASURE( 1.000000000000000082E-05 ), #10303, 'distance_accuracy_value', 'NONE');
#8882 = ADVANCED_FACE ( 'NONE', ( #10155 ), #5359, .F. ) ;
#8883 = COLOUR_RGB ( '',0.7529411764705882248, 0.7529411764705882248, 0.7529411764705882248 ) ;
#8884 = ORIENTED_EDGE ( 'NONE', *, *, #4140, .F. ) ;
#8885 = CARTESIAN_POINT ( 'NONE',  ( -1.700000000000001066, 0.1823257994792188419, -2.459999999999999964 ) ) ;
#8886 = SURFACE_STYLE_FILL_AREA ( #7229 ) ;
#8887 = DIRECTION ( 'NONE',  ( -1.000000000000000000, -0.000000000000000000, -0.000000000000000000 ) ) ;
#8888 =( GEOMETRIC_REPRESENTATION_CONTEXT ( 3 ) GLOBAL_UNCERTAINTY_ASSIGNED_CONTEXT ( ( #5912 ) ) GLOBAL_UNIT_ASSIGNED_CONTEXT ( ( #1537, #5435, #8717 ) ) REPRESENTATION_CONTEXT ( 'NONE', 'WORKASPACE' ) );
#8889 = CARTESIAN_POINT ( 'NONE',  ( 4.240000000000000213, 0.6426742005207811692, 2.260000000000000231 ) ) ;
#8890 = DIRECTION ( 'NONE',  ( -1.000000000000000000, -0.000000000000000000, -0.000000000000000000 ) ) ;
#8891 = EDGE_LOOP ( 'NONE', ( #8722, #7715 ) ) ;
#8892 = ADVANCED_FACE ( 'NONE', ( #3044 ), #6230, .T. ) ;
#8893 = VERTEX_POINT ( 'NONE', #6 ) ;
#8894 = CARTESIAN_POINT ( 'NONE',  ( -2.110000000000000764, 0.7249999999999998668, 2.177674200520781422 ) ) ;
#8895 = COLOUR_RGB ( '',0.7529411764705882248, 0.7529411764705882248, 0.7529411764705882248 ) ;
#8896 = VECTOR ( 'NONE', #7642, 1000.000000000000000 ) ;
#8897 = PRESENTATION_STYLE_ASSIGNMENT (( #8792 ) ) ;
#8898 = CARTESIAN_POINT ( 'NONE',  ( -0.4300000000000007150, 0.6426742005207811692, -2.459999999999999964 ) ) ;
#8899 = DIRECTION ( 'NONE',  ( -0.000000000000000000, -1.000000000000000000, -0.000000000000000000 ) ) ;
#8900 = MECHANICAL_DESIGN_GEOMETRIC_PRESENTATION_REPRESENTATION (  '', ( #1485 ), #4516 ) ;
#8901 = FACE_OUTER_BOUND ( 'NONE', #3083, .T. ) ;
#8902 = DIRECTION ( 'NONE',  ( 1.000000000000000000, 0.000000000000000000, 0.000000000000000000 ) ) ;
#8903 = EDGE_CURVE ( 'NONE', #7475, #7629, #6429, .T. ) ;
#8904 = ORIENTED_EDGE ( 'NONE', *, *, #295, .F. ) ;
#8905 = ADVANCED_FACE ( 'NONE', ( #967 ), #8793, .F. ) ;
#8906 = LINE ( 'NONE', #4258, #6206 ) ;
#8907 = VERTEX_POINT ( 'NONE', #9627 ) ;
#8908 = LINE ( 'NONE', #9460, #7891 ) ;
#8909 = DIRECTION ( 'NONE',  ( 0.000000000000000000, 0.000000000000000000, 1.000000000000000000 ) ) ;
#8910 = UNCERTAINTY_MEASURE_WITH_UNIT (LENGTH_MEASURE( 1.000000000000000082E-05 ), #3865, 'distance_accuracy_value', 'NONE');
#8911 = LINE ( 'NONE', #2474, #5302 ) ;
#8912 = AXIS2_PLACEMENT_3D ( 'NONE', #3675, #2196, #9481 ) ;
#8913 = DIRECTION ( 'NONE',  ( -1.000000000000000000, 0.000000000000000000, 0.000000000000000000 ) ) ;
#8914 =( NAMED_UNIT ( * ) SI_UNIT ( $, .STERADIAN. ) SOLID_ANGLE_UNIT ( ) );
#8915 = AXIS2_PLACEMENT_3D ( 'NONE', #249, #9988, #7635 ) ;
#8916 = ORIENTED_EDGE ( 'NONE', *, *, #5628, .T. ) ;
#8917 = CARTESIAN_POINT ( 'NONE',  ( -0.4300000000000007150, 0.1000000000000000056, 2.542325799479218773 ) ) ;
#8918 = EDGE_LOOP ( 'NONE', ( #5597, #6855, #2021, #114 ) ) ;
#8919 = PLANE ( 'NONE',  #8692 ) ;
#8920 = EDGE_LOOP ( 'NONE', ( #5287, #7871, #8932, #2414 ) ) ;
#8921 = VECTOR ( 'NONE', #4148, 1000.000000000000000 ) ;
#8922 = UNCERTAINTY_MEASURE_WITH_UNIT (LENGTH_MEASURE( 1.000000000000000082E-05 ), #2922, 'distance_accuracy_value', 'NONE');
#8923 = SURFACE_STYLE_USAGE ( .BOTH. , #2485 ) ;
#8924 = COLOUR_RGB ( '',0.7529411764705882248, 0.7529411764705882248, 0.7529411764705882248 ) ;
#8925 = SURFACE_SIDE_STYLE ('',( #3378 ) ) ;
#8926 = ADVANCED_FACE ( 'NONE', ( #9678 ), #8057, .F. ) ;
#8927 = PLANE ( 'NONE',  #1568 ) ;
#8928 = CARTESIAN_POINT ( 'NONE',  ( 4.649999999999999467, 0.1000000000000000056, -3.000000000000000000 ) ) ;
#8929 = AXIS2_PLACEMENT_3D ( 'NONE', #5929, #377, #7719 ) ;
#8930 = LINE ( 'NONE', #10409, #8482 ) ;
#8931 = FILL_AREA_STYLE_COLOUR ( '', #2107 ) ;
#8932 = ORIENTED_EDGE ( 'NONE', *, *, #3450, .F. ) ;
#8933 = EDGE_CURVE ( 'NONE', #5165, #8437, #9410, .T. ) ;
#8934 = VERTEX_POINT ( 'NONE', #9108 ) ;
#8935 =( LENGTH_UNIT ( ) NAMED_UNIT ( * ) SI_UNIT ( .MILLI., .METRE. ) );
#8936 = VECTOR ( 'NONE', #3258, 999.9999999999998863 ) ;
#8937 = DIRECTION ( 'NONE',  ( -1.000000000000000000, -0.000000000000000000, -0.000000000000000000 ) ) ;
#8938 = FILL_AREA_STYLE ('',( #8243 ) ) ;
#8939 = EDGE_CURVE ( 'NONE', #6140, #2333, #2959, .T. ) ;
#8940 =( NAMED_UNIT ( * ) PLANE_ANGLE_UNIT ( ) SI_UNIT ( $, .RADIAN. ) );
#8941 = DIRECTION ( 'NONE',  ( 0.000000000000000000, 0.000000000000000000, 1.000000000000000000 ) ) ;
#8942 = FACE_OUTER_BOUND ( 'NONE', #3157, .T. ) ;
#8943 = PRESENTATION_LAYER_ASSIGNMENT (  '', '', ( #10122 ) ) ;
#8944 = ORIENTED_EDGE ( 'NONE', *, *, #1310, .F. ) ;
#8945 = VECTOR ( 'NONE', #2725, 999.9999999999998863 ) ;
#8946 = CARTESIAN_POINT ( 'NONE',  ( 0.8399999999999996358, 0.7249999999999999778, 2.000000000000000000 ) ) ;
#8947 = FACE_OUTER_BOUND ( 'NONE', #1606, .T. ) ;
#8948 = ORIENTED_EDGE ( 'NONE', *, *, #386, .F. ) ;
#8949 = LINE ( 'NONE', #1401, #3467 ) ;
#8950 = PLANE ( 'NONE',  #10106 ) ;
#8951 = CARTESIAN_POINT ( 'NONE',  ( 3.379999999999999449, 0.1823257994792188696, -2.259999999999999787 ) ) ;
#8952 = DIRECTION ( 'NONE',  ( 1.000000000000000000, 0.000000000000000000, 0.000000000000000000 ) ) ;
#8953 = AXIS2_PLACEMENT_3D ( 'NONE', #5756, #7295, #4982 ) ;
#8954 = PRESENTATION_STYLE_ASSIGNMENT (( #250 ) ) ;
#8955 = CYLINDRICAL_SURFACE ( 'NONE', #2444, 0.08232579947921878083 ) ;
#8956 = CARTESIAN_POINT ( 'NONE',  ( -2.970000000000000639, 0.6426742005207811692, 2.177674200520781422 ) ) ;
#8957 = DIRECTION ( 'NONE',  ( 0.000000000000000000, 0.000000000000000000, -1.000000000000000000 ) ) ;
#8958 = DIRECTION ( 'NONE',  ( 0.000000000000000000, 0.000000000000000000, -1.000000000000000000 ) ) ;
#8959 = SURFACE_STYLE_USAGE ( .BOTH. , #9795 ) ;
#8960 =( NAMED_UNIT ( * ) PLANE_ANGLE_UNIT ( ) SI_UNIT ( $, .RADIAN. ) );
#8961 = LINE ( 'NONE', #1561, #3896 ) ;
#8962 = DIRECTION ( 'NONE',  ( 0.000000000000000000, 0.000000000000000000, 1.000000000000000000 ) ) ;
#8963 = ORIENTED_EDGE ( 'NONE', *, *, #8729, .F. ) ;
#8964 = LINE ( 'NONE', #10246, #5534 ) ;
#8965 = FILL_AREA_STYLE_COLOUR ( '', #4029 ) ;
#8966 = FACE_OUTER_BOUND ( 'NONE', #6059, .T. ) ;
#8967 = ADVANCED_FACE ( 'NONE', ( #2754 ), #9352, .F. ) ;
#8968 = SURFACE_STYLE_FILL_AREA ( #2575 ) ;
#8969 =( LENGTH_UNIT ( ) NAMED_UNIT ( * ) SI_UNIT ( .MILLI., .METRE. ) );
#8970 = EDGE_LOOP ( 'NONE', ( #2510, #7421, #2250, #10286 ) ) ;
#8971 = CARTESIAN_POINT ( 'NONE',  ( -0.8400000000000005240, 0.1823257994792188419, -2.542325799479218773 ) ) ;
#8972 = ORIENTED_EDGE ( 'NONE', *, *, #10186, .F. ) ;
#8973 = LINE ( 'NONE', #1739, #7303 ) ;
#8974 = LINE ( 'NONE', #186, #8180 ) ;
#8975 = FACE_OUTER_BOUND ( 'NONE', #6906, .T. ) ;
#8976 = EDGE_CURVE ( 'NONE', #6284, #5242, #8566, .T. ) ;
#8977 = DIRECTION ( 'NONE',  ( 0.000000000000000000, -0.000000000000000000, -1.000000000000000000 ) ) ;
#8978 = DIRECTION ( 'NONE',  ( -1.000000000000000000, -0.000000000000000000, -0.000000000000000000 ) ) ;
#8979 = SURFACE_STYLE_FILL_AREA ( #6522 ) ;
#8980 = EDGE_CURVE ( 'NONE', #439, #22, #9407, .T. ) ;
#8981 = PLANE ( 'NONE',  #9867 ) ;
#8982 = ORIENTED_EDGE ( 'NONE', *, *, #4630, .T. ) ;
#8983 = SURFACE_SIDE_STYLE ('',( #4284 ) ) ;
#8984 = VECTOR ( 'NONE', #4619, 1000.000000000000000 ) ;
#8985 = STYLED_ITEM ( 'NONE', ( #6195 ), #690 ) ;
#8986 = CARTESIAN_POINT ( 'NONE',  ( -4.240000000000001101, -0.1000000000000000056, -3.000000000000000000 ) ) ;
#8987 = DIRECTION ( 'NONE',  ( 0.000000000000000000, 0.000000000000000000, -1.000000000000000000 ) ) ;
#8988 = VECTOR ( 'NONE', #693, 1000.000000000000000 ) ;
#8989 = ADVANCED_FACE ( 'NONE', ( #4249 ), #1056, .T. ) ;
#8990 = PRESENTATION_STYLE_ASSIGNMENT (( #1046 ) ) ;
#8991 = CARTESIAN_POINT ( 'NONE',  ( 0.8399999999999996358, 0.6426742005207811692, -2.260000000000000231 ) ) ;
#8992 = VERTEX_POINT ( 'NONE', #304 ) ;
#8993 = FILL_AREA_STYLE_COLOUR ( '', #5570 ) ;
#8994 = ORIENTED_EDGE ( 'NONE', *, *, #3059, .F. ) ;
#8995 = FILL_AREA_STYLE ('',( #204 ) ) ;
#8996 = DIRECTION ( 'NONE',  ( -0.000000000000000000, 1.000000000000000000, 0.000000000000000000 ) ) ;
#8997 =( GEOMETRIC_REPRESENTATION_CONTEXT ( 3 ) GLOBAL_UNCERTAINTY_ASSIGNED_CONTEXT ( ( #3840 ) ) GLOBAL_UNIT_ASSIGNED_CONTEXT ( ( #10006, #6133, #6041 ) ) REPRESENTATION_CONTEXT ( 'NONE', 'WORKASPACE' ) );
#8998 =( NAMED_UNIT ( * ) SI_UNIT ( $, .STERADIAN. ) SOLID_ANGLE_UNIT ( ) );
#8999 = DIRECTION ( 'NONE',  ( -0.000000000000000000, 1.000000000000000000, 0.000000000000000000 ) ) ;
#9000 = CARTESIAN_POINT ( 'NONE',  ( -3.380000000000000338, 0.1823257994792188419, -2.542325799479218773 ) ) ;
#9001 = UNCERTAINTY_MEASURE_WITH_UNIT (LENGTH_MEASURE( 1.000000000000000082E-05 ), #7063, 'distance_accuracy_value', 'NONE');
#9002 = CARTESIAN_POINT ( 'NONE',  ( 4.649999999999999467, 0.7249999999999998668, -2.177674200520781422 ) ) ;
#9003 = LINE ( 'NONE', #7435, #3849 ) ;
#9004 = DIRECTION ( 'NONE',  ( 0.000000000000000000, 0.000000000000000000, -1.000000000000000000 ) ) ;
#9005 = CARTESIAN_POINT ( 'NONE',  ( -1.700000000000001066, 0.9250000000000000444, 2.000000000000000000 ) ) ;
#9006 = CARTESIAN_POINT ( 'NONE',  ( 2.109999999999999432, -0.1000000000000000056, -2.542325799479218773 ) ) ;
#9007 = AXIS2_PLACEMENT_3D ( 'NONE', #9931, #4916, #7423 ) ;
#9008 = DIRECTION ( 'NONE',  ( 1.000000000000000000, 0.000000000000000000, 0.000000000000000000 ) ) ;
#9009 = DIRECTION ( 'NONE',  ( 0.000000000000000000, 0.000000000000000000, 1.000000000000000000 ) ) ;
#9010 = DIRECTION ( 'NONE',  ( -1.000000000000000000, -0.000000000000000000, -0.000000000000000000 ) ) ;
#9011 = VECTOR ( 'NONE', #9008, 1000.000000000000000 ) ;
#9012 = VERTEX_POINT ( 'NONE', #9944 ) ;
#9013 = DIRECTION ( 'NONE',  ( 0.000000000000000000, 0.000000000000000000, -1.000000000000000000 ) ) ;
#9014 = SURFACE_SIDE_STYLE ('',( #9802 ) ) ;
#9015 = UNCERTAINTY_MEASURE_WITH_UNIT (LENGTH_MEASURE( 1.000000000000000082E-05 ), #4094, 'distance_accuracy_value', 'NONE');
#9016 = COLOUR_RGB ( '',0.7529411764705882248, 0.7529411764705882248, 0.7529411764705882248 ) ;
#9017 = DIRECTION ( 'NONE',  ( 1.000000000000000000, 0.000000000000000000, -0.000000000000000000 ) ) ;
#9018 = COLOUR_RGB ( '',0.7529411764705882248, 0.7529411764705882248, 0.7529411764705882248 ) ;
#9019 = SURFACE_STYLE_FILL_AREA ( #2576 ) ;
#9020 = CYLINDRICAL_SURFACE ( 'NONE', #10352, 0.2823257994792188752 ) ;
#9021 = DIRECTION ( 'NONE',  ( 0.000000000000000000, 0.000000000000000000, -1.000000000000000000 ) ) ;
#9022 = ORIENTED_EDGE ( 'NONE', *, *, #5170, .F. ) ;
#9023 = COLOUR_RGB ( '',0.7529411764705882248, 0.7529411764705882248, 0.7529411764705882248 ) ;
#9024 = LINE ( 'NONE', #9702, #9368 ) ;
#9025 = AXIS2_PLACEMENT_3D ( 'NONE', #1481, #5434, #9551 ) ;
#9026 = VERTEX_POINT ( 'NONE', #4541 ) ;
#9027 = EDGE_CURVE ( 'NONE', #2109, #7510, #3739, .T. ) ;
#9028 = COLOUR_RGB ( '',0.7529411764705882248, 0.7529411764705882248, 0.7529411764705882248 ) ;
#9029 = STYLED_ITEM ( 'NONE', ( #3948 ), #9967 ) ;
#9030 = CARTESIAN_POINT ( 'NONE',  ( 0.000000000000000000, 0.000000000000000000, 0.000000000000000000 ) ) ;
#9031 = CARTESIAN_POINT ( 'NONE',  ( 0.8399999999999996358, 0.7249999999999999778, 2.000000000000000000 ) ) ;
#9032 = FILL_AREA_STYLE_COLOUR ( '', #727 ) ;
#9033 = DIRECTION ( 'NONE',  ( -1.000000000000000000, -0.000000000000000000, -0.000000000000000000 ) ) ;
#9034 = ORIENTED_EDGE ( 'NONE', *, *, #9534, .T. ) ;
#9035 = EDGE_CURVE ( 'NONE', #7771, #4848, #5848, .T. ) ;
#9036 = VECTOR ( 'NONE', #796, 1000.000000000000000 ) ;
#9037 = ORIENTED_EDGE ( 'NONE', *, *, #5777, .T. ) ;
#9038 = MECHANICAL_DESIGN_GEOMETRIC_PRESENTATION_REPRESENTATION (  '', ( #10216 ), #10388 ) ;
#9039 = CARTESIAN_POINT ( 'NONE',  ( 4.649999999999999467, 0.9250000000000000444, 2.000000000000000000 ) ) ;
#9040 = STYLED_ITEM ( 'NONE', ( #6006 ), #5567 ) ;
#9041 = FILL_AREA_STYLE_COLOUR ( '', #6941 ) ;
#9042 = VECTOR ( 'NONE', #4056, 1000.000000000000000 ) ;
#9043 = DIRECTION ( 'NONE',  ( -1.000000000000000000, -0.000000000000000000, -0.000000000000000000 ) ) ;
#9044 = DIRECTION ( 'NONE',  ( 0.000000000000000000, 0.000000000000000000, -1.000000000000000000 ) ) ;
#9045 = ORIENTED_EDGE ( 'NONE', *, *, #8450, .F. ) ;
#9046 = SURFACE_STYLE_FILL_AREA ( #1711 ) ;
#9047 = ORIENTED_EDGE ( 'NONE', *, *, #1754, .T. ) ;
#9048 = FACE_OUTER_BOUND ( 'NONE', #7069, .T. ) ;
#9049 = DIRECTION ( 'NONE',  ( 0.000000000000000000, 0.000000000000000000, -1.000000000000000000 ) ) ;
#9050 = ADVANCED_FACE ( 'NONE', ( #10404 ), #4855, .T. ) ;
#9051 =( NAMED_UNIT ( * ) PLANE_ANGLE_UNIT ( ) SI_UNIT ( $, .RADIAN. ) );
#9052 = DIRECTION ( 'NONE',  ( 0.000000000000000000, 0.000000000000000000, 1.000000000000000000 ) ) ;
#9053 = VECTOR ( 'NONE', #7089, 1000.000000000000000 ) ;
#9054 = CARTESIAN_POINT ( 'NONE',  ( -1.700000000000001066, 0.7249999999999999778, -2.000000000000000000 ) ) ;
#9055 = EDGE_CURVE ( 'NONE', #7722, #2371, #7505, .T. ) ;
#9056 =( NAMED_UNIT ( * ) SI_UNIT ( $, .STERADIAN. ) SOLID_ANGLE_UNIT ( ) );
#9057 = DIRECTION ( 'NONE',  ( 0.000000000000000000, 0.000000000000000000, -1.000000000000000000 ) ) ;
#9058 =( NAMED_UNIT ( * ) SI_UNIT ( $, .STERADIAN. ) SOLID_ANGLE_UNIT ( ) );
#9059 = FILL_AREA_STYLE_COLOUR ( '', #9900 ) ;
#9060 = FILL_AREA_STYLE ('',( #2464 ) ) ;
#9061 = PRESENTATION_STYLE_ASSIGNMENT (( #2033 ) ) ;
#9062 = CARTESIAN_POINT ( 'NONE',  ( 4.649999999999999467, 0.6426742005207811692, 2.459999999999999964 ) ) ;
#9063 = FACE_OUTER_BOUND ( 'NONE', #5960, .T. ) ;
#9064 = CARTESIAN_POINT ( 'NONE',  ( 4.240000000000000213, 0.1000000000000000056, -2.542325799479218773 ) ) ;
#9065 = VECTOR ( 'NONE', #9832, 1000.000000000000000 ) ;
#9066 = ORIENTED_EDGE ( 'NONE', *, *, #1287, .F. ) ;
#9067 = CARTESIAN_POINT ( 'NONE',  ( 2.109999999999999432, 0.7249999999999999778, 2.000000000000000000 ) ) ;
#9068 = EDGE_CURVE ( 'NONE', #4427, #6212, #7351, .T. ) ;
#9069 = FILL_AREA_STYLE_COLOUR ( '', #7720 ) ;
#9070 = CARTESIAN_POINT ( 'NONE',  ( 4.240000000000000213, 0.7249999999999999778, 2.000000000000000000 ) ) ;
#9071 = DIRECTION ( 'NONE',  ( 0.000000000000000000, 0.000000000000000000, 1.000000000000000000 ) ) ;
#9072 = STYLED_ITEM ( 'NONE', ( #5917 ), #8017 ) ;
#9073 = EDGE_CURVE ( 'NONE', #8893, #10284, #5582, .T. ) ;
#9074 = FILL_AREA_STYLE_COLOUR ( '', #9339 ) ;
#9075 = AXIS2_PLACEMENT_3D ( 'NONE', #6375, #5592, #7064 ) ;
#9076 = FILL_AREA_STYLE_COLOUR ( '', #2840 ) ;
#9077 = LINE ( 'NONE', #4469, #5773 ) ;
#9078 = CARTESIAN_POINT ( 'NONE',  ( -0.8400000000000005240, 0.1823257994792188419, 2.542325799479218773 ) ) ;
#9079 = ORIENTED_EDGE ( 'NONE', *, *, #8176, .T. ) ;
#9080 = LINE ( 'NONE', #937, #5635 ) ;
#9081 = ORIENTED_EDGE ( 'NONE', *, *, #1683, .T. ) ;
#9082 = EDGE_LOOP ( 'NONE', ( #1110, #8833, #9334, #811 ) ) ;
#9083 = COLOUR_RGB ( '',0.7529411764705882248, 0.7529411764705882248, 0.7529411764705882248 ) ;
#9084 = COLOUR_RGB ( '',0.7529411764705882248, 0.7529411764705882248, 0.7529411764705882248 ) ;
#9085 =( LENGTH_UNIT ( ) NAMED_UNIT ( * ) SI_UNIT ( .MILLI., .METRE. ) );
#9086 = AXIS2_PLACEMENT_3D ( 'NONE', #4940, #5433, #172 ) ;
#9087 = STYLED_ITEM ( 'NONE', ( #4298 ), #2866 ) ;
#9088 = LINE ( 'NONE', #1037, #7028 ) ;
#9089 = EDGE_CURVE ( 'NONE', #1932, #8907, #8809, .T. ) ;
#9090 = SURFACE_SIDE_STYLE ('',( #9137 ) ) ;
#9091 = DIRECTION ( 'NONE',  ( -1.000000000000000000, -0.000000000000000000, -0.000000000000000000 ) ) ;
#9092 = VERTEX_POINT ( 'NONE', #8769 ) ;
#9093 = COLOUR_RGB ( '',0.7529411764705882248, 0.7529411764705882248, 0.7529411764705882248 ) ;
#9094 = CARTESIAN_POINT ( 'NONE',  ( -0.8400000000000005240, 0.6426742005207811692, -2.177674200520781422 ) ) ;
#9095 = VECTOR ( 'NONE', #420, 1000.000000000000000 ) ;
#9096 = VECTOR ( 'NONE', #965, 1000.000000000000000 ) ;
#9097 = EDGE_CURVE ( 'NONE', #7182, #1402, #2218, .T. ) ;
#9098 = CARTESIAN_POINT ( 'NONE',  ( 0.8399999999999996358, 0.1823257994792188419, -2.542325799479218773 ) ) ;
#9099 =( GEOMETRIC_REPRESENTATION_CONTEXT ( 3 ) GLOBAL_UNCERTAINTY_ASSIGNED_CONTEXT ( ( #3795 ) ) GLOBAL_UNIT_ASSIGNED_CONTEXT ( ( #7354, #2622, #9750 ) ) REPRESENTATION_CONTEXT ( 'NONE', 'WORKASPACE' ) );
#9100 = LINE ( 'NONE', #8889, #4508 ) ;
#9101 = CARTESIAN_POINT ( 'NONE',  ( -1.700000000000001066, 0.1823257994792188696, 2.259999999999999787 ) ) ;
#9102 = VERTEX_POINT ( 'NONE', #7095 ) ;
#9103 = AXIS2_PLACEMENT_3D ( 'NONE', #9121, #5146, #5086 ) ;
#9104 = FACE_OUTER_BOUND ( 'NONE', #1860, .T. ) ;
#9105 = VERTEX_POINT ( 'NONE', #10347 ) ;
#9106 = CARTESIAN_POINT ( 'NONE',  ( 1.699999999999999734, 0.6426742005207811692, -2.459999999999999964 ) ) ;
#9107 = FACE_OUTER_BOUND ( 'NONE', #5019, .T. ) ;
#9108 = CARTESIAN_POINT ( 'NONE',  ( 3.379999999999999449, 0.1000000000000000056, 3.000000000000000000 ) ) ;
#9109 = UNCERTAINTY_MEASURE_WITH_UNIT (LENGTH_MEASURE( 1.000000000000000082E-05 ), #5056, 'distance_accuracy_value', 'NONE');
#9110 = PRESENTATION_STYLE_ASSIGNMENT (( #307 ) ) ;
#9111 = DIRECTION ( 'NONE',  ( -1.000000000000000000, -0.000000000000000000, -0.000000000000000000 ) ) ;
#9112 =( LENGTH_UNIT ( ) NAMED_UNIT ( * ) SI_UNIT ( .MILLI., .METRE. ) );
#9113 = VECTOR ( 'NONE', #6563, 1000.000000000000000 ) ;
#9114 = DIRECTION ( 'NONE',  ( 0.000000000000000000, 0.000000000000000000, -1.000000000000000000 ) ) ;
#9115 = ORIENTED_EDGE ( 'NONE', *, *, #6903, .T. ) ;
#9116 = DIRECTION ( 'NONE',  ( 0.000000000000000000, 0.000000000000000000, -1.000000000000000000 ) ) ;
#9117 = EDGE_CURVE ( 'NONE', #9332, #6130, #4335, .T. ) ;
#9118 = CARTESIAN_POINT ( 'NONE',  ( -2.110000000000000764, 0.1823257994792188696, -2.259999999999999787 ) ) ;
#9119 = LINE ( 'NONE', #9950, #1083 ) ;
#9120 = ORIENTED_EDGE ( 'NONE', *, *, #7189, .T. ) ;
#9121 = CARTESIAN_POINT ( 'NONE',  ( -0.4300000000000007150, 0.1823257994792188419, 2.542325799479218773 ) ) ;
#9122 =( GEOMETRIC_REPRESENTATION_CONTEXT ( 3 ) GLOBAL_UNCERTAINTY_ASSIGNED_CONTEXT ( ( #5265 ) ) GLOBAL_UNIT_ASSIGNED_CONTEXT ( ( #7239, #6486, #9621 ) ) REPRESENTATION_CONTEXT ( 'NONE', 'WORKASPACE' ) );
#9123 = DIRECTION ( 'NONE',  ( 0.000000000000000000, 0.000000000000000000, 1.000000000000000000 ) ) ;
#9124 = DIRECTION ( 'NONE',  ( -0.000000000000000000, 1.000000000000000000, 0.000000000000000000 ) ) ;
#9125 = UNCERTAINTY_MEASURE_WITH_UNIT (LENGTH_MEASURE( 1.000000000000000082E-05 ), #854, 'distance_accuracy_value', 'NONE');
#9126 = DIRECTION ( 'NONE',  ( 0.000000000000000000, 0.000000000000000000, -1.000000000000000000 ) ) ;
#9127 = FILL_AREA_STYLE_COLOUR ( '', #9708 ) ;
#9128 = ORIENTED_EDGE ( 'NONE', *, *, #4679, .T. ) ;
#9129 = CARTESIAN_POINT ( 'NONE',  ( 4.649999999999999467, 0.6426742005207811692, 2.459999999999999964 ) ) ;
#9130 = ORIENTED_EDGE ( 'NONE', *, *, #5432, .T. ) ;
#9131 = ORIENTED_EDGE ( 'NONE', *, *, #8624, .T. ) ;
#9132 = VERTEX_POINT ( 'NONE', #8657 ) ;
#9133 = ADVANCED_FACE ( 'NONE', ( #3227 ), #2419, .T. ) ;
#9134 = PRESENTATION_STYLE_ASSIGNMENT (( #7608 ) ) ;
#9135 = CARTESIAN_POINT ( 'NONE',  ( 2.969999999999999751, -0.1000000000000000056, -2.542325799479218773 ) ) ;
#9136 =( NAMED_UNIT ( * ) SI_UNIT ( $, .STERADIAN. ) SOLID_ANGLE_UNIT ( ) );
#9137 = SURFACE_STYLE_FILL_AREA ( #1697 ) ;
#9138 =( LENGTH_UNIT ( ) NAMED_UNIT ( * ) SI_UNIT ( .MILLI., .METRE. ) );
#9139 =( NAMED_UNIT ( * ) PLANE_ANGLE_UNIT ( ) SI_UNIT ( $, .RADIAN. ) );
#9140 = ORIENTED_EDGE ( 'NONE', *, *, #3994, .T. ) ;
#9141 = FILL_AREA_STYLE_COLOUR ( '', #6289 ) ;
#9142 = ORIENTED_EDGE ( 'NONE', *, *, #1512, .T. ) ;
#9143 = ADVANCED_FACE ( 'NONE', ( #5837 ), #5779, .F. ) ;
#9144 = CARTESIAN_POINT ( 'NONE',  ( 0.000000000000000000, 1.649999999999999911, -1.876571113504073018 ) ) ;
#9145 = SURFACE_STYLE_FILL_AREA ( #9878 ) ;
#9146 = AXIS2_PLACEMENT_3D ( 'NONE', #1614, #4733, #5608 ) ;
#9147 = SURFACE_SIDE_STYLE ('',( #6901 ) ) ;
#9148 = LINE ( 'NONE', #199, #748 ) ;
#9149 = ORIENTED_EDGE ( 'NONE', *, *, #2452, .F. ) ;
#9150 = VERTEX_POINT ( 'NONE', #8132 ) ;
#9151 = DIRECTION ( 'NONE',  ( 0.000000000000000000, 0.000000000000000000, 1.000000000000000000 ) ) ;
#9152 = EDGE_CURVE ( 'NONE', #5574, #9469, #7464, .T. ) ;
#9153 = CIRCLE ( 'NONE', #2582, 0.2823257994792188752 ) ;
#9154 = CARTESIAN_POINT ( 'NONE',  ( 0.4299999999999998268, 0.6426742005207811692, -2.260000000000000231 ) ) ;
#9155 =( LENGTH_UNIT ( ) NAMED_UNIT ( * ) SI_UNIT ( .MILLI., .METRE. ) );
#9156 = DIRECTION ( 'NONE',  ( -1.000000000000000000, 0.000000000000000000, 0.000000000000000000 ) ) ;
#9157 = DIRECTION ( 'NONE',  ( -1.000000000000000000, -0.000000000000000000, -0.000000000000000000 ) ) ;
#9158 = DIRECTION ( 'NONE',  ( -0.000000000000000000, -1.000000000000000000, -0.000000000000000000 ) ) ;
#9159 = ORIENTED_EDGE ( 'NONE', *, *, #5272, .T. ) ;
#9160 = VECTOR ( 'NONE', #9157, 1000.000000000000000 ) ;
#9161 = SURFACE_STYLE_USAGE ( .BOTH. , #462 ) ;
#9162 = FILL_AREA_STYLE_COLOUR ( '', #7830 ) ;
#9163 = AXIS2_PLACEMENT_3D ( 'NONE', #10160, #6824, #5306 ) ;
#9164 = CARTESIAN_POINT ( 'NONE',  ( -4.240000000000001101, 0.1823257994792188419, 2.542325799479218773 ) ) ;
#9165 = VERTEX_POINT ( 'NONE', #4184 ) ;
#9166 = EDGE_CURVE ( 'NONE', #7656, #5094, #7265, .T. ) ;
#9167 =( NAMED_UNIT ( * ) SI_UNIT ( $, .STERADIAN. ) SOLID_ANGLE_UNIT ( ) );
#9168 = CARTESIAN_POINT ( 'NONE',  ( 3.379999999999999449, 0.1823257994792188696, -2.259999999999999787 ) ) ;
#9169 = CARTESIAN_POINT ( 'NONE',  ( -0.8400000000000005240, 0.7249999999999999778, 2.000000000000000000 ) ) ;
#9170 = FILL_AREA_STYLE_COLOUR ( '', #1986 ) ;
#9171 = VECTOR ( 'NONE', #3132, 1000.000000000000000 ) ;
#9172 = SURFACE_STYLE_USAGE ( .BOTH. , #5926 ) ;
#9173 = CIRCLE ( 'NONE', #1407, 0.2823257994792188752 ) ;
#9174 = DIRECTION ( 'NONE',  ( 0.000000000000000000, 0.000000000000000000, 1.000000000000000000 ) ) ;
#9175 = ORIENTED_EDGE ( 'NONE', *, *, #423, .F. ) ;
#9176 = COLOUR_RGB ( '',0.7529411764705882248, 0.7529411764705882248, 0.7529411764705882248 ) ;
#9177 = PRESENTATION_LAYER_ASSIGNMENT (  '', '', ( #7119 ) ) ;
#9178 =( LENGTH_UNIT ( ) NAMED_UNIT ( * ) SI_UNIT ( .MILLI., .METRE. ) );
#9179 = ORIENTED_EDGE ( 'NONE', *, *, #9089, .F. ) ;
#9180 = ORIENTED_EDGE ( 'NONE', *, *, #1138, .F. ) ;
#9181 = EDGE_LOOP ( 'NONE', ( #635, #8867, #7534, #3881, #4165, #738, #5847, #9787, #9115, #4128, #3582, #9316 ) ) ;
#9182 = PRESENTATION_LAYER_ASSIGNMENT (  '', '', ( #6790 ) ) ;
#9183 = MECHANICAL_DESIGN_GEOMETRIC_PRESENTATION_REPRESENTATION (  '', ( #5778 ), #4130 ) ;
#9184 = ADVANCED_FACE ( 'NONE', ( #8975 ), #8234, .T. ) ;
#9185 = SURFACE_STYLE_USAGE ( .BOTH. , #5939 ) ;
#9186 = FACE_OUTER_BOUND ( 'NONE', #6371, .T. ) ;
#9187 = MECHANICAL_DESIGN_GEOMETRIC_PRESENTATION_REPRESENTATION (  '', ( #1604 ), #4301 ) ;
#9188 = AXIS2_PLACEMENT_3D ( 'NONE', #10019, #532, #9965 ) ;
#9189 = CARTESIAN_POINT ( 'NONE',  ( 4.649999999999999467, 0.6426742005207811692, -2.459999999999999964 ) ) ;
#9190 = ORIENTED_EDGE ( 'NONE', *, *, #8298, .T. ) ;
#9191 = AXIS2_PLACEMENT_3D ( 'NONE', #10183, #9974, #9402 ) ;
#9192 = FACE_OUTER_BOUND ( 'NONE', #7296, .T. ) ;
#9193 = ORIENTED_EDGE ( 'NONE', *, *, #6568, .F. ) ;
#9194 = CARTESIAN_POINT ( 'NONE',  ( 0.8399999999999996358, 0.1823257994792188419, 2.542325799479218773 ) ) ;
#9195 = AXIS2_PLACEMENT_3D ( 'NONE', #4062, #4114, #885 ) ;
#9196 = SURFACE_SIDE_STYLE ('',( #2852 ) ) ;
#9197 =( NAMED_UNIT ( * ) PLANE_ANGLE_UNIT ( ) SI_UNIT ( $, .RADIAN. ) );
#9198 = EDGE_CURVE ( 'NONE', #4848, #4596, #1743, .T. ) ;
#9199 = DIRECTION ( 'NONE',  ( 0.000000000000000000, 0.000000000000000000, -1.000000000000000000 ) ) ;
#9200 = PRESENTATION_STYLE_ASSIGNMENT (( #2966 ) ) ;
#9201 = EDGE_LOOP ( 'NONE', ( #23, #5771, #429, #8400 ) ) ;
#9202 = VECTOR ( 'NONE', #9312, 1000.000000000000000 ) ;
#9203 = VECTOR ( 'NONE', #6858, 1000.000000000000000 ) ;
#9204 = MECHANICAL_DESIGN_GEOMETRIC_PRESENTATION_REPRESENTATION (  '', ( #6473 ), #1259 ) ;
#9205 = EDGE_LOOP ( 'NONE', ( #3557, #10092, #2293, #6378 ) ) ;
#9206 = SURFACE_STYLE_FILL_AREA ( #358 ) ;
#9207 = LINE ( 'NONE', #3350, #2678 ) ;
#9208 = DIRECTION ( 'NONE',  ( -0.000000000000000000, 0.000000000000000000, -1.000000000000000000 ) ) ;
#9209 = STYLED_ITEM ( 'NONE', ( #4900 ), #7547 ) ;
#9210 =( NAMED_UNIT ( * ) PLANE_ANGLE_UNIT ( ) SI_UNIT ( $, .RADIAN. ) );
#9211 = UNCERTAINTY_MEASURE_WITH_UNIT (LENGTH_MEASURE( 1.000000000000000082E-05 ), #3526, 'distance_accuracy_value', 'NONE');
#9212 = DIRECTION ( 'NONE',  ( -1.000000000000000000, 0.000000000000000000, 0.000000000000000000 ) ) ;
#9213 =( GEOMETRIC_REPRESENTATION_CONTEXT ( 3 ) GLOBAL_UNCERTAINTY_ASSIGNED_CONTEXT ( ( #7212 ) ) GLOBAL_UNIT_ASSIGNED_CONTEXT ( ( #7455, #2683, #9233 ) ) REPRESENTATION_CONTEXT ( 'NONE', 'WORKASPACE' ) );
#9214 = SURFACE_SIDE_STYLE ('',( #3454 ) ) ;
#9215 = EDGE_CURVE ( 'NONE', #6795, #5011, #475, .T. ) ;
#9216 = STYLED_ITEM ( 'NONE', ( #4547 ), #1949 ) ;
#9217 = ORIENTED_EDGE ( 'NONE', *, *, #6639, .T. ) ;
#9218 = FILL_AREA_STYLE_COLOUR ( '', #2765 ) ;
#9219 =( NAMED_UNIT ( * ) SI_UNIT ( $, .STERADIAN. ) SOLID_ANGLE_UNIT ( ) );
#9220 = ORIENTED_EDGE ( 'NONE', *, *, #7318, .F. ) ;
#9221 = CARTESIAN_POINT ( 'NONE',  ( 0.4299999999999998268, 0.6426742005207811692, -2.459999999999999964 ) ) ;
#9222 = CIRCLE ( 'NONE', #468, 0.2823257994792188752 ) ;
#9223 = CARTESIAN_POINT ( 'NONE',  ( -5.000000000000000888, 0.9499999999999816369, 2.000000000000000000 ) ) ;
#9224 = FILL_AREA_STYLE_COLOUR ( '', #3497 ) ;
#9225 = LINE ( 'NONE', #7410, #7737 ) ;
#9226 = EDGE_CURVE ( 'NONE', #7091, #6784, #5159, .T. ) ;
#9227 = PRESENTATION_STYLE_ASSIGNMENT (( #473 ) ) ;
#9228 = SURFACE_STYLE_FILL_AREA ( #7555 ) ;
#9229 = ADVANCED_FACE ( 'NONE', ( #334 ), #7515, .T. ) ;
#9230 = PLANE ( 'NONE',  #10173 ) ;
#9231 = VECTOR ( 'NONE', #9862, 1000.000000000000000 ) ;
#9232 = FACE_OUTER_BOUND ( 'NONE', #4384, .T. ) ;
#9233 =( NAMED_UNIT ( * ) SI_UNIT ( $, .STERADIAN. ) SOLID_ANGLE_UNIT ( ) );
#9234 = EDGE_LOOP ( 'NONE', ( #4551, #1476, #4768, #141 ) ) ;
#9235 =( LENGTH_UNIT ( ) NAMED_UNIT ( * ) SI_UNIT ( .MILLI., .METRE. ) );
#9236 = VERTEX_POINT ( 'NONE', #2229 ) ;
#9237 = ORIENTED_EDGE ( 'NONE', *, *, #2369, .T. ) ;
#9238 = DIRECTION ( 'NONE',  ( 0.000000000000000000, -1.000000000000000000, 0.000000000000000000 ) ) ;
#9239 = AXIS2_PLACEMENT_3D ( 'NONE', #2459, #5661, #1667 ) ;
#9240 = EDGE_CURVE ( 'NONE', #3778, #680, #6319, .T. ) ;
#9241 = LINE ( 'NONE', #1091, #9706 ) ;
#9242 = FACE_OUTER_BOUND ( 'NONE', #8277, .T. ) ;
#9243 = PLANE ( 'NONE',  #7237 ) ;
#9244 =( NAMED_UNIT ( * ) PLANE_ANGLE_UNIT ( ) SI_UNIT ( $, .RADIAN. ) );
#9245 = ORIENTED_EDGE ( 'NONE', *, *, #5656, .F. ) ;
#9246 = PRESENTATION_LAYER_ASSIGNMENT (  '', '', ( #1819 ) ) ;
#9247 = PRESENTATION_LAYER_ASSIGNMENT (  '', '', ( #3681 ) ) ;
#9248 = CARTESIAN_POINT ( 'NONE',  ( 0.8399999999999996358, 0.1000000000000000056, -2.542325799479218773 ) ) ;
#9249 = EDGE_CURVE ( 'NONE', #2247, #2204, #698, .T. ) ;
#9250 = ORIENTED_EDGE ( 'NONE', *, *, #678, .T. ) ;
#9251 = AXIS2_PLACEMENT_3D ( 'NONE', #7551, #9124, #2723 ) ;
#9252 = COLOUR_RGB ( '',0.2509803921568627416, 0.2509803921568627416, 0.2509803921568627416 ) ;
#9253 = CARTESIAN_POINT ( 'NONE',  ( -2.970000000000000639, 0.1823257994792188419, 2.459999999999999964 ) ) ;
#9254 = LINE ( 'NONE', #9144, #8012 ) ;
#9255 = VECTOR ( 'NONE', #610, 1000.000000000000000 ) ;
#9256 = CARTESIAN_POINT ( 'NONE',  ( 4.649999999999999467, 0.6426742005207811692, -2.177674200520781422 ) ) ;
#9257 = CARTESIAN_POINT ( 'NONE',  ( 4.649999999999999467, 0.6426742005207811692, -2.177674200520781422 ) ) ;
#9258 = ORIENTED_EDGE ( 'NONE', *, *, #2392, .T. ) ;
#9259 = EDGE_CURVE ( 'NONE', #5572, #6137, #9471, .T. ) ;
#9260 = COLOUR_RGB ( '',0.7529411764705882248, 0.7529411764705882248, 0.7529411764705882248 ) ;
#9261 = VECTOR ( 'NONE', #2534, 1000.000000000000000 ) ;
#9262 = ORIENTED_EDGE ( 'NONE', *, *, #9989, .T. ) ;
#9263 = MECHANICAL_DESIGN_GEOMETRIC_PRESENTATION_REPRESENTATION (  '', ( #6361 ), #9438 ) ;
#9264 = VECTOR ( 'NONE', #3819, 1000.000000000000000 ) ;
#9265 = CARTESIAN_POINT ( 'NONE',  ( 2.109999999999999876, 0.7249999999999999778, 2.000000000000000000 ) ) ;
#9266 = EDGE_CURVE ( 'NONE', #9963, #7865, #2318, .T. ) ;
#9267 = VECTOR ( 'NONE', #10209, 1000.000000000000000 ) ;
#9268 = MECHANICAL_DESIGN_GEOMETRIC_PRESENTATION_REPRESENTATION (  '', ( #7721 ), #7385 ) ;
#9269 = CARTESIAN_POINT ( 'NONE',  ( 0.4299999999999998268, 0.1000000000000000056, -2.542325799479218773 ) ) ;
#9270 = DIRECTION ( 'NONE',  ( -1.000000000000000000, -0.000000000000000000, -0.000000000000000000 ) ) ;
#9271 =( NAMED_UNIT ( * ) SI_UNIT ( $, .STERADIAN. ) SOLID_ANGLE_UNIT ( ) );
#9272 =( GEOMETRIC_REPRESENTATION_CONTEXT ( 3 ) GLOBAL_UNCERTAINTY_ASSIGNED_CONTEXT ( ( #6025 ) ) GLOBAL_UNIT_ASSIGNED_CONTEXT ( ( #3042, #7894, #7126 ) ) REPRESENTATION_CONTEXT ( 'NONE', 'WORKASPACE' ) );
#9273 = DIRECTION ( 'NONE',  ( 0.000000000000000000, -0.000000000000000000, 1.000000000000000000 ) ) ;
#9274 =( LENGTH_UNIT ( ) NAMED_UNIT ( * ) SI_UNIT ( .MILLI., .METRE. ) );
#9275 = ORIENTED_EDGE ( 'NONE', *, *, #6815, .T. ) ;
#9276 = PRESENTATION_LAYER_ASSIGNMENT (  '', '', ( #512 ) ) ;
#9277 = DIRECTION ( 'NONE',  ( -0.000000000000000000, -1.000000000000000000, -0.000000000000000000 ) ) ;
#9278 = LINE ( 'NONE', #3676, #9416 ) ;
#9279 =( NAMED_UNIT ( * ) SI_UNIT ( $, .STERADIAN. ) SOLID_ANGLE_UNIT ( ) );
#9280 = STYLED_ITEM ( 'NONE', ( #2672 ), #4499 ) ;
#9281 = CARTESIAN_POINT ( 'NONE',  ( 0.8399999999999996358, 0.9250000000000000444, 2.000000000000000000 ) ) ;
#9282 = EDGE_LOOP ( 'NONE', ( #151, #1451, #8880, #8353 ) ) ;
#9283 = CARTESIAN_POINT ( 'NONE',  ( 0.8399999999999996358, 0.6426742005207811692, 2.459999999999999964 ) ) ;
#9284 = ORIENTED_EDGE ( 'NONE', *, *, #1335, .F. ) ;
#9285 = MECHANICAL_DESIGN_GEOMETRIC_PRESENTATION_REPRESENTATION (  '', ( #10122 ), #8269 ) ;
#9286 = VERTEX_POINT ( 'NONE', #7873 ) ;
#9287 = VERTEX_POINT ( 'NONE', #4811 ) ;
#9288 = ORIENTED_EDGE ( 'NONE', *, *, #980, .F. ) ;
#9289 = EDGE_CURVE ( 'NONE', #8934, #8623, #8780, .T. ) ;
#9290 = FACE_OUTER_BOUND ( 'NONE', #6385, .T. ) ;
#9291 = ORIENTED_EDGE ( 'NONE', *, *, #6126, .F. ) ;
#9292 = DIRECTION ( 'NONE',  ( 0.000000000000000000, 0.000000000000000000, -1.000000000000000000 ) ) ;
#9293 = DIRECTION ( 'NONE',  ( 0.000000000000000000, 0.000000000000000000, 1.000000000000000000 ) ) ;
#9294 = FILL_AREA_STYLE_COLOUR ( '', #7048 ) ;
#9295 = FACE_OUTER_BOUND ( 'NONE', #10373, .T. ) ;
#9296 = ORIENTED_EDGE ( 'NONE', *, *, #5815, .T. ) ;
#9297 = FACE_OUTER_BOUND ( 'NONE', #8546, .T. ) ;
#9298 = EDGE_LOOP ( 'NONE', ( #1897, #1359, #4681, #288 ) ) ;
#9299 = UNCERTAINTY_MEASURE_WITH_UNIT (LENGTH_MEASURE( 1.000000000000000082E-05 ), #9671, 'distance_accuracy_value', 'NONE');
#9300 = ADVANCED_FACE ( 'NONE', ( #8044 ), #756, .T. ) ;
#9301 = CARTESIAN_POINT ( 'NONE',  ( 1.699999999999999734, 0.1823257994792188419, -2.542325799479218773 ) ) ;
#9302 = EDGE_CURVE ( 'NONE', #10014, #2207, #1761, .T. ) ;
#9303 =( NAMED_UNIT ( * ) SI_UNIT ( $, .STERADIAN. ) SOLID_ANGLE_UNIT ( ) );
#9304 = DIRECTION ( 'NONE',  ( 0.000000000000000000, 0.000000000000000000, -1.000000000000000000 ) ) ;
#9305 = DIRECTION ( 'NONE',  ( 0.000000000000000000, 0.000000000000000000, 1.000000000000000000 ) ) ;
#9306 = ORIENTED_EDGE ( 'NONE', *, *, #10040, .F. ) ;
#9307 = PRESENTATION_STYLE_ASSIGNMENT (( #3658 ) ) ;
#9308 = ORIENTED_EDGE ( 'NONE', *, *, #4738, .T. ) ;
#9309 = CARTESIAN_POINT ( 'NONE',  ( -5.000000000000000888, 0.9499999999999816369, 2.000000000000000000 ) ) ;
#9310 = EDGE_CURVE ( 'NONE', #2629, #4952, #6417, .T. ) ;
#9311 = UNCERTAINTY_MEASURE_WITH_UNIT (LENGTH_MEASURE( 1.000000000000000082E-05 ), #10044, 'distance_accuracy_value', 'NONE');
#9312 = DIRECTION ( 'NONE',  ( 0.000000000000000000, 1.000000000000000000, 0.000000000000000000 ) ) ;
#9313 = CARTESIAN_POINT ( 'NONE',  ( -4.876571113504074795, 0.000000000000000000, -2.000000000000000000 ) ) ;
#9314 = PLANE ( 'NONE',  #4861 ) ;
#9315 = DIRECTION ( 'NONE',  ( 0.000000000000000000, 0.000000000000000000, 1.000000000000000000 ) ) ;
#9316 = ORIENTED_EDGE ( 'NONE', *, *, #1138, .T. ) ;
#9317 = SURFACE_STYLE_USAGE ( .BOTH. , #8421 ) ;
#9318 = DIRECTION ( 'NONE',  ( 0.000000000000000000, 0.000000000000000000, 1.000000000000000000 ) ) ;
#9319 = ORIENTED_EDGE ( 'NONE', *, *, #9310, .T. ) ;
#9320 = SURFACE_STYLE_FILL_AREA ( #6078 ) ;
#9321 = FILL_AREA_STYLE_COLOUR ( '', #6516 ) ;
#9322 = FACE_OUTER_BOUND ( 'NONE', #3234, .T. ) ;
#9323 = EDGE_LOOP ( 'NONE', ( #3960, #9045, #4653, #8853 ) ) ;
#9324 = STYLED_ITEM ( 'NONE', ( #1770 ), #779 ) ;
#9325 = STYLED_ITEM ( 'NONE', ( #6524 ), #2059 ) ;
#9326 = FACE_OUTER_BOUND ( 'NONE', #1123, .T. ) ;
#9327 = CARTESIAN_POINT ( 'NONE',  ( 3.379999999999999449, 0.9250000000000000444, 2.000000000000000000 ) ) ;
#9328 = FACE_BOUND ( 'NONE', #4323, .T. ) ;
#9329 = EDGE_CURVE ( 'NONE', #310, #368, #5642, .T. ) ;
#9330 = SURFACE_SIDE_STYLE ('',( #6725 ) ) ;
#9331 = ORIENTED_EDGE ( 'NONE', *, *, #7189, .F. ) ;
#9332 = VERTEX_POINT ( 'NONE', #5063 ) ;
#9333 = PLANE ( 'NONE',  #1785 ) ;
#9334 = ORIENTED_EDGE ( 'NONE', *, *, #345, .T. ) ;
#9335 = CIRCLE ( 'NONE', #4774, 0.08232579947921878083 ) ;
#9336 = ORIENTED_EDGE ( 'NONE', *, *, #1287, .T. ) ;
#9337 = AXIS2_PLACEMENT_3D ( 'NONE', #9098, #8350, #7529 ) ;
#9338 = FILL_AREA_STYLE ('',( #332 ) ) ;
#9339 = COLOUR_RGB ( '',0.7529411764705882248, 0.7529411764705882248, 0.7529411764705882248 ) ;
#9340 = CARTESIAN_POINT ( 'NONE',  ( -2.110000000000000764, 0.6426742005207811692, 2.459999999999999964 ) ) ;
#9341 = SURFACE_STYLE_FILL_AREA ( #5103 ) ;
#9342 = SURFACE_SIDE_STYLE ('',( #3692 ) ) ;
#9343 = ORIENTED_EDGE ( 'NONE', *, *, #3722, .T. ) ;
#9344 = EDGE_CURVE ( 'NONE', #1703, #7629, #9874, .T. ) ;
#9345 = FILL_AREA_STYLE ('',( #1903 ) ) ;
#9346 = ORIENTED_EDGE ( 'NONE', *, *, #1100, .T. ) ;
#9347 = VECTOR ( 'NONE', #7556, 1000.000000000000000 ) ;
#9348 = DIRECTION ( 'NONE',  ( -0.000000000000000000, -1.000000000000000000, -0.000000000000000000 ) ) ;
#9349 = EDGE_LOOP ( 'NONE', ( #5544, #3705, #2175, #5441, #5904, #7884, #842, #6214, #4878, #548, #8618, #8479 ) ) ;
#9350 = AXIS2_PLACEMENT_3D ( 'NONE', #8850, #2523, #1620 ) ;
#9351 = CARTESIAN_POINT ( 'NONE',  ( -2.110000000000000764, 0.6426742005207811692, 2.260000000000000231 ) ) ;
#9352 = PLANE ( 'NONE',  #3680 ) ;
#9353 = PRESENTATION_LAYER_ASSIGNMENT (  '', '', ( #1205 ) ) ;
#9354 = COLOUR_RGB ( '',0.7529411764705882248, 0.7529411764705882248, 0.7529411764705882248 ) ;
#9355 = PRESENTATION_LAYER_ASSIGNMENT (  '', '', ( #10191 ) ) ;
#9356 = SURFACE_STYLE_USAGE ( .BOTH. , #9196 ) ;
#9357 = DIRECTION ( 'NONE',  ( 1.000000000000000000, 0.000000000000000000, 0.000000000000000000 ) ) ;
#9358 =( GEOMETRIC_REPRESENTATION_CONTEXT ( 3 ) GLOBAL_UNCERTAINTY_ASSIGNED_CONTEXT ( ( #4907 ) ) GLOBAL_UNIT_ASSIGNED_CONTEXT ( ( #6484, #2446, #5600 ) ) REPRESENTATION_CONTEXT ( 'NONE', 'WORKASPACE' ) );
#9359 = CARTESIAN_POINT ( 'NONE',  ( 2.109999999999999432, 0.1823257994792188696, -2.259999999999999787 ) ) ;
#9360 = FILL_AREA_STYLE ('',( #4438 ) ) ;
#9361 = EDGE_CURVE ( 'NONE', #8637, #5248, #3386, .T. ) ;
#9362 = ORIENTED_EDGE ( 'NONE', *, *, #5138, .F. ) ;
#9363 = EDGE_LOOP ( 'NONE', ( #5977, #8129, #1190, #4805 ) ) ;
#9364 = VECTOR ( 'NONE', #1911, 1000.000000000000000 ) ;
#9365 = VECTOR ( 'NONE', #1957, 1000.000000000000000 ) ;
#9366 = ORIENTED_EDGE ( 'NONE', *, *, #5236, .F. ) ;
#9367 = STYLED_ITEM ( 'NONE', ( #4048 ), #27 ) ;
#9368 = VECTOR ( 'NONE', #127, 1000.000000000000000 ) ;
#9369 = DIRECTION ( 'NONE',  ( 0.000000000000000000, -1.000000000000000000, 0.000000000000000000 ) ) ;
#9370 = CARTESIAN_POINT ( 'NONE',  ( -1.700000000000001066, 0.1823257994792188419, -2.542325799479218773 ) ) ;
#9371 = PLANE ( 'NONE',  #4645 ) ;
#9372 = VECTOR ( 'NONE', #1717, 1000.000000000000000 ) ;
#9373 = CARTESIAN_POINT ( 'NONE',  ( -0.4300000000000007150, 0.6426742005207811692, -2.177674200520781422 ) ) ;
#9374 = EDGE_LOOP ( 'NONE', ( #2862, #9291, #3604, #7520 ) ) ;
#9375 = VECTOR ( 'NONE', #3062, 1000.000000000000000 ) ;
#9376 = CARTESIAN_POINT ( 'NONE',  ( -2.110000000000000764, 0.1823257994792188419, -2.542325799479218773 ) ) ;
#9377 = CARTESIAN_POINT ( 'NONE',  ( -2.970000000000000639, 0.1000000000000000056, -2.542325799479218773 ) ) ;
#9378 = EDGE_CURVE ( 'NONE', #6730, #4575, #6953, .T. ) ;
#9379 = ORIENTED_EDGE ( 'NONE', *, *, #754, .T. ) ;
#9380 = DIRECTION ( 'NONE',  ( 0.000000000000000000, 0.000000000000000000, -1.000000000000000000 ) ) ;
#9381 =( NAMED_UNIT ( * ) SI_UNIT ( $, .STERADIAN. ) SOLID_ANGLE_UNIT ( ) );
#9382 = AXIS2_PLACEMENT_3D ( 'NONE', #3532, #1030, #8384 ) ;
#9383 = ORIENTED_EDGE ( 'NONE', *, *, #2235, .T. ) ;
#9384 = FILL_AREA_STYLE_COLOUR ( '', #6613 ) ;
#9385 =( LENGTH_UNIT ( ) NAMED_UNIT ( * ) SI_UNIT ( .MILLI., .METRE. ) );
#9386 = PRESENTATION_LAYER_ASSIGNMENT (  '', '', ( #6661 ) ) ;
#9387 = DIRECTION ( 'NONE',  ( 1.000000000000000000, 0.000000000000000000, -0.000000000000000000 ) ) ;
#9388 = SURFACE_SIDE_STYLE ('',( #3835 ) ) ;
#9389 = ORIENTED_EDGE ( 'NONE', *, *, #8565, .T. ) ;
#9390 = ORIENTED_EDGE ( 'NONE', *, *, #6197, .T. ) ;
#9391 = AXIS2_PLACEMENT_3D ( 'NONE', #8662, #5082, #9116 ) ;
#9392 =( NAMED_UNIT ( * ) SI_UNIT ( $, .STERADIAN. ) SOLID_ANGLE_UNIT ( ) );
#9393 = SURFACE_STYLE_FILL_AREA ( #3841 ) ;
#9394 = ADVANCED_FACE ( 'NONE', ( #1704 ), #8195, .F. ) ;
#9395 = CIRCLE ( 'NONE', #5668, 0.2823257994792188752 ) ;
#9396 = VECTOR ( 'NONE', #188, 1000.000000000000000 ) ;
#9397 = DIRECTION ( 'NONE',  ( 1.000000000000000000, 0.000000000000000000, 0.000000000000000000 ) ) ;
#9398 = FACE_OUTER_BOUND ( 'NONE', #6712, .T. ) ;
#9399 = SURFACE_SIDE_STYLE ('',( #686 ) ) ;
#9400 = ORIENTED_EDGE ( 'NONE', *, *, #7636, .T. ) ;
#9401 = ORIENTED_EDGE ( 'NONE', *, *, #9804, .T. ) ;
#9402 = DIRECTION ( 'NONE',  ( 0.000000000000000000, 0.000000000000000000, 1.000000000000000000 ) ) ;
#9403 = VERTEX_POINT ( 'NONE', #8094 ) ;
#9404 = STYLED_ITEM ( 'NONE', ( #3677 ), #8799 ) ;
#9405 = PRESENTATION_LAYER_ASSIGNMENT (  '', '', ( #2148 ) ) ;
#9406 = UNCERTAINTY_MEASURE_WITH_UNIT (LENGTH_MEASURE( 1.000000000000000082E-05 ), #8473, 'distance_accuracy_value', 'NONE');
#9407 = LINE ( 'NONE', #2659, #1828 ) ;
#9408 = EDGE_CURVE ( 'NONE', #3741, #7945, #4132, .T. ) ;
#9409 = CARTESIAN_POINT ( 'NONE',  ( 3.379999999999999449, 0.1823257994792188419, 2.542325799479218773 ) ) ;
#9410 = CIRCLE ( 'NONE', #4852, 0.08232579947921878083 ) ;
#9411 = DIRECTION ( 'NONE',  ( 1.000000000000000000, 0.000000000000000000, 0.000000000000000000 ) ) ;
#9412 = CARTESIAN_POINT ( 'NONE',  ( -1.700000000000001066, 0.7249999999999998668, -2.177674200520781422 ) ) ;
#9413 = DIRECTION ( 'NONE',  ( 0.000000000000000000, 0.000000000000000000, -1.000000000000000000 ) ) ;
#9414 = DIRECTION ( 'NONE',  ( -1.000000000000000000, -0.000000000000000000, -0.000000000000000000 ) ) ;
#9415 = ORIENTED_EDGE ( 'NONE', *, *, #8379, .F. ) ;
#9416 = VECTOR ( 'NONE', #5298, 1000.000000000000000 ) ;
#9417 = ORIENTED_EDGE ( 'NONE', *, *, #8615, .T. ) ;
#9418 = ORIENTED_EDGE ( 'NONE', *, *, #8583, .F. ) ;
#9419 = SURFACE_STYLE_USAGE ( .BOTH. , #6168 ) ;
#9420 = SURFACE_SIDE_STYLE ('',( #2973 ) ) ;
#9421 =( NAMED_UNIT ( * ) SI_UNIT ( $, .STERADIAN. ) SOLID_ANGLE_UNIT ( ) );
#9422 = EDGE_CURVE ( 'NONE', #368, #5054, #142, .T. ) ;
#9423 = AXIS2_PLACEMENT_3D ( 'NONE', #5458, #1285, #2080 ) ;
#9424 = CARTESIAN_POINT ( 'NONE',  ( -0.4300000000000007150, 0.1000000000000000056, -2.542325799479218773 ) ) ;
#9425 = DIRECTION ( 'NONE',  ( 0.000000000000000000, -0.000000000000000000, -1.000000000000000000 ) ) ;
#9426 = CARTESIAN_POINT ( 'NONE',  ( 2.109999999999999432, 0.1000000000000000056, 2.542325799479218773 ) ) ;
#9427 = ORIENTED_EDGE ( 'NONE', *, *, #3323, .T. ) ;
#9428 = COLOUR_RGB ( '',0.7529411764705882248, 0.7529411764705882248, 0.7529411764705882248 ) ;
#9429 =( LENGTH_UNIT ( ) NAMED_UNIT ( * ) SI_UNIT ( .MILLI., .METRE. ) );
#9430 =( GEOMETRIC_REPRESENTATION_CONTEXT ( 3 ) GLOBAL_UNCERTAINTY_ASSIGNED_CONTEXT ( ( #3801 ) ) GLOBAL_UNIT_ASSIGNED_CONTEXT ( ( #3091, #2879, #9381 ) ) REPRESENTATION_CONTEXT ( 'NONE', 'WORKASPACE' ) );
#9431 = ORIENTED_EDGE ( 'NONE', *, *, #16, .F. ) ;
#9432 = CARTESIAN_POINT ( 'NONE',  ( 3.379999999999999449, 0.7249999999999999778, 2.000000000000000000 ) ) ;
#9433 = CIRCLE ( 'NONE', #4030, 0.08232579947921878083 ) ;
#9434 = ADVANCED_FACE ( 'NONE', ( #3494 ), #2551, .F. ) ;
#9435 = LINE ( 'NONE', #4567, #7684 ) ;
#9436 = FACE_OUTER_BOUND ( 'NONE', #6415, .T. ) ;
#9437 = ORIENTED_EDGE ( 'NONE', *, *, #4399, .F. ) ;
#9438 =( GEOMETRIC_REPRESENTATION_CONTEXT ( 3 ) GLOBAL_UNCERTAINTY_ASSIGNED_CONTEXT ( ( #7010 ) ) GLOBAL_UNIT_ASSIGNED_CONTEXT ( ( #8174, #986, #9908 ) ) REPRESENTATION_CONTEXT ( 'NONE', 'WORKASPACE' ) );
#9439 = MECHANICAL_DESIGN_GEOMETRIC_PRESENTATION_REPRESENTATION (  '', ( #6373 ), #7729 ) ;
#9440 = ADVANCED_FACE ( 'NONE', ( #6153 ), #6740, .F. ) ;
#9441 = CARTESIAN_POINT ( 'NONE',  ( -4.650000000000000355, 0.1000000000000000056, -3.000000000000000000 ) ) ;
#9442 = COLOUR_RGB ( '',0.7529411764705882248, 0.7529411764705882248, 0.7529411764705882248 ) ;
#9443 =( LENGTH_UNIT ( ) NAMED_UNIT ( * ) SI_UNIT ( .MILLI., .METRE. ) );
#9444 = VERTEX_POINT ( 'NONE', #2061 ) ;
#9445 = ORIENTED_EDGE ( 'NONE', *, *, #6063, .T. ) ;
#9446 = COLOUR_RGB ( '',0.7529411764705882248, 0.7529411764705882248, 0.7529411764705882248 ) ;
#9447 = ORIENTED_EDGE ( 'NONE', *, *, #1918, .T. ) ;
#9448 =( NAMED_UNIT ( * ) PLANE_ANGLE_UNIT ( ) SI_UNIT ( $, .RADIAN. ) );
#9449 = UNCERTAINTY_MEASURE_WITH_UNIT (LENGTH_MEASURE( 1.000000000000000082E-05 ), #4110, 'distance_accuracy_value', 'NONE');
#9450 = AXIS2_PLACEMENT_3D ( 'NONE', #5907, #3608, #1113 ) ;
#9451 = DIRECTION ( 'NONE',  ( -1.000000000000000000, -0.000000000000000000, -0.000000000000000000 ) ) ;
#9452 = EDGE_CURVE ( 'NONE', #7496, #8651, #9975, .T. ) ;
#9453 = PRESENTATION_STYLE_ASSIGNMENT (( #8544 ) ) ;
#9454 = AXIS2_PLACEMENT_3D ( 'NONE', #9824, #5744, #3344 ) ;
#9455 = SURFACE_STYLE_FILL_AREA ( #3005 ) ;
#9456 = CARTESIAN_POINT ( 'NONE',  ( 0.8399999999999996358, 0.6426742005207811692, 2.260000000000000231 ) ) ;
#9457 = VERTEX_POINT ( 'NONE', #8344 ) ;
#9458 = PRESENTATION_STYLE_ASSIGNMENT (( #3958 ) ) ;
#9459 = VERTEX_POINT ( 'NONE', #7526 ) ;
#9460 = CARTESIAN_POINT ( 'NONE',  ( 4.649999999999999467, 0.9250000000000000444, 2.000000000000000000 ) ) ;
#9461 = PRESENTATION_STYLE_ASSIGNMENT (( #3854 ) ) ;
#9462 = DIRECTION ( 'NONE',  ( 0.000000000000000000, 1.000000000000000000, 0.000000000000000000 ) ) ;
#9463 = FILL_AREA_STYLE_COLOUR ( '', #4784 ) ;
#9464 = DIRECTION ( 'NONE',  ( 0.000000000000000000, 0.000000000000000000, 1.000000000000000000 ) ) ;
#9465 = FILL_AREA_STYLE_COLOUR ( '', #243 ) ;
#9466 = ORIENTED_EDGE ( 'NONE', *, *, #1035, .F. ) ;
#9467 = FILL_AREA_STYLE ('',( #8817 ) ) ;
#9468 = ORIENTED_EDGE ( 'NONE', *, *, #3669, .T. ) ;
#9469 = VERTEX_POINT ( 'NONE', #1149 ) ;
#9470 = VERTEX_POINT ( 'NONE', #2897 ) ;
#9471 = LINE ( 'NONE', #6374, #6847 ) ;
#9472 = CARTESIAN_POINT ( 'NONE',  ( -2.970000000000000639, -0.1000000000000000056, 3.000000000000000000 ) ) ;
#9473 = UNCERTAINTY_MEASURE_WITH_UNIT (LENGTH_MEASURE( 1.000000000000000082E-05 ), #7440, 'distance_accuracy_value', 'NONE');
#9474 = CARTESIAN_POINT ( 'NONE',  ( 2.109999999999999432, 0.6426742005207811692, 2.177674200520781422 ) ) ;
#9475 = ORIENTED_EDGE ( 'NONE', *, *, #394, .T. ) ;
#9476 = ORIENTED_EDGE ( 'NONE', *, *, #781, .T. ) ;
#9477 = EDGE_CURVE ( 'NONE', #4545, #10414, #4488, .T. ) ;
#9478 =( LENGTH_UNIT ( ) NAMED_UNIT ( * ) SI_UNIT ( .MILLI., .METRE. ) );
#9479 = ORIENTED_EDGE ( 'NONE', *, *, #4140, .T. ) ;
#9480 = FILL_AREA_STYLE ('',( #7023 ) ) ;
#9481 = DIRECTION ( 'NONE',  ( 0.000000000000000000, 0.000000000000000000, 1.000000000000000000 ) ) ;
#9482 = SURFACE_STYLE_USAGE ( .BOTH. , #3719 ) ;
#9483 = DIRECTION ( 'NONE',  ( 0.000000000000000000, -0.000000000000000000, -1.000000000000000000 ) ) ;
#9484 =( NAMED_UNIT ( * ) SI_UNIT ( $, .STERADIAN. ) SOLID_ANGLE_UNIT ( ) );
#9485 = DIRECTION ( 'NONE',  ( -0.000000000000000000, 1.000000000000000000, 0.000000000000000000 ) ) ;
#9486 = SURFACE_STYLE_FILL_AREA ( #10327 ) ;
#9487 = EDGE_CURVE ( 'NONE', #3778, #5276, #5224, .T. ) ;
#9488 = ORIENTED_EDGE ( 'NONE', *, *, #5547, .T. ) ;
#9489 = EDGE_CURVE ( 'NONE', #6030, #6606, #3551, .T. ) ;
#9490 =( LENGTH_UNIT ( ) NAMED_UNIT ( * ) SI_UNIT ( .MILLI., .METRE. ) );
#9491 = ORIENTED_EDGE ( 'NONE', *, *, #5815, .F. ) ;
#9492 = ORIENTED_EDGE ( 'NONE', *, *, #1866, .F. ) ;
#9493 = DIRECTION ( 'NONE',  ( -0.000000000000000000, 1.000000000000000000, 0.000000000000000000 ) ) ;
#9494 = CARTESIAN_POINT ( 'NONE',  ( -2.970000000000000639, 0.6426742005207811692, -2.260000000000000231 ) ) ;
#9495 = MECHANICAL_DESIGN_GEOMETRIC_PRESENTATION_REPRESENTATION (  '', ( #9324 ), #1909 ) ;
#9496 = LINE ( 'NONE', #4044, #6089 ) ;
#9497 = FILL_AREA_STYLE_COLOUR ( '', #4538 ) ;
#9498 =( NAMED_UNIT ( * ) SI_UNIT ( $, .STERADIAN. ) SOLID_ANGLE_UNIT ( ) );
#9499 = UNCERTAINTY_MEASURE_WITH_UNIT (LENGTH_MEASURE( 1.000000000000000082E-05 ), #3821, 'distance_accuracy_value', 'NONE');
#9500 = ORIENTED_EDGE ( 'NONE', *, *, #6573, .F. ) ;
#9501 =( LENGTH_UNIT ( ) NAMED_UNIT ( * ) SI_UNIT ( .MILLI., .METRE. ) );
#9502 = CARTESIAN_POINT ( 'NONE',  ( -0.4300000000000007150, 0.1823257994792188419, 2.459999999999999964 ) ) ;
#9503 =( NAMED_UNIT ( * ) PLANE_ANGLE_UNIT ( ) SI_UNIT ( $, .RADIAN. ) );
#9504 = STYLED_ITEM ( 'NONE', ( #9781 ), #1148 ) ;
#9505 =( NAMED_UNIT ( * ) PLANE_ANGLE_UNIT ( ) SI_UNIT ( $, .RADIAN. ) );
#9506 = DIRECTION ( 'NONE',  ( 0.000000000000000000, -1.000000000000000000, 0.000000000000000000 ) ) ;
#9507 = DIRECTION ( 'NONE',  ( -0.000000000000000000, -1.000000000000000000, -0.000000000000000000 ) ) ;
#9508 = DIRECTION ( 'NONE',  ( 1.000000000000000000, 0.000000000000000000, 0.000000000000000000 ) ) ;
#9509 = DIRECTION ( 'NONE',  ( 0.000000000000000000, 0.000000000000000000, 1.000000000000000000 ) ) ;
#9510 = CARTESIAN_POINT ( 'NONE',  ( 4.649999999999999467, 0.1823257994792188419, 2.459999999999999964 ) ) ;
#9511 = EDGE_LOOP ( 'NONE', ( #10268, #1541, #3915, #3533 ) ) ;
#9512 = PRESENTATION_LAYER_ASSIGNMENT (  '', '', ( #8840 ) ) ;
#9513 = EDGE_LOOP ( 'NONE', ( #1689, #5070, #10329, #5651 ) ) ;
#9514 = MECHANICAL_DESIGN_GEOMETRIC_PRESENTATION_REPRESENTATION (  '', ( #5770 ), #1226 ) ;
#9515 = ORIENTED_EDGE ( 'NONE', *, *, #3626, .T. ) ;
#9516 =( LENGTH_UNIT ( ) NAMED_UNIT ( * ) SI_UNIT ( .MILLI., .METRE. ) );
#9517 = CARTESIAN_POINT ( 'NONE',  ( 0.8399999999999996358, 0.9250000000000000444, 2.000000000000000000 ) ) ;
#9518 =( NAMED_UNIT ( * ) PLANE_ANGLE_UNIT ( ) SI_UNIT ( $, .RADIAN. ) );
#9519 = CIRCLE ( 'NONE', #432, 0.08232579947921878083 ) ;
#9520 = CARTESIAN_POINT ( 'NONE',  ( -4.240000000000001101, 0.6426742005207811692, 2.459999999999999964 ) ) ;
#9521 = FILL_AREA_STYLE_COLOUR ( '', #2305 ) ;
#9522 = CARTESIAN_POINT ( 'NONE',  ( -3.380000000000000338, 0.1823257994792188419, -2.459999999999999964 ) ) ;
#9523 = EDGE_CURVE ( 'NONE', #10295, #9559, #4286, .T. ) ;
#9524 = CARTESIAN_POINT ( 'NONE',  ( 0.8399999999999996358, 0.7249999999999999778, -2.000000000000000000 ) ) ;
#9525 = PRESENTATION_STYLE_ASSIGNMENT (( #6267 ) ) ;
#9527 = ORIENTED_EDGE ( 'NONE', *, *, #5490, .T. ) ;
#9526 = CARTESIAN_POINT ( 'NONE',  ( 4.649999999999999467, 0.1823257994792188419, -2.542325799479218773 ) ) ;
#9528 = AXIS2_PLACEMENT_3D ( 'NONE', #2600, #5118, #5794 ) ;
#9529 = VECTOR ( 'NONE', #7618, 1000.000000000000000 ) ;
#9530 =( NAMED_UNIT ( * ) PLANE_ANGLE_UNIT ( ) SI_UNIT ( $, .RADIAN. ) );
#9531 = ORIENTED_EDGE ( 'NONE', *, *, #3481, .T. ) ;
#9532 = FILL_AREA_STYLE ('',( #153 ) ) ;
#9533 = DIRECTION ( 'NONE',  ( 0.000000000000000000, -1.000000000000000000, 0.000000000000000000 ) ) ;
#9534 = EDGE_CURVE ( 'NONE', #4372, #3038, #6896, .T. ) ;
#9535 = CIRCLE ( 'NONE', #9693, 0.2823257994792188752 ) ;
#9536 = CARTESIAN_POINT ( 'NONE',  ( -0.8400000000000005240, 0.9250000000000000444, -2.000000000000000000 ) ) ;
#9537 = AXIS2_PLACEMENT_3D ( 'NONE', #8362, #8417, #9156 ) ;
#9538 = DIRECTION ( 'NONE',  ( -1.000000000000000000, -0.000000000000000000, -0.000000000000000000 ) ) ;
#9539 = ORIENTED_EDGE ( 'NONE', *, *, #875, .F. ) ;
#9540 =( NAMED_UNIT ( * ) SI_UNIT ( $, .STERADIAN. ) SOLID_ANGLE_UNIT ( ) );
#9541 = UNCERTAINTY_MEASURE_WITH_UNIT (LENGTH_MEASURE( 1.000000000000000082E-05 ), #1722, 'distance_accuracy_value', 'NONE');
#9542 = CARTESIAN_POINT ( 'NONE',  ( 2.109999999999999432, 0.6426742005207811692, 2.459999999999999964 ) ) ;
#9543 = EDGE_CURVE ( 'NONE', #5469, #7616, #8402, .T. ) ;
#9544 = COLOUR_RGB ( '',0.7529411764705882248, 0.7529411764705882248, 0.7529411764705882248 ) ;
#9545 = LINE ( 'NONE', #2319, #3988 ) ;
#9546 =( NAMED_UNIT ( * ) SI_UNIT ( $, .STERADIAN. ) SOLID_ANGLE_UNIT ( ) );
#9547 = DIRECTION ( 'NONE',  ( -0.1710878697460327114, 0.9702875252478150303, 0.1710878697460327114 ) ) ;
#9548 = AXIS2_PLACEMENT_3D ( 'NONE', #9582, #7030, #3050 ) ;
#9549 = ORIENTED_EDGE ( 'NONE', *, *, #8533, .T. ) ;
#9550 = PLANE ( 'NONE',  #8514 ) ;
#9551 = DIRECTION ( 'NONE',  ( 0.000000000000000000, 0.000000000000000000, 1.000000000000000000 ) ) ;
#9552 = CIRCLE ( 'NONE', #3657, 0.2823257994792188752 ) ;
#9553 = EDGE_CURVE ( 'NONE', #3069, #9470, #6096, .T. ) ;
#9554 = FACE_OUTER_BOUND ( 'NONE', #5496, .T. ) ;
#9555 = DIRECTION ( 'NONE',  ( 0.000000000000000000, -1.000000000000000000, 0.000000000000000000 ) ) ;
#9556 = SURFACE_STYLE_USAGE ( .BOTH. , #3177 ) ;
#9557 = EDGE_CURVE ( 'NONE', #5793, #10414, #4124, .T. ) ;
#9558 = FACE_OUTER_BOUND ( 'NONE', #6917, .T. ) ;
#9559 = VERTEX_POINT ( 'NONE', #9351 ) ;
#9560 = VERTEX_POINT ( 'NONE', #2111 ) ;
#9561 = VERTEX_POINT ( 'NONE', #6848 ) ;
#9562 =( NAMED_UNIT ( * ) SI_UNIT ( $, .STERADIAN. ) SOLID_ANGLE_UNIT ( ) );
#9563 = DIRECTION ( 'NONE',  ( 0.000000000000000000, 0.000000000000000000, 1.000000000000000000 ) ) ;
#9564 = FACE_OUTER_BOUND ( 'NONE', #9688, .T. ) ;
#9565 = AXIS2_PLACEMENT_3D ( 'NONE', #9373, #6029, #2031 ) ;
#9566 = SURFACE_STYLE_FILL_AREA ( #5556 ) ;
#9567 = DIRECTION ( 'NONE',  ( 1.000000000000000000, 0.000000000000000000, 0.000000000000000000 ) ) ;
#9568 = ORIENTED_EDGE ( 'NONE', *, *, #3742, .F. ) ;
#9569 = EDGE_LOOP ( 'NONE', ( #563, #6035, #6960, #9142 ) ) ;
#9570 = PRESENTATION_LAYER_ASSIGNMENT (  '', '', ( #7693 ) ) ;
#9571 =( GEOMETRIC_REPRESENTATION_CONTEXT ( 3 ) GLOBAL_UNCERTAINTY_ASSIGNED_CONTEXT ( ( #7301 ) ) GLOBAL_UNIT_ASSIGNED_CONTEXT ( ( #7687, #8351, #9980 ) ) REPRESENTATION_CONTEXT ( 'NONE', 'WORKASPACE' ) );
#9572 = VERTEX_POINT ( 'NONE', #5327 ) ;
#9573 = EDGE_CURVE ( 'NONE', #8055, #6111, #9519, .T. ) ;
#9574 =( NAMED_UNIT ( * ) PLANE_ANGLE_UNIT ( ) SI_UNIT ( $, .RADIAN. ) );
#9575 = AXIS2_PLACEMENT_3D ( 'NONE', #8376, #8429, #6663 ) ;
#9576 = CARTESIAN_POINT ( 'NONE',  ( -4.240000000000001101, 0.1000000000000000056, 3.000000000000000000 ) ) ;
#9577 = FILL_AREA_STYLE_COLOUR ( '', #7521 ) ;
#9578 = FILL_AREA_STYLE_COLOUR ( '', #3955 ) ;
#9579 = STYLED_ITEM ( 'NONE', ( #4251 ), #8654 ) ;
#9580 = SURFACE_STYLE_USAGE ( .BOTH. , #8117 ) ;
#9581 = STYLED_ITEM ( 'NONE', ( #4615 ), #3684 ) ;
#9582 = CARTESIAN_POINT ( 'NONE',  ( -1.700000000000001066, 0.1000000000000000056, -2.542325799479218773 ) ) ;
#9583 = DIRECTION ( 'NONE',  ( -1.000000000000000000, -0.000000000000000000, -0.000000000000000000 ) ) ;
#9584 = SURFACE_STYLE_USAGE ( .BOTH. , #4838 ) ;
#9585 = SURFACE_STYLE_USAGE ( .BOTH. , #1521 ) ;
#9586 = VECTOR ( 'NONE', #10240, 1000.000000000000000 ) ;
#9587 = VERTEX_POINT ( 'NONE', #10188 ) ;
#9588 = LINE ( 'NONE', #3899, #6196 ) ;
#9589 = DIRECTION ( 'NONE',  ( -1.000000000000000000, -0.000000000000000000, -0.000000000000000000 ) ) ;
#9590 = STYLED_ITEM ( 'NONE', ( #6560 ), #3159 ) ;
#9591 =( GEOMETRIC_REPRESENTATION_CONTEXT ( 3 ) GLOBAL_UNCERTAINTY_ASSIGNED_CONTEXT ( ( #8727 ) ) GLOBAL_UNIT_ASSIGNED_CONTEXT ( ( #6348, #8756, #6244 ) ) REPRESENTATION_CONTEXT ( 'NONE', 'WORKASPACE' ) );
#9592 = CARTESIAN_POINT ( 'NONE',  ( 3.379999999999999449, -0.1000000000000000056, -2.542325799479218773 ) ) ;
#9593 = PRESENTATION_STYLE_ASSIGNMENT (( #3952 ) ) ;
#9594 = CARTESIAN_POINT ( 'NONE',  ( -3.380000000000000338, 0.6426742005207811692, 2.177674200520781422 ) ) ;
#9595 = VERTEX_POINT ( 'NONE', #6304 ) ;
#9596 = AXIS2_PLACEMENT_3D ( 'NONE', #8683, #7946, #3040 ) ;
#9597 = UNCERTAINTY_MEASURE_WITH_UNIT (LENGTH_MEASURE( 1.000000000000000082E-05 ), #173, 'distance_accuracy_value', 'NONE');
#9598 = ORIENTED_EDGE ( 'NONE', *, *, #9408, .F. ) ;
#9599 = ADVANCED_FACE ( 'NONE', ( #3962 ), #4797, .F. ) ;
#9600 = VECTOR ( 'NONE', #3205, 1000.000000000000000 ) ;
#9601 = CARTESIAN_POINT ( 'NONE',  ( -0.8400000000000005240, 0.1823257994792188419, 2.542325799479218773 ) ) ;
#9602 = CARTESIAN_POINT ( 'NONE',  ( 3.379999999999999449, 0.6426742005207811692, -2.177674200520781422 ) ) ;
#9603 = COLOUR_RGB ( '',0.7529411764705882248, 0.7529411764705882248, 0.7529411764705882248 ) ;
#9604 = PRESENTATION_LAYER_ASSIGNMENT (  '', '', ( #8262 ) ) ;
#9605 = DIRECTION ( 'NONE',  ( 0.000000000000000000, -0.000000000000000000, 1.000000000000000000 ) ) ;
#9606 = CARTESIAN_POINT ( 'NONE',  ( -0.4300000000000007150, 0.9249999999999998224, -2.177674200520781422 ) ) ;
#9607 = VERTEX_POINT ( 'NONE', #8030 ) ;
#9608 = FACE_OUTER_BOUND ( 'NONE', #3825, .T. ) ;
#9609 = EDGE_CURVE ( 'NONE', #953, #7510, #3959, .T. ) ;
#9610 = EDGE_CURVE ( 'NONE', #5889, #1475, #4457, .T. ) ;
#9611 = VERTEX_POINT ( 'NONE', #6205 ) ;
#9612 =( NAMED_UNIT ( * ) PLANE_ANGLE_UNIT ( ) SI_UNIT ( $, .RADIAN. ) );
#9613 =( NAMED_UNIT ( * ) PLANE_ANGLE_UNIT ( ) SI_UNIT ( $, .RADIAN. ) );
#9614 = CARTESIAN_POINT ( 'NONE',  ( -0.8400000000000005240, 0.9250000000000000444, -2.000000000000000000 ) ) ;
#9615 = SURFACE_STYLE_FILL_AREA ( #8048 ) ;
#9616 = VERTEX_POINT ( 'NONE', #5535 ) ;
#9617 =( NAMED_UNIT ( * ) PLANE_ANGLE_UNIT ( ) SI_UNIT ( $, .RADIAN. ) );
#9618 = FILL_AREA_STYLE_COLOUR ( '', #5946 ) ;
#9619 = VERTEX_POINT ( 'NONE', #9502 ) ;
#9620 =( NAMED_UNIT ( * ) SI_UNIT ( $, .STERADIAN. ) SOLID_ANGLE_UNIT ( ) );
#9621 =( NAMED_UNIT ( * ) SI_UNIT ( $, .STERADIAN. ) SOLID_ANGLE_UNIT ( ) );
#9622 = VERTEX_POINT ( 'NONE', #2376 ) ;
#9623 = CARTESIAN_POINT ( 'NONE',  ( -1.700000000000001066, 0.7249999999999998668, 2.177674200520781422 ) ) ;
#9624 = DIRECTION ( 'NONE',  ( 0.000000000000000000, 0.000000000000000000, 1.000000000000000000 ) ) ;
#9625 = FACE_OUTER_BOUND ( 'NONE', #7675, .T. ) ;
#9626 = EDGE_CURVE ( 'NONE', #647, #3916, #2775, .T. ) ;
#9627 = CARTESIAN_POINT ( 'NONE',  ( 4.240000000000000213, 0.9249999999999998224, 2.177674200520781422 ) ) ;
#9628 = CARTESIAN_POINT ( 'NONE',  ( 0.8399999999999996358, 0.1000000000000000056, 2.542325799479218773 ) ) ;
#9629 =( NAMED_UNIT ( * ) SI_UNIT ( $, .STERADIAN. ) SOLID_ANGLE_UNIT ( ) );
#9630 = CARTESIAN_POINT ( 'NONE',  ( -4.240000000000001101, 0.1000000000000000056, 3.000000000000000000 ) ) ;
#9631 = CARTESIAN_POINT ( 'NONE',  ( -0.4300000000000007150, 0.6426742005207811692, 2.177674200520781422 ) ) ;
#9632 = ORIENTED_EDGE ( 'NONE', *, *, #3179, .T. ) ;
#9633 = SURFACE_STYLE_FILL_AREA ( #6504 ) ;
#9634 = UNCERTAINTY_MEASURE_WITH_UNIT (LENGTH_MEASURE( 1.000000000000000082E-05 ), #7960, 'distance_accuracy_value', 'NONE');
#9635 = SURFACE_STYLE_FILL_AREA ( #9692 ) ;
#9636 = DIRECTION ( 'NONE',  ( -1.000000000000000000, 0.000000000000000000, 0.000000000000000000 ) ) ;
#9637 = EDGE_CURVE ( 'NONE', #7324, #2686, #2216, .T. ) ;
#9638 = DIRECTION ( 'NONE',  ( -0.000000000000000000, -1.000000000000000000, -0.000000000000000000 ) ) ;
#9639 = CARTESIAN_POINT ( 'NONE',  ( -0.4300000000000007150, 0.6426742005207811692, 2.177674200520781422 ) ) ;
#9640 = DIRECTION ( 'NONE',  ( 0.000000000000000000, 0.000000000000000000, -1.000000000000000000 ) ) ;
#9641 = EDGE_LOOP ( 'NONE', ( #1011, #9973, #8102, #399 ) ) ;
#9642 = ORIENTED_EDGE ( 'NONE', *, *, #6626, .T. ) ;
#9643 = UNCERTAINTY_MEASURE_WITH_UNIT (LENGTH_MEASURE( 1.000000000000000082E-05 ), #6923, 'distance_accuracy_value', 'NONE');
#9644 = CARTESIAN_POINT ( 'NONE',  ( 4.649999999999999467, 0.7249999999999999778, -2.000000000000000000 ) ) ;
#9645 = CARTESIAN_POINT ( 'NONE',  ( -2.970000000000000639, 0.6426742005207811692, -2.260000000000000231 ) ) ;
#9646 = FACE_OUTER_BOUND ( 'NONE', #2989, .T. ) ;
#9647 =( NAMED_UNIT ( * ) SI_UNIT ( $, .STERADIAN. ) SOLID_ANGLE_UNIT ( ) );
#9648 = SURFACE_STYLE_FILL_AREA ( #7924 ) ;
#9649 = EDGE_CURVE ( 'NONE', #8457, #8594, #8715, .T. ) ;
#9650 = CIRCLE ( 'NONE', #3592, 0.08232579947921878083 ) ;
#9651 = CARTESIAN_POINT ( 'NONE',  ( -0.8400000000000005240, 0.1823257994792188419, 2.542325799479218773 ) ) ;
#9652 = ORIENTED_EDGE ( 'NONE', *, *, #659, .T. ) ;
#9653 = VECTOR ( 'NONE', #4833, 1000.000000000000000 ) ;
#9654 =( NAMED_UNIT ( * ) SI_UNIT ( $, .STERADIAN. ) SOLID_ANGLE_UNIT ( ) );
#9655 = ORIENTED_EDGE ( 'NONE', *, *, #8783, .F. ) ;
#9656 = ORIENTED_EDGE ( 'NONE', *, *, #895, .T. ) ;
#9657 = CARTESIAN_POINT ( 'NONE',  ( -0.8400000000000005240, 0.6426742005207811692, 2.260000000000000231 ) ) ;
#9658 =( NAMED_UNIT ( * ) SI_UNIT ( $, .STERADIAN. ) SOLID_ANGLE_UNIT ( ) );
#9659 =( GEOMETRIC_REPRESENTATION_CONTEXT ( 3 ) GLOBAL_UNCERTAINTY_ASSIGNED_CONTEXT ( ( #4684 ) ) GLOBAL_UNIT_ASSIGNED_CONTEXT ( ( #2030, #8465, #1379 ) ) REPRESENTATION_CONTEXT ( 'NONE', 'WORKASPACE' ) );
#9660 =( GEOMETRIC_REPRESENTATION_CONTEXT ( 3 ) GLOBAL_UNCERTAINTY_ASSIGNED_CONTEXT ( ( #4897 ) ) GLOBAL_UNIT_ASSIGNED_CONTEXT ( ( #8832, #474, #2390 ) ) REPRESENTATION_CONTEXT ( 'NONE', 'WORKASPACE' ) );
#9661 = PRESENTATION_STYLE_ASSIGNMENT (( #10420 ) ) ;
#9662 =( LENGTH_UNIT ( ) NAMED_UNIT ( * ) SI_UNIT ( .MILLI., .METRE. ) );
#9663 = EDGE_CURVE ( 'NONE', #9885, #4371, #4009, .T. ) ;
#9664 = CARTESIAN_POINT ( 'NONE',  ( 4.649999999999999467, 0.1823257994792188419, 2.542325799479218773 ) ) ;
#9665 = EDGE_CURVE ( 'NONE', #2178, #8387, #3799, .T. ) ;
#9666 = SURFACE_SIDE_STYLE ('',( #5216 ) ) ;
#9667 =( NAMED_UNIT ( * ) SI_UNIT ( $, .STERADIAN. ) SOLID_ANGLE_UNIT ( ) );
#9668 = LINE ( 'NONE', #2442, #10004 ) ;
#9669 = ORIENTED_EDGE ( 'NONE', *, *, #2727, .T. ) ;
#9670 = AXIS2_PLACEMENT_3D ( 'NONE', #2053, #6056, #9293 ) ;
#9671 =( LENGTH_UNIT ( ) NAMED_UNIT ( * ) SI_UNIT ( .MILLI., .METRE. ) );
#9672 =( GEOMETRIC_REPRESENTATION_CONTEXT ( 3 ) GLOBAL_UNCERTAINTY_ASSIGNED_CONTEXT ( ( #8257 ) ) GLOBAL_UNIT_ASSIGNED_CONTEXT ( ( #6634, #2499, #5696 ) ) REPRESENTATION_CONTEXT ( 'NONE', 'WORKASPACE' ) );
#9673 = ORIENTED_EDGE ( 'NONE', *, *, #9215, .F. ) ;
#9674 = CARTESIAN_POINT ( 'NONE',  ( 2.109999999999999876, 0.9250000000000000444, -2.000000000000000000 ) ) ;
#9675 = AXIS2_PLACEMENT_3D ( 'NONE', #3085, #4505, #510 ) ;
#9676 = SURFACE_SIDE_STYLE ('',( #4769 ) ) ;
#9677 =( NAMED_UNIT ( * ) PLANE_ANGLE_UNIT ( ) SI_UNIT ( $, .RADIAN. ) );
#9678 = FACE_OUTER_BOUND ( 'NONE', #9569, .T. ) ;
#9679 = LINE ( 'NONE', #3992, #3032 ) ;
#9680 = CARTESIAN_POINT ( 'NONE',  ( -4.251087498775063978, 1.649999999999999911, 1.065357694340216765 ) ) ;
#9681 = COLOUR_RGB ( '',0.7529411764705882248, 0.7529411764705882248, 0.7529411764705882248 ) ;
#9682 = FILL_AREA_STYLE_COLOUR ( '', #4688 ) ;
#9683 = CARTESIAN_POINT ( 'NONE',  ( 2.109999999999999432, 0.6426742005207811692, -2.177674200520781422 ) ) ;
#9684 =( NAMED_UNIT ( * ) SI_UNIT ( $, .STERADIAN. ) SOLID_ANGLE_UNIT ( ) );
#9685 = MECHANICAL_DESIGN_GEOMETRIC_PRESENTATION_REPRESENTATION (  '', ( #8341 ), #2100 ) ;
#9686 = DIRECTION ( 'NONE',  ( 0.000000000000000000, 0.000000000000000000, 1.000000000000000000 ) ) ;
#9687 = DIRECTION ( 'NONE',  ( -1.000000000000000000, -0.000000000000000000, -0.000000000000000000 ) ) ;
#9688 = EDGE_LOOP ( 'NONE', ( #7915, #5407, #2404, #1204 ) ) ;
#9689 = ORIENTED_EDGE ( 'NONE', *, *, #1077, .F. ) ;
#9690 = VECTOR ( 'NONE', #745, 1000.000000000000000 ) ;
#9691 = DIRECTION ( 'NONE',  ( 1.000000000000000000, 0.000000000000000000, 0.000000000000000000 ) ) ;
#9692 = FILL_AREA_STYLE ('',( #6505 ) ) ;
#9693 = AXIS2_PLACEMENT_3D ( 'NONE', #10123, #7726, #4320 ) ;
#9694 = FILL_AREA_STYLE ('',( #2476 ) ) ;
#9695 = CARTESIAN_POINT ( 'NONE',  ( 0.8399999999999996358, 0.6426742005207811692, 2.177674200520781422 ) ) ;
#9696 = PRESENTATION_LAYER_ASSIGNMENT (  '', '', ( #8872 ) ) ;
#9697 = CARTESIAN_POINT ( 'NONE',  ( 4.649999999999999467, 0.1000000000000000056, 3.000000000000000000 ) ) ;
#9698 = CIRCLE ( 'NONE', #934, 0.08232579947921878083 ) ;
#9699 = DIRECTION ( 'NONE',  ( 1.000000000000000000, 0.000000000000000000, -0.000000000000000000 ) ) ;
#9700 = VECTOR ( 'NONE', #4214, 1000.000000000000000 ) ;
#9701 = ORIENTED_EDGE ( 'NONE', *, *, #3919, .T. ) ;
#9702 = CARTESIAN_POINT ( 'NONE',  ( 4.649999999999999467, 0.6426742005207811692, 2.260000000000000231 ) ) ;
#9703 = ORIENTED_EDGE ( 'NONE', *, *, #5167, .F. ) ;
#9704 = EDGE_CURVE ( 'NONE', #4952, #9457, #8848, .T. ) ;
#9705 = FILL_AREA_STYLE_COLOUR ( '', #7470 ) ;
#9706 = VECTOR ( 'NONE', #3544, 1000.000000000000000 ) ;
#9707 = MECHANICAL_DESIGN_GEOMETRIC_PRESENTATION_REPRESENTATION (  '', ( #3476 ), #611 ) ;
#9708 = COLOUR_RGB ( '',0.7529411764705882248, 0.7529411764705882248, 0.7529411764705882248 ) ;
#9709 = DIRECTION ( 'NONE',  ( 0.000000000000000000, -1.000000000000000000, 0.000000000000000000 ) ) ;
#9710 =( NAMED_UNIT ( * ) SI_UNIT ( $, .STERADIAN. ) SOLID_ANGLE_UNIT ( ) );
#9711 = PRESENTATION_STYLE_ASSIGNMENT (( #136 ) ) ;
#9712 =( NAMED_UNIT ( * ) PLANE_ANGLE_UNIT ( ) SI_UNIT ( $, .RADIAN. ) );
#9713 = SURFACE_SIDE_STYLE ('',( #77 ) ) ;
#9714 = VERTEX_POINT ( 'NONE', #6994 ) ;
#9715 = UNCERTAINTY_MEASURE_WITH_UNIT (LENGTH_MEASURE( 1.000000000000000082E-05 ), #8360, 'distance_accuracy_value', 'NONE');
#9716 = DIRECTION ( 'NONE',  ( -0.000000000000000000, 0.000000000000000000, -1.000000000000000000 ) ) ;
#9717 = VECTOR ( 'NONE', #5034, 1000.000000000000000 ) ;
#9718 = VERTEX_POINT ( 'NONE', #584 ) ;
#9719 = CARTESIAN_POINT ( 'NONE',  ( 0.000000000000000000, 0.000000000000000000, 0.000000000000000000 ) ) ;
#9720 = SURFACE_SIDE_STYLE ('',( #83 ) ) ;
#9721 = DIRECTION ( 'NONE',  ( -1.000000000000000000, -0.000000000000000000, -0.000000000000000000 ) ) ;
#9722 = SURFACE_STYLE_USAGE ( .BOTH. , #8198 ) ;
#9723 = CARTESIAN_POINT ( 'NONE',  ( 2.969999999999999751, 0.6426742005207811692, -2.177674200520781422 ) ) ;
#9724 = PRESENTATION_STYLE_ASSIGNMENT (( #336 ) ) ;
#9725 =( GEOMETRIC_REPRESENTATION_CONTEXT ( 3 ) GLOBAL_UNCERTAINTY_ASSIGNED_CONTEXT ( ( #5283 ) ) GLOBAL_UNIT_ASSIGNED_CONTEXT ( ( #7160, #9503, #1482 ) ) REPRESENTATION_CONTEXT ( 'NONE', 'WORKASPACE' ) );
#9726 = CARTESIAN_POINT ( 'NONE',  ( -4.650000000000000355, 0.9250000000000000444, -2.000000000000000000 ) ) ;
#9727 = CARTESIAN_POINT ( 'NONE',  ( 3.379999999999999449, 0.7249999999999999778, -2.000000000000000000 ) ) ;
#9728 = ORIENTED_EDGE ( 'NONE', *, *, #8933, .F. ) ;
#9729 = LINE ( 'NONE', #2348, #758 ) ;
#9730 = ORIENTED_EDGE ( 'NONE', *, *, #2361, .F. ) ;
#9731 = CARTESIAN_POINT ( 'NONE',  ( -2.970000000000000639, 0.1823257994792188696, -2.259999999999999787 ) ) ;
#9732 = EDGE_CURVE ( 'NONE', #7004, #6246, #5581, .T. ) ;
#9733 = CARTESIAN_POINT ( 'NONE',  ( -0.4300000000000007150, 0.6426742005207811692, 2.260000000000000231 ) ) ;
#9734 = PRESENTATION_STYLE_ASSIGNMENT (( #4828 ) ) ;
#9735 =( GEOMETRIC_REPRESENTATION_CONTEXT ( 3 ) GLOBAL_UNCERTAINTY_ASSIGNED_CONTEXT ( ( #4053 ) ) GLOBAL_UNIT_ASSIGNED_CONTEXT ( ( #4561, #10054, #9271 ) ) REPRESENTATION_CONTEXT ( 'NONE', 'WORKASPACE' ) );
#9736 = CARTESIAN_POINT ( 'NONE',  ( -3.380000000000000338, 0.1000000000000000056, 2.542325799479218773 ) ) ;
#9737 = UNCERTAINTY_MEASURE_WITH_UNIT (LENGTH_MEASURE( 1.000000000000000082E-05 ), #1101, 'distance_accuracy_value', 'NONE');
#9738 = CARTESIAN_POINT ( 'NONE',  ( -4.240000000000001101, 0.6426742005207811692, -2.177674200520781422 ) ) ;
#9739 = CARTESIAN_POINT ( 'NONE',  ( 4.649999999999999467, 0.1823257994792188419, -2.542325799479218773 ) ) ;
#9740 = PRESENTATION_STYLE_ASSIGNMENT (( #4887 ) ) ;
#9741 = CARTESIAN_POINT ( 'NONE',  ( -4.650000000000000355, 0.9250000000000000444, 2.000000000000000000 ) ) ;
#9742 = AXIS2_PLACEMENT_3D ( 'NONE', #3081, #4721, #7942 ) ;
#9743 = CARTESIAN_POINT ( 'NONE',  ( -3.380000000000000338, 0.1823257994792188696, 2.259999999999999787 ) ) ;
#9744 = DIRECTION ( 'NONE',  ( 0.000000000000000000, -0.000000000000000000, 1.000000000000000000 ) ) ;
#9745 = AXIS2_PLACEMENT_3D ( 'NONE', #2434, #8937, #36 ) ;
#9746 = CARTESIAN_POINT ( 'NONE',  ( 2.109999999999999432, 0.1000000000000000056, -3.000000000000000000 ) ) ;
#9747 = ORIENTED_EDGE ( 'NONE', *, *, #8392, .T. ) ;
#9748 = EDGE_CURVE ( 'NONE', #7168, #9595, #7970, .T. ) ;
#9749 = DIRECTION ( 'NONE',  ( 0.000000000000000000, 0.000000000000000000, -1.000000000000000000 ) ) ;
#9750 =( NAMED_UNIT ( * ) SI_UNIT ( $, .STERADIAN. ) SOLID_ANGLE_UNIT ( ) );
#9751 = UNCERTAINTY_MEASURE_WITH_UNIT (LENGTH_MEASURE( 1.000000000000000082E-05 ), #8648, 'distance_accuracy_value', 'NONE');
#9752 = AXIS2_PLACEMENT_3D ( 'NONE', #8956, #3251, #5078 ) ;
#9753 = ADVANCED_FACE ( 'NONE', ( #7214 ), #1691, .T. ) ;
#9754 = STYLED_ITEM ( 'NONE', ( #4309 ), #3596 ) ;
#9755 = LINE ( 'NONE', #6448, #9042 ) ;
#9756 = CARTESIAN_POINT ( 'NONE',  ( -2.110000000000000764, 0.6426742005207811692, -2.177674200520781422 ) ) ;
#9757 = CARTESIAN_POINT ( 'NONE',  ( 0.8399999999999996358, 0.1823257994792188419, -2.542325799479218773 ) ) ;
#9758 = EDGE_LOOP ( 'NONE', ( #3538, #4595, #5760, #2200, #1196, #5393, #2095, #4268, #1031, #625, #10174, #5084 ) ) ;
#9759 =( NAMED_UNIT ( * ) PLANE_ANGLE_UNIT ( ) SI_UNIT ( $, .RADIAN. ) );
#9760 = EDGE_LOOP ( 'NONE', ( #8626, #8340, #624, #414 ) ) ;
#9761 = UNCERTAINTY_MEASURE_WITH_UNIT (LENGTH_MEASURE( 1.000000000000000082E-05 ), #8496, 'distance_accuracy_value', 'NONE');
#9762 = CARTESIAN_POINT ( 'NONE',  ( 0.8399999999999996358, 0.1823257994792188419, 2.542325799479218773 ) ) ;
#9763 = FILL_AREA_STYLE_COLOUR ( '', #436 ) ;
#9764 = ADVANCED_FACE ( 'NONE', ( #5681 ), #843, .F. ) ;
#9765 = CARTESIAN_POINT ( 'NONE',  ( 0.8399999999999996358, 0.1823257994792188419, 2.542325799479218773 ) ) ;
#9766 = FILL_AREA_STYLE_COLOUR ( '', #3101 ) ;
#9767 = PRESENTATION_STYLE_ASSIGNMENT (( #3117 ) ) ;
#9768 = VECTOR ( 'NONE', #2878, 1000.000000000000000 ) ;
#9769 =( NAMED_UNIT ( * ) SI_UNIT ( $, .STERADIAN. ) SOLID_ANGLE_UNIT ( ) );
#9770 =( NAMED_UNIT ( * ) SI_UNIT ( $, .STERADIAN. ) SOLID_ANGLE_UNIT ( ) );
#9771 = DIRECTION ( 'NONE',  ( 1.000000000000000000, 0.000000000000000000, -0.000000000000000000 ) ) ;
#9772 = EDGE_LOOP ( 'NONE', ( #6366, #6237, #5590, #3679 ) ) ;
#9773 = DIRECTION ( 'NONE',  ( -1.000000000000000000, 0.000000000000000000, 0.000000000000000000 ) ) ;
#9774 = AXIS2_PLACEMENT_3D ( 'NONE', #8462, #4603, #5568 ) ;
#9775 = ORIENTED_EDGE ( 'NONE', *, *, #7263, .T. ) ;
#9776 = PRODUCT_CONTEXT ( 'NONE', #6823, 'mechanical' ) ;
#9777 =( GEOMETRIC_REPRESENTATION_CONTEXT ( 3 ) GLOBAL_UNCERTAINTY_ASSIGNED_CONTEXT ( ( #2110 ) ) GLOBAL_UNIT_ASSIGNED_CONTEXT ( ( #2035, #2819, #8470 ) ) REPRESENTATION_CONTEXT ( 'NONE', 'WORKASPACE' ) );
#9778 =( NAMED_UNIT ( * ) PLANE_ANGLE_UNIT ( ) SI_UNIT ( $, .RADIAN. ) );
#9779 = DIRECTION ( 'NONE',  ( 0.000000000000000000, 0.000000000000000000, 1.000000000000000000 ) ) ;
#9780 = CARTESIAN_POINT ( 'NONE',  ( 3.379999999999999449, 0.6426742005207811692, -2.260000000000000231 ) ) ;
#9781 = PRESENTATION_STYLE_ASSIGNMENT (( #9979 ) ) ;
#9782 = EDGE_CURVE ( 'NONE', #10037, #5220, #1240, .T. ) ;
#9783 = CARTESIAN_POINT ( 'NONE',  ( -2.970000000000000639, 0.7249999999999999778, 2.000000000000000000 ) ) ;
#9784 = CARTESIAN_POINT ( 'NONE',  ( -5.000000000000000888, 0.000000000000000000, 1.876571113504073907 ) ) ;
#9785 = ORIENTED_EDGE ( 'NONE', *, *, #8349, .F. ) ;
#9786 = PRESENTATION_STYLE_ASSIGNMENT (( #4145 ) ) ;
#9787 = ORIENTED_EDGE ( 'NONE', *, *, #9378, .T. ) ;
#9788 = DIRECTION ( 'NONE',  ( 0.000000000000000000, 0.000000000000000000, 1.000000000000000000 ) ) ;
#9789 = SURFACE_STYLE_FILL_AREA ( #5860 ) ;
#9790 = DIRECTION ( 'NONE',  ( 0.000000000000000000, 0.000000000000000000, 1.000000000000000000 ) ) ;
#9791 = DIRECTION ( 'NONE',  ( -1.000000000000000000, 0.000000000000000000, 0.000000000000000000 ) ) ;
#9792 = CARTESIAN_POINT ( 'NONE',  ( -1.700000000000001066, 0.9250000000000000444, -2.000000000000000000 ) ) ;
#9793 = DIRECTION ( 'NONE',  ( 0.000000000000000000, 0.000000000000000000, -1.000000000000000000 ) ) ;
#9794 = EDGE_CURVE ( 'NONE', #5680, #5793, #280, .T. ) ;
#9795 = SURFACE_SIDE_STYLE ('',( #164 ) ) ;
#9796 =( NAMED_UNIT ( * ) PLANE_ANGLE_UNIT ( ) SI_UNIT ( $, .RADIAN. ) );
#9797 = DIRECTION ( 'NONE',  ( -0.000000000000000000, -1.000000000000000000, -0.000000000000000000 ) ) ;
#9798 = DIRECTION ( 'NONE',  ( 0.000000000000000000, 0.000000000000000000, -1.000000000000000000 ) ) ;
#9799 = CYLINDRICAL_SURFACE ( 'NONE', #2538, 0.08232579947921878083 ) ;
#9800 = ORIENTED_EDGE ( 'NONE', *, *, #1257, .F. ) ;
#9801 = CARTESIAN_POINT ( 'NONE',  ( -1.700000000000001066, 0.1000000000000000056, 2.542325799479218773 ) ) ;
#9802 = SURFACE_STYLE_FILL_AREA ( #1627 ) ;
#9803 = CARTESIAN_POINT ( 'NONE',  ( -4.240000000000001101, 0.1823257994792188419, 2.542325799479218773 ) ) ;
#9804 = EDGE_CURVE ( 'NONE', #3259, #2781, #8974, .T. ) ;
#9805 = SURFACE_SIDE_STYLE ('',( #8968 ) ) ;
#9806 = DIRECTION ( 'NONE',  ( -0.000000000000000000, 0.000000000000000000, -1.000000000000000000 ) ) ;
#9807 = ADVANCED_FACE ( 'NONE', ( #7264 ), #940, .T. ) ;
#9808 = DIRECTION ( 'NONE',  ( -1.000000000000000000, 0.000000000000000000, 0.000000000000000000 ) ) ;
#9809 = VERTEX_POINT ( 'NONE', #5213 ) ;
#9810 = CARTESIAN_POINT ( 'NONE',  ( -0.4300000000000007150, 0.6426742005207811692, 2.459999999999999964 ) ) ;
#9811 = ORIENTED_EDGE ( 'NONE', *, *, #8783, .T. ) ;
#9812 = FILL_AREA_STYLE_COLOUR ( '', #5127 ) ;
#9813 = CARTESIAN_POINT ( 'NONE',  ( -2.110000000000000764, 0.9250000000000000444, -2.000000000000000000 ) ) ;
#9814 = PLANE ( 'NONE',  #7152 ) ;
#9815 = VERTEX_POINT ( 'NONE', #384 ) ;
#9816 = UNCERTAINTY_MEASURE_WITH_UNIT (LENGTH_MEASURE( 1.000000000000000082E-05 ), #4383, 'distance_accuracy_value', 'NONE');
#9817 = FILL_AREA_STYLE_COLOUR ( '', #5641 ) ;
#9818 = DIRECTION ( 'NONE',  ( -1.000000000000000000, -0.000000000000000000, -0.000000000000000000 ) ) ;
#9819 = AXIS2_PLACEMENT_3D ( 'NONE', #10238, #1409, #4632 ) ;
#9820 = SURFACE_SIDE_STYLE ('',( #5898 ) ) ;
#9821 = VECTOR ( 'NONE', #1858, 1000.000000000000000 ) ;
#9822 = DIRECTION ( 'NONE',  ( 0.000000000000000000, 0.000000000000000000, -1.000000000000000000 ) ) ;
#9823 = VERTEX_POINT ( 'NONE', #1241 ) ;
#9824 = CARTESIAN_POINT ( 'NONE',  ( 0.8399999999999996358, 0.1823257994792188419, -2.542325799479218773 ) ) ;
#9825 = ORIENTED_EDGE ( 'NONE', *, *, #8037, .T. ) ;
#9826 = CARTESIAN_POINT ( 'NONE',  ( 2.969999999999999751, 0.1823257994792188419, 2.542325799479218773 ) ) ;
#9827 = ADVANCED_FACE ( 'NONE', ( #9290 ), #2050, .T. ) ;
#9828 = SURFACE_SIDE_STYLE ('',( #6594 ) ) ;
#9829 = AXIS2_PLACEMENT_3D ( 'NONE', #4491, #9411, #9305 ) ;
#9830 = LINE ( 'NONE', #5809, #8238 ) ;
#9831 = CARTESIAN_POINT ( 'NONE',  ( 0.8399999999999996358, 0.7249999999999999778, 2.000000000000000000 ) ) ;
#9832 = DIRECTION ( 'NONE',  ( 0.000000000000000000, 0.000000000000000000, 1.000000000000000000 ) ) ;
#9833 = FACE_OUTER_BOUND ( 'NONE', #8852, .T. ) ;
#9834 = STYLED_ITEM ( 'NONE', ( #1080 ), #6254 ) ;
#9835 = COLOUR_RGB ( '',0.7529411764705882248, 0.7529411764705882248, 0.7529411764705882248 ) ;
#9836 = SURFACE_STYLE_FILL_AREA ( #3405 ) ;
#9837 = CARTESIAN_POINT ( 'NONE',  ( 4.649999999999999467, 0.1000000000000000056, 2.542325799479218773 ) ) ;
#9838 = LINE ( 'NONE', #2619, #4810 ) ;
#9839 = CIRCLE ( 'NONE', #4289, 0.08232579947921878083 ) ;
#9840 =( NAMED_UNIT ( * ) SI_UNIT ( $, .STERADIAN. ) SOLID_ANGLE_UNIT ( ) );
#9841 = VERTEX_POINT ( 'NONE', #2891 ) ;
#9842 = DIRECTION ( 'NONE',  ( 1.000000000000000000, 0.000000000000000000, 0.000000000000000000 ) ) ;
#9843 = SURFACE_SIDE_STYLE ('',( #9633 ) ) ;
#9844 = EDGE_CURVE ( 'NONE', #3765, #7862, #7731, .T. ) ;
#9845 = PRESENTATION_LAYER_ASSIGNMENT (  '', '', ( #8005 ) ) ;
#9846 = VECTOR ( 'NONE', #3233, 1000.000000000000000 ) ;
#9847 = VECTOR ( 'NONE', #4750, 1000.000000000000000 ) ;
#9848 = COLOUR_RGB ( '',0.7529411764705882248, 0.7529411764705882248, 0.7529411764705882248 ) ;
#9849 =( LENGTH_UNIT ( ) NAMED_UNIT ( * ) SI_UNIT ( .MILLI., .METRE. ) );
#9850 = CARTESIAN_POINT ( 'NONE',  ( -3.380000000000000338, 0.1000000000000000056, 2.542325799479218773 ) ) ;
#9851 =( NAMED_UNIT ( * ) PLANE_ANGLE_UNIT ( ) SI_UNIT ( $, .RADIAN. ) );
#9852 = LINE ( 'NONE', #8917, #3318 ) ;
#9853 = ORIENTED_EDGE ( 'NONE', *, *, #8276, .F. ) ;
#9854 = VECTOR ( 'NONE', #8987, 1000.000000000000000 ) ;
#9855 = CARTESIAN_POINT ( 'NONE',  ( -1.700000000000001066, 0.1000000000000000056, 3.000000000000000000 ) ) ;
#9856 = EDGE_LOOP ( 'NONE', ( #10073, #8067, #1251, #3687 ) ) ;
#9857 = AXIS2_PLACEMENT_3D ( 'NONE', #3365, #5043, #3321 ) ;
#9858 = VERTEX_POINT ( 'NONE', #8389 ) ;
#9859 = VECTOR ( 'NONE', #56, 1000.000000000000000 ) ;
#9860 = EDGE_CURVE ( 'NONE', #3601, #6299, #4422, .T. ) ;
#9861 =( NAMED_UNIT ( * ) PLANE_ANGLE_UNIT ( ) SI_UNIT ( $, .RADIAN. ) );
#9862 = DIRECTION ( 'NONE',  ( -0.000000000000000000, -1.000000000000000000, -0.000000000000000000 ) ) ;
#9863 =( GEOMETRIC_REPRESENTATION_CONTEXT ( 3 ) GLOBAL_UNCERTAINTY_ASSIGNED_CONTEXT ( ( #9311 ) ) GLOBAL_UNIT_ASSIGNED_CONTEXT ( ( #10044, #8357, #10096 ) ) REPRESENTATION_CONTEXT ( 'NONE', 'WORKASPACE' ) );
#9864 =( NAMED_UNIT ( * ) PLANE_ANGLE_UNIT ( ) SI_UNIT ( $, .RADIAN. ) );
#9865 = AXIS2_PLACEMENT_3D ( 'NONE', #1778, #212, #3406 ) ;
#9866 = CARTESIAN_POINT ( 'NONE',  ( 2.109999999999999432, 0.6426742005207811692, 2.260000000000000231 ) ) ;
#9867 = AXIS2_PLACEMENT_3D ( 'NONE', #6736, #438, #2892 ) ;
#9868 = FACE_OUTER_BOUND ( 'NONE', #1896, .T. ) ;
#9869 = ORIENTED_EDGE ( 'NONE', *, *, #2890, .F. ) ;
#9870 = ORIENTED_EDGE ( 'NONE', *, *, #7512, .F. ) ;
#9871 = CIRCLE ( 'NONE', #6986, 0.2823257994792188752 ) ;
#9872 = ORIENTED_EDGE ( 'NONE', *, *, #6290, .F. ) ;
#9873 = AXIS2_PLACEMENT_3D ( 'NONE', #5554, #10261, #1547 ) ;
#9874 = LINE ( 'NONE', #3430, #6445 ) ;
#9875 = MECHANICAL_DESIGN_GEOMETRIC_PRESENTATION_REPRESENTATION (  '', ( #6656 ), #6316 ) ;
#9876 = ADVANCED_FACE ( 'NONE', ( #5890 ), #6085, .F. ) ;
#9877 = SURFACE_STYLE_USAGE ( .BOTH. , #8404 ) ;
#9878 = FILL_AREA_STYLE ('',( #2744 ) ) ;
#9879 = CARTESIAN_POINT ( 'NONE',  ( -0.4300000000000007150, 0.1823257994792188419, 2.542325799479218773 ) ) ;
#9880 = COLOUR_RGB ( '',0.7529411764705882248, 0.7529411764705882248, 0.7529411764705882248 ) ;
#9881 = VERTEX_POINT ( 'NONE', #9542 ) ;
#9882 = AXIS2_PLACEMENT_3D ( 'NONE', #2401, #6498, #9009 ) ;
#9883 = COLOUR_RGB ( '',0.2509803921568627416, 0.2509803921568627416, 0.2509803921568627416 ) ;
#9884 = LINE ( 'NONE', #7581, #4557 ) ;
#9885 = VERTEX_POINT ( 'NONE', #6240 ) ;
#9886 = DIRECTION ( 'NONE',  ( 0.000000000000000000, 0.000000000000000000, 1.000000000000000000 ) ) ;
#9887 = LINE ( 'NONE', #5861, #3021 ) ;
#9888 = SURFACE_SIDE_STYLE ('',( #5862 ) ) ;
#9889 = MECHANICAL_DESIGN_GEOMETRIC_PRESENTATION_REPRESENTATION (  '', ( #3998 ), #5340 ) ;
#9890 = LINE ( 'NONE', #2661, #6376 ) ;
#9891 = LINE ( 'NONE', #5865, #10384 ) ;
#9892 = CARTESIAN_POINT ( 'NONE',  ( 1.699999999999999734, 0.6426742005207811692, 2.177674200520781422 ) ) ;
#9893 = DIRECTION ( 'NONE',  ( -1.000000000000000000, -0.000000000000000000, -0.000000000000000000 ) ) ;
#9894 = SURFACE_STYLE_FILL_AREA ( #1063 ) ;
#9895 = CARTESIAN_POINT ( 'NONE',  ( 3.379999999999999449, 0.9249999999999998224, -2.177674200520781422 ) ) ;
#9896 = DIRECTION ( 'NONE',  ( 0.000000000000000000, 0.000000000000000000, 1.000000000000000000 ) ) ;
#9897 = ADVANCED_FACE ( 'NONE', ( #1470 ), #7845, .T. ) ;
#9898 = DIRECTION ( 'NONE',  ( -0.000000000000000000, -1.000000000000000000, -0.000000000000000000 ) ) ;
#9899 = FILL_AREA_STYLE ('',( #7445 ) ) ;
#9900 = COLOUR_RGB ( '',0.7529411764705882248, 0.7529411764705882248, 0.7529411764705882248 ) ;
#9901 = ORIENTED_EDGE ( 'NONE', *, *, #5085, .F. ) ;
#9902 = FILL_AREA_STYLE ('',( #10062 ) ) ;
#9903 = CARTESIAN_POINT ( 'NONE',  ( 2.970000000000000639, 0.7249999999999999778, -2.000000000000000000 ) ) ;
#9904 =( LENGTH_UNIT ( ) NAMED_UNIT ( * ) SI_UNIT ( .MILLI., .METRE. ) );
#9905 = CARTESIAN_POINT ( 'NONE',  ( 4.649999999999999467, 0.7249999999999999778, -2.000000000000000000 ) ) ;
#9906 = VECTOR ( 'NONE', #1317, 1000.000000000000000 ) ;
#9907 = MECHANICAL_DESIGN_GEOMETRIC_PRESENTATION_REPRESENTATION (  '', ( #6346 ), #1131 ) ;
#9908 =( NAMED_UNIT ( * ) SI_UNIT ( $, .STERADIAN. ) SOLID_ANGLE_UNIT ( ) );
#9909 = CARTESIAN_POINT ( 'NONE',  ( -5.000000000000000888, 0.7000000000000166089, 2.000000000000000000 ) ) ;
#9910 = DIRECTION ( 'NONE',  ( -1.000000000000000000, -0.000000000000000000, -0.000000000000000000 ) ) ;
#9911 = ORIENTED_EDGE ( 'NONE', *, *, #6909, .F. ) ;
#9912 = LINE ( 'NONE', #6570, #5482 ) ;
#9913 = VERTEX_POINT ( 'NONE', #5523 ) ;
#9914 = ORIENTED_EDGE ( 'NONE', *, *, #3213, .T. ) ;
#9915 = STYLED_ITEM ( 'NONE', ( #7053 ), #9050 ) ;
#9916 = CARTESIAN_POINT ( 'NONE',  ( -1.700000000000001066, 0.7249999999999999778, 2.000000000000000000 ) ) ;
#9917 = CIRCLE ( 'NONE', #7900, 0.08232579947921878083 ) ;
#9918 =( NAMED_UNIT ( * ) PLANE_ANGLE_UNIT ( ) SI_UNIT ( $, .RADIAN. ) );
#9919 = DIRECTION ( 'NONE',  ( 0.000000000000000000, 0.000000000000000000, 1.000000000000000000 ) ) ;
#9920 =( GEOMETRIC_REPRESENTATION_CONTEXT ( 3 ) GLOBAL_UNCERTAINTY_ASSIGNED_CONTEXT ( ( #7154 ) ) GLOBAL_UNIT_ASSIGNED_CONTEXT ( ( #819, #9051, #401 ) ) REPRESENTATION_CONTEXT ( 'NONE', 'WORKASPACE' ) );
#9921 = DIRECTION ( 'NONE',  ( 0.000000000000000000, -0.000000000000000000, -1.000000000000000000 ) ) ;
#9922 =( LENGTH_UNIT ( ) NAMED_UNIT ( * ) SI_UNIT ( .MILLI., .METRE. ) );
#9923 = AXIS2_PLACEMENT_3D ( 'NONE', #746, #3276, #9605 ) ;
#9924 = CARTESIAN_POINT ( 'NONE',  ( 4.240000000000000213, 0.1823257994792188419, 2.542325799479218773 ) ) ;
#9925 = EDGE_CURVE ( 'NONE', #7485, #7771, #3058, .T. ) ;
#9926 = SURFACE_SIDE_STYLE ('',( #389 ) ) ;
#9927 = ORIENTED_EDGE ( 'NONE', *, *, #112, .F. ) ;
#9928 =( NAMED_UNIT ( * ) PLANE_ANGLE_UNIT ( ) SI_UNIT ( $, .RADIAN. ) );
#9929 = ORIENTED_EDGE ( 'NONE', *, *, #2969, .F. ) ;
#9930 =( GEOMETRIC_REPRESENTATION_CONTEXT ( 3 ) GLOBAL_UNCERTAINTY_ASSIGNED_CONTEXT ( ( #10343 ) ) GLOBAL_UNIT_ASSIGNED_CONTEXT ( ( #7084, #9448, #9540 ) ) REPRESENTATION_CONTEXT ( 'NONE', 'WORKASPACE' ) );
#9931 = CARTESIAN_POINT ( 'NONE',  ( -4.240000000000001101, 0.6426742005207811692, 2.177674200520781422 ) ) ;
#9932 = VECTOR ( 'NONE', #2769, 1000.000000000000000 ) ;
#9933 = LINE ( 'NONE', #8986, #8203 ) ;
#9934 =( NAMED_UNIT ( * ) PLANE_ANGLE_UNIT ( ) SI_UNIT ( $, .RADIAN. ) );
#9935 = DIRECTION ( 'NONE',  ( 0.000000000000000000, 0.000000000000000000, -1.000000000000000000 ) ) ;
#9936 = EDGE_CURVE ( 'NONE', #3570, #7579, #7641, .T. ) ;
#9937 = FILL_AREA_STYLE_COLOUR ( '', #2605 ) ;
#9938 = EDGE_LOOP ( 'NONE', ( #1085, #7378, #661, #10164 ) ) ;
#9939 = CARTESIAN_POINT ( 'NONE',  ( -4.240000000000001101, 0.6426742005207811692, -2.177674200520781422 ) ) ;
#9940 = ORIENTED_EDGE ( 'NONE', *, *, #9609, .T. ) ;
#9941 = SURFACE_STYLE_USAGE ( .BOTH. , #5234 ) ;
#9942 = SURFACE_SIDE_STYLE ('',( #9789 ) ) ;
#9943 = CARTESIAN_POINT ( 'NONE',  ( 0.4299999999999998268, 0.1000000000000000056, 2.542325799479218773 ) ) ;
#9944 = CARTESIAN_POINT ( 'NONE',  ( 3.379999999999999449, 0.6426742005207811692, -2.459999999999999964 ) ) ;
#9945 = PRESENTATION_STYLE_ASSIGNMENT (( #8209 ) ) ;
#9946 = UNCERTAINTY_MEASURE_WITH_UNIT (LENGTH_MEASURE( 1.000000000000000082E-05 ), #206, 'distance_accuracy_value', 'NONE');
#9947 = PRESENTATION_LAYER_ASSIGNMENT (  '', '', ( #1009 ) ) ;
#9948 = SURFACE_STYLE_FILL_AREA ( #6549 ) ;
#9949 = DIRECTION ( 'NONE',  ( 0.000000000000000000, 0.000000000000000000, 1.000000000000000000 ) ) ;
#9950 = CARTESIAN_POINT ( 'NONE',  ( 0.8399999999999996358, 0.7249999999999998668, -2.177674200520781422 ) ) ;
#9951 = EDGE_CURVE ( 'NONE', #7604, #9809, #766, .T. ) ;
#9952 = DIRECTION ( 'NONE',  ( 0.000000000000000000, -0.000000000000000000, -1.000000000000000000 ) ) ;
#9953 = EDGE_CURVE ( 'NONE', #7865, #4372, #5576, .T. ) ;
#9954 = ORIENTED_EDGE ( 'NONE', *, *, #346, .F. ) ;
#9955 = PLANE ( 'NONE',  #9103 ) ;
#9956 = CARTESIAN_POINT ( 'NONE',  ( -3.380000000000000338, 0.1000000000000000056, -3.000000000000000000 ) ) ;
#9957 = DIRECTION ( 'NONE',  ( -1.000000000000000000, 0.000000000000000000, -0.000000000000000000 ) ) ;
#9958 = UNCERTAINTY_MEASURE_WITH_UNIT (LENGTH_MEASURE( 1.000000000000000082E-05 ), #8827, 'distance_accuracy_value', 'NONE');
#9959 = SURFACE_SIDE_STYLE ('',( #4415 ) ) ;
#9960 = VERTEX_POINT ( 'NONE', #1527 ) ;
#9961 = DIRECTION ( 'NONE',  ( -1.000000000000000000, -0.000000000000000000, -0.000000000000000000 ) ) ;
#9962 = ORIENTED_EDGE ( 'NONE', *, *, #4245, .T. ) ;
#9963 = VERTEX_POINT ( 'NONE', #7959 ) ;
#9964 = EDGE_LOOP ( 'NONE', ( #6857, #10228, #9128, #1593 ) ) ;
#9965 = DIRECTION ( 'NONE',  ( 0.000000000000000000, 0.000000000000000000, -1.000000000000000000 ) ) ;
#9966 = FILL_AREA_STYLE ('',( #6732 ) ) ;
#9967 = ADVANCED_FACE ( 'NONE', ( #628 ), #1567, .T. ) ;
#9968 = CARTESIAN_POINT ( 'NONE',  ( -2.110000000000000764, 0.1000000000000000056, 3.000000000000000000 ) ) ;
#9969 = FACE_OUTER_BOUND ( 'NONE', #605, .T. ) ;
#9970 = DIRECTION ( 'NONE',  ( -0.000000000000000000, 1.000000000000000000, 0.000000000000000000 ) ) ;
#9971 =( NAMED_UNIT ( * ) PLANE_ANGLE_UNIT ( ) SI_UNIT ( $, .RADIAN. ) );
#9972 = DIRECTION ( 'NONE',  ( -1.000000000000000000, -0.000000000000000000, -0.000000000000000000 ) ) ;
#9973 = ORIENTED_EDGE ( 'NONE', *, *, #781, .F. ) ;
#9974 = DIRECTION ( 'NONE',  ( 1.000000000000000000, 0.000000000000000000, 0.000000000000000000 ) ) ;
#9975 = LINE ( 'NONE', #5112, #7811 ) ;
#9976 = EDGE_CURVE ( 'NONE', #9960, #953, #8911, .T. ) ;
#9977 = FACE_OUTER_BOUND ( 'NONE', #4270, .T. ) ;
#9978 = SURFACE_STYLE_FILL_AREA ( #7625 ) ;
#9979 = SURFACE_STYLE_USAGE ( .BOTH. , #6535 ) ;
#9980 =( NAMED_UNIT ( * ) SI_UNIT ( $, .STERADIAN. ) SOLID_ANGLE_UNIT ( ) );
#9981 = LINE ( 'NONE', #5959, #2097 ) ;
#9982 = VERTEX_POINT ( 'NONE', #9070 ) ;
#9983 = FILL_AREA_STYLE_COLOUR ( '', #6220 ) ;
#9984 = ORIENTED_EDGE ( 'NONE', *, *, #1630, .F. ) ;
#9985 = DIRECTION ( 'NONE',  ( 1.000000000000000000, 0.000000000000000000, -0.000000000000000000 ) ) ;
#9986 = VECTOR ( 'NONE', #10175, 1000.000000000000000 ) ;
#9987 =( NAMED_UNIT ( * ) SI_UNIT ( $, .STERADIAN. ) SOLID_ANGLE_UNIT ( ) );
#9988 = DIRECTION ( 'NONE',  ( -1.000000000000000000, -0.000000000000000000, -0.000000000000000000 ) ) ;
#9989 = EDGE_CURVE ( 'NONE', #297, #8649, #6608, .T. ) ;
#9990 = CARTESIAN_POINT ( 'NONE',  ( 1.700000000000000178, 0.7249999999999999778, -2.000000000000000000 ) ) ;
#9991 = FILL_AREA_STYLE_COLOUR ( '', #4598 ) ;
#9992 = DIRECTION ( 'NONE',  ( -0.000000000000000000, 1.000000000000000000, 0.000000000000000000 ) ) ;
#9993 = FILL_AREA_STYLE ('',( #3760 ) ) ;
#9994 = ORIENTED_EDGE ( 'NONE', *, *, #5398, .F. ) ;
#9995 = VECTOR ( 'NONE', #2565, 1000.000000000000000 ) ;
#9996 = CARTESIAN_POINT ( 'NONE',  ( -2.970000000000000639, 0.6426742005207811692, -2.177674200520781422 ) ) ;
#9997 = LINE ( 'NONE', #8165, #9700 ) ;
#9998 = CIRCLE ( 'NONE', #3598, 0.1767460219523444287 ) ;
#9999 = DIRECTION ( 'NONE',  ( 0.000000000000000000, 0.000000000000000000, 1.000000000000000000 ) ) ;
#10000 = ORIENTED_EDGE ( 'NONE', *, *, #5594, .T. ) ;
#10001 = CARTESIAN_POINT ( 'NONE',  ( -5.000000000000000888, 0.9499999999999816369, 2.000000000000000000 ) ) ;
#10002 = PRESENTATION_STYLE_ASSIGNMENT (( #7597 ) ) ;
#10003 =( NAMED_UNIT ( * ) PLANE_ANGLE_UNIT ( ) SI_UNIT ( $, .RADIAN. ) );
#10004 = VECTOR ( 'NONE', #8890, 1000.000000000000000 ) ;
#10005 = ADVANCED_FACE ( 'NONE', ( #1729 ), #1680, .F. ) ;
#10006 =( LENGTH_UNIT ( ) NAMED_UNIT ( * ) SI_UNIT ( .MILLI., .METRE. ) );
#10007 = PRESENTATION_STYLE_ASSIGNMENT (( #2042 ) ) ;
#10008 = CARTESIAN_POINT ( 'NONE',  ( -0.8400000000000005240, 0.1823257994792188419, -2.459999999999999964 ) ) ;
#10009 = EDGE_CURVE ( 'NONE', #9616, #7485, #7355, .T. ) ;
#10010 = SURFACE_STYLE_FILL_AREA ( #477 ) ;
#10011 = ORIENTED_EDGE ( 'NONE', *, *, #8073, .F. ) ;
#10012 =( GEOMETRIC_REPRESENTATION_CONTEXT ( 3 ) GLOBAL_UNCERTAINTY_ASSIGNED_CONTEXT ( ( #5089 ) ) GLOBAL_UNIT_ASSIGNED_CONTEXT ( ( #3857, #9505, #7096 ) ) REPRESENTATION_CONTEXT ( 'NONE', 'WORKASPACE' ) );
#10013 = SURFACE_STYLE_FILL_AREA ( #8537 ) ;
#10014 = VERTEX_POINT ( 'NONE', #17 ) ;
#10015 = VERTEX_POINT ( 'NONE', #3217 ) ;
#10016 = MECHANICAL_DESIGN_GEOMETRIC_PRESENTATION_REPRESENTATION (  '', ( #10361 ), #5783 ) ;
#10017 = ORIENTED_EDGE ( 'NONE', *, *, #2181, .T. ) ;
#10018 = COLOUR_RGB ( '',0.7529411764705882248, 0.7529411764705882248, 0.7529411764705882248 ) ;
#10019 = CARTESIAN_POINT ( 'NONE',  ( -1.700000000000001066, 0.1823257994792188419, -2.542325799479218773 ) ) ;
#10020 = VECTOR ( 'NONE', #4612, 1000.000000000000000 ) ;
#10021 = PRESENTATION_STYLE_ASSIGNMENT (( #6780 ) ) ;
#10022 = EDGE_CURVE ( 'NONE', #8992, #2924, #3457, .T. ) ;
#10023 = CARTESIAN_POINT ( 'NONE',  ( 4.876571113504072130, 1.649999999999999911, 1.714668810570630475 ) ) ;
#10024 = VECTOR ( 'NONE', #4650, 1000.000000000000000 ) ;
#10025 = AXIS2_PLACEMENT_3D ( 'NONE', #5733, #4275, #6456 ) ;
#10026 = CARTESIAN_POINT ( 'NONE',  ( -2.110000000000000764, 0.7249999999999999778, -2.000000000000000000 ) ) ;
#10027 = VERTEX_POINT ( 'NONE', #8858 ) ;
#10028 = MECHANICAL_DESIGN_GEOMETRIC_PRESENTATION_REPRESENTATION (  '', ( #6632 ), #5978 ) ;
#10029 = ORIENTED_EDGE ( 'NONE', *, *, #1512, .F. ) ;
#10030 = EDGE_CURVE ( 'NONE', #4460, #3778, #982, .T. ) ;
#10031 = MECHANICAL_DESIGN_GEOMETRIC_PRESENTATION_REPRESENTATION (  '', ( #1612 ), #6459 ) ;
#10032 = MECHANICAL_DESIGN_GEOMETRIC_PRESENTATION_REPRESENTATION (  '', ( #8347 ), #279 ) ;
#10033 = DIRECTION ( 'NONE',  ( -1.000000000000000000, -0.000000000000000000, -0.000000000000000000 ) ) ;
#10034 = DIRECTION ( 'NONE',  ( 0.000000000000000000, 1.000000000000000000, 0.000000000000000000 ) ) ;
#10035 = PLANE ( 'NONE',  #3505 ) ;
#10036 = DIRECTION ( 'NONE',  ( -1.000000000000000000, -0.000000000000000000, -0.000000000000000000 ) ) ;
#10037 = VERTEX_POINT ( 'NONE', #7408 ) ;
#10038 = VECTOR ( 'NONE', #2028, 1000.000000000000000 ) ;
#10039 = CIRCLE ( 'NONE', #449, 0.08232579947921878083 ) ;
#10040 = EDGE_CURVE ( 'NONE', #4545, #3236, #879, .T. ) ;
#10041 = PRESENTATION_LAYER_ASSIGNMENT (  '', '', ( #9040 ) ) ;
#10042 = DIRECTION ( 'NONE',  ( -1.000000000000000000, -0.000000000000000000, -0.000000000000000000 ) ) ;
#10043 = ORIENTED_EDGE ( 'NONE', *, *, #9489, .T. ) ;
#10044 =( LENGTH_UNIT ( ) NAMED_UNIT ( * ) SI_UNIT ( .MILLI., .METRE. ) );
#10045 = SURFACE_STYLE_USAGE ( .BOTH. , #3751 ) ;
#10046 = FILL_AREA_STYLE_COLOUR ( '', #6691 ) ;
#10047 = STYLED_ITEM ( 'NONE', ( #120 ), #7580 ) ;
#10048 = UNCERTAINTY_MEASURE_WITH_UNIT (LENGTH_MEASURE( 1.000000000000000082E-05 ), #5550, 'distance_accuracy_value', 'NONE');
#10049 = CARTESIAN_POINT ( 'NONE',  ( -2.970000000000000639, 0.9249999999999998224, 2.177674200520781422 ) ) ;
#10050 = STYLED_ITEM ( 'NONE', ( #759 ), #235 ) ;
#10051 = VECTOR ( 'NONE', #1948, 1000.000000000000000 ) ;
#10052 = PRESENTATION_STYLE_ASSIGNMENT (( #5406 ) ) ;
#10053 = FACE_OUTER_BOUND ( 'NONE', #9513, .T. ) ;
#10054 =( NAMED_UNIT ( * ) PLANE_ANGLE_UNIT ( ) SI_UNIT ( $, .RADIAN. ) );
#10055 = VECTOR ( 'NONE', #3311, 1000.000000000000000 ) ;
#10056 = ORIENTED_EDGE ( 'NONE', *, *, #4584, .T. ) ;
#10057 = LINE ( 'NONE', #5083, #5620 ) ;
#10058 = ADVANCED_FACE ( 'NONE', ( #8966 ), #2375, .T. ) ;
#10059 = VERTEX_POINT ( 'NONE', #129 ) ;
#10060 = LINE ( 'NONE', #9221, #5870 ) ;
#10061 = STYLED_ITEM ( 'NONE', ( #5667 ), #5908 ) ;
#10062 = FILL_AREA_STYLE_COLOUR ( '', #6033 ) ;
#10063 =( NAMED_UNIT ( * ) SI_UNIT ( $, .STERADIAN. ) SOLID_ANGLE_UNIT ( ) );
#10064 =( LENGTH_UNIT ( ) NAMED_UNIT ( * ) SI_UNIT ( .MILLI., .METRE. ) );
#10065 = UNCERTAINTY_MEASURE_WITH_UNIT (LENGTH_MEASURE( 1.000000000000000082E-05 ), #1041, 'distance_accuracy_value', 'NONE');
#10066 = LINE ( 'NONE', #3774, #6095 ) ;
#10067 =( LENGTH_UNIT ( ) NAMED_UNIT ( * ) SI_UNIT ( .MILLI., .METRE. ) );
#10068 = LINE ( 'NONE', #4370, #3607 ) ;
#10069 = AXIS2_PLACEMENT_3D ( 'NONE', #7006, #7109, #3920 ) ;
#10070 = ORIENTED_EDGE ( 'NONE', *, *, #8037, .F. ) ;
#10071 =( NAMED_UNIT ( * ) PLANE_ANGLE_UNIT ( ) SI_UNIT ( $, .RADIAN. ) );
#10072 = ORIENTED_EDGE ( 'NONE', *, *, #3934, .T. ) ;
#10073 = ORIENTED_EDGE ( 'NONE', *, *, #2949, .F. ) ;
#10074 = EDGE_LOOP ( 'NONE', ( #182, #1780, #8494, #6012 ) ) ;
#10075 = EDGE_CURVE ( 'NONE', #2281, #7004, #7213, .T. ) ;
#10076 =( LENGTH_UNIT ( ) NAMED_UNIT ( * ) SI_UNIT ( .MILLI., .METRE. ) );
#10077 = PRESENTATION_LAYER_ASSIGNMENT (  '', '', ( #964 ) ) ;
#10078 = VERTEX_POINT ( 'NONE', #4853 ) ;
#10079 = PRESENTATION_STYLE_ASSIGNMENT (( #6782 ) ) ;
#10080 = ORIENTED_EDGE ( 'NONE', *, *, #6583, .T. ) ;
#10081 = LINE ( 'NONE', #3736, #1242 ) ;
#10082 = ORIENTED_EDGE ( 'NONE', *, *, #3733, .F. ) ;
#10083 = STYLED_ITEM ( 'NONE', ( #10002 ), #3245 ) ;
#10084 = PRESENTATION_STYLE_ASSIGNMENT (( #348 ) ) ;
#10085 = STYLED_ITEM ( 'NONE', ( #7700 ), #8531 ) ;
#10086 = DIRECTION ( 'NONE',  ( 0.000000000000000000, 0.000000000000000000, 1.000000000000000000 ) ) ;
#10087 = CARTESIAN_POINT ( 'NONE',  ( -4.240000000000001101, 0.7249999999999999778, 2.000000000000000000 ) ) ;
#10088 = AXIS2_PLACEMENT_3D ( 'NONE', #1782, #8270, #9123 ) ;
#10089 = FACE_OUTER_BOUND ( 'NONE', #5580, .T. ) ;
#10090 = CARTESIAN_POINT ( 'NONE',  ( 0.8399999999999996358, 0.6426742005207811692, -2.459999999999999964 ) ) ;
#10091 = DIRECTION ( 'NONE',  ( 0.000000000000000000, 0.000000000000000000, 1.000000000000000000 ) ) ;
#10092 = ORIENTED_EDGE ( 'NONE', *, *, #2259, .F. ) ;
#10093 = MECHANICAL_DESIGN_GEOMETRIC_PRESENTATION_REPRESENTATION (  '', ( #9087 ), #8 ) ;
#10094 = PRESENTATION_STYLE_ASSIGNMENT (( #1050 ) ) ;
#10095 = ORIENTED_EDGE ( 'NONE', *, *, #6413, .T. ) ;
#10096 =( NAMED_UNIT ( * ) SI_UNIT ( $, .STERADIAN. ) SOLID_ANGLE_UNIT ( ) );
#10097 = AXIS2_PLACEMENT_3D ( 'NONE', #5417, #719, #12 ) ;
#10098 = COLOUR_RGB ( '',0.7529411764705882248, 0.7529411764705882248, 0.7529411764705882248 ) ;
#10099 = CARTESIAN_POINT ( 'NONE',  ( -0.8400000000000005240, 0.9250000000000000444, 2.000000000000000000 ) ) ;
#10100 = PRESENTATION_LAYER_ASSIGNMENT (  '', '', ( #5206 ) ) ;
#10101 = AXIS2_PLACEMENT_3D ( 'NONE', #1304, #6087, #2790 ) ;
#10102 = DIRECTION ( 'NONE',  ( -0.000000000000000000, -1.000000000000000000, -0.000000000000000000 ) ) ;
#10103 = PLANE ( 'NONE',  #7450 ) ;
#10104 = CARTESIAN_POINT ( 'NONE',  ( 0.8399999999999996358, 0.1000000000000000056, -2.542325799479218773 ) ) ;
#10105 = CARTESIAN_POINT ( 'NONE',  ( -1.700000000000001066, 0.6426742005207811692, -2.459999999999999964 ) ) ;
#10106 = AXIS2_PLACEMENT_3D ( 'NONE', #9733, #816, #864 ) ;
#10107 = FILL_AREA_STYLE ('',( #7929 ) ) ;
#10108 = LINE ( 'NONE', #8423, #6727 ) ;
#10109 = ORIENTED_EDGE ( 'NONE', *, *, #6038, .T. ) ;
#10110 = AXIS2_PLACEMENT_3D ( 'NONE', #9424, #1376, #5347 ) ;
#10111 = DIRECTION ( 'NONE',  ( 0.000000000000000000, 0.000000000000000000, -1.000000000000000000 ) ) ;
#10112 = PRESENTATION_STYLE_ASSIGNMENT (( #6875 ) ) ;
#10113 = DIRECTION ( 'NONE',  ( -1.000000000000000000, -0.000000000000000000, -0.000000000000000000 ) ) ;
#10114 = COLOUR_RGB ( '',0.7529411764705882248, 0.7529411764705882248, 0.7529411764705882248 ) ;
#10115 = ADVANCED_FACE ( 'NONE', ( #7093 ), #10344, .F. ) ;
#10116 = ORIENTED_EDGE ( 'NONE', *, *, #7076, .F. ) ;
#10117 = DIRECTION ( 'NONE',  ( -1.000000000000000000, -0.000000000000000000, -0.000000000000000000 ) ) ;
#10118 = FILL_AREA_STYLE_COLOUR ( '', #3694 ) ;
#10119 = LINE ( 'NONE', #2884, #2256 ) ;
#10120 = DIRECTION ( 'NONE',  ( 1.000000000000000000, 0.000000000000000000, -0.000000000000000000 ) ) ;
#10121 = ORIENTED_EDGE ( 'NONE', *, *, #9035, .F. ) ;
#10122 = STYLED_ITEM ( 'NONE', ( #10219 ), #4594 ) ;
#10123 = CARTESIAN_POINT ( 'NONE',  ( 2.109999999999999432, 0.1823257994792188419, -2.542325799479218773 ) ) ;
#10124 = ORIENTED_EDGE ( 'NONE', *, *, #2898, .T. ) ;
#10125 = ORIENTED_EDGE ( 'NONE', *, *, #3980, .T. ) ;
#10126 = EDGE_CURVE ( 'NONE', #8488, #2164, #1535, .T. ) ;
#10127 = EDGE_CURVE ( 'NONE', #3836, #3727, #4008, .T. ) ;
#10128 = DIRECTION ( 'NONE',  ( -1.000000000000000000, -0.000000000000000000, -0.000000000000000000 ) ) ;
#10129 = SURFACE_STYLE_FILL_AREA ( #4482 ) ;
#10130 = UNCERTAINTY_MEASURE_WITH_UNIT (LENGTH_MEASURE( 1.000000000000000082E-05 ), #7429, 'distance_accuracy_value', 'NONE');
#10131 = DIRECTION ( 'NONE',  ( 1.000000000000000000, 0.000000000000000000, 0.000000000000000000 ) ) ;
#10132 = SURFACE_STYLE_USAGE ( .BOTH. , #1103 ) ;
#10133 = LINE ( 'NONE', #2900, #105 ) ;
#10134 =( NAMED_UNIT ( * ) PLANE_ANGLE_UNIT ( ) SI_UNIT ( $, .RADIAN. ) );
#10135 = EDGE_CURVE ( 'NONE', #10401, #380, #1579, .T. ) ;
#10136 = CARTESIAN_POINT ( 'NONE',  ( 3.379999999999999449, 0.6426742005207811692, -2.260000000000000231 ) ) ;
#10137 = CARTESIAN_POINT ( 'NONE',  ( -5.000000000000000888, 1.649999999999999911, 2.000000000000000000 ) ) ;
#10138 = FILL_AREA_STYLE_COLOUR ( '', #8007 ) ;
#10139 = ORIENTED_EDGE ( 'NONE', *, *, #5628, .F. ) ;
#10140 = EDGE_CURVE ( 'NONE', #2058, #3145, #3226, .T. ) ;
#10141 = DIRECTION ( 'NONE',  ( -1.000000000000000000, -0.000000000000000000, -0.000000000000000000 ) ) ;
#10142 = ORIENTED_EDGE ( 'NONE', *, *, #8235, .F. ) ;
#10143 = FILL_AREA_STYLE_COLOUR ( '', #2773 ) ;
#10144 = SURFACE_STYLE_USAGE ( .BOTH. , #6908 ) ;
#10145 = SURFACE_STYLE_FILL_AREA ( #551 ) ;
#10146 =( NAMED_UNIT ( * ) PLANE_ANGLE_UNIT ( ) SI_UNIT ( $, .RADIAN. ) );
#10147 = UNCERTAINTY_MEASURE_WITH_UNIT (LENGTH_MEASURE( 1.000000000000000082E-05 ), #3539, 'distance_accuracy_value', 'NONE');
#10148 = FACE_OUTER_BOUND ( 'NONE', #7170, .T. ) ;
#10149 = CARTESIAN_POINT ( 'NONE',  ( -3.380000000000000338, 0.1000000000000000056, 3.000000000000000000 ) ) ;
#10150 = EDGE_LOOP ( 'NONE', ( #5323, #905, #4607, #1725 ) ) ;
#10151 = DIRECTION ( 'NONE',  ( -1.000000000000000000, -0.000000000000000000, -0.000000000000000000 ) ) ;
#10152 = EDGE_LOOP ( 'NONE', ( #814, #860, #5370, #4998 ) ) ;
#10153 = EDGE_CURVE ( 'NONE', #5419, #6670, #8973, .T. ) ;
#10154 = SURFACE_SIDE_STYLE ('',( #4565 ) ) ;
#10155 = FACE_OUTER_BOUND ( 'NONE', #1793, .T. ) ;
#10156 = CARTESIAN_POINT ( 'NONE',  ( 4.649999999999999467, 0.9249999999999998224, -2.177674200520781422 ) ) ;
#10157 = ORIENTED_EDGE ( 'NONE', *, *, #1866, .T. ) ;
#10158 = MECHANICAL_DESIGN_GEOMETRIC_PRESENTATION_REPRESENTATION (  '', ( #8985 ), #6934 ) ;
#10159 = COLOUR_RGB ( '',0.2509803921568627416, 0.2509803921568627416, 0.2509803921568627416 ) ;
#10160 = CARTESIAN_POINT ( 'NONE',  ( 4.999999999999999112, 0.7000000000000166089, 2.000000000000000000 ) ) ;
#10161 = DIRECTION ( 'NONE',  ( -1.000000000000000000, -0.000000000000000000, -0.000000000000000000 ) ) ;
#10162 = CARTESIAN_POINT ( 'NONE',  ( -5.000000000000000888, 1.649999999999999911, -2.000000000000000000 ) ) ;
#10163 = PRESENTATION_LAYER_ASSIGNMENT (  '', '', ( #7793 ) ) ;
#10164 = ORIENTED_EDGE ( 'NONE', *, *, #9732, .T. ) ;
#10165 = SURFACE_SIDE_STYLE ('',( #10013 ) ) ;
#10166 = ORIENTED_EDGE ( 'NONE', *, *, #3879, .F. ) ;
#10167 = EDGE_CURVE ( 'NONE', #2204, #2629, #1256, .T. ) ;
#10168 = VECTOR ( 'NONE', #6159, 1000.000000000000000 ) ;
#10169 = VERTEX_POINT ( 'NONE', #9731 ) ;
#10170 = CIRCLE ( 'NONE', #3269, 0.08232579947921878083 ) ;
#10171 = SURFACE_SIDE_STYLE ('',( #10391 ) ) ;
#10172 = SURFACE_STYLE_USAGE ( .BOTH. , #2943 ) ;
#10173 = AXIS2_PLACEMENT_3D ( 'NONE', #325, #1029, #7601 ) ;
#10174 = ORIENTED_EDGE ( 'NONE', *, *, #5762, .T. ) ;
#10175 = DIRECTION ( 'NONE',  ( -1.000000000000000000, -0.000000000000000000, -0.000000000000000000 ) ) ;
#10176 = STYLED_ITEM ( 'NONE', ( #6577 ), #1344 ) ;
#10177 = CARTESIAN_POINT ( 'NONE',  ( 3.379999999999999449, 0.6426742005207811692, -2.459999999999999964 ) ) ;
#10178 = SURFACE_STYLE_USAGE ( .BOTH. , #10396 ) ;
#10179 = AXIS2_PLACEMENT_3D ( 'NONE', #6791, #10033, #2799 ) ;
#10180 = CARTESIAN_POINT ( 'NONE',  ( 0.4299999999999998268, 0.1823257994792188419, -2.542325799479218773 ) ) ;
#10181 = ORIENTED_EDGE ( 'NONE', *, *, #7066, .T. ) ;
#10182 =( GEOMETRIC_REPRESENTATION_CONTEXT ( 3 ) GLOBAL_UNCERTAINTY_ASSIGNED_CONTEXT ( ( #7958 ) ) GLOBAL_UNIT_ASSIGNED_CONTEXT ( ( #8352, #8560, #7628 ) ) REPRESENTATION_CONTEXT ( 'NONE', 'WORKASPACE' ) );
#10183 = CARTESIAN_POINT ( 'NONE',  ( 0.4299999999999998268, 0.6426742005207811692, 2.177674200520781422 ) ) ;
#10184 = AXIS2_PLACEMENT_3D ( 'NONE', #3077, #5591, #6259 ) ;
#10185 = EDGE_LOOP ( 'NONE', ( #7549, #1068, #7081, #7775 ) ) ;
#10186 = EDGE_CURVE ( 'NONE', #9963, #8992, #6488, .T. ) ;
#10187 = AXIS2_PLACEMENT_3D ( 'NONE', #8265, #1019, #9896 ) ;
#10188 = CARTESIAN_POINT ( 'NONE',  ( 2.969999999999999751, 0.7249999999999998668, 2.177674200520781422 ) ) ;
#10189 = SURFACE_STYLE_FILL_AREA ( #7745 ) ;
#10190 = MECHANICAL_DESIGN_GEOMETRIC_PRESENTATION_REPRESENTATION (  '', ( #5301 ), #5470 ) ;
#10191 = STYLED_ITEM ( 'NONE', ( #1849 ), #9764 ) ;
#10192 =( LENGTH_UNIT ( ) NAMED_UNIT ( * ) SI_UNIT ( .MILLI., .METRE. ) );
#10193 = DIRECTION ( 'NONE',  ( -1.000000000000000000, -0.000000000000000000, -0.000000000000000000 ) ) ;
#10194 = PLANE ( 'NONE',  #9923 ) ;
#10195 =( NAMED_UNIT ( * ) SI_UNIT ( $, .STERADIAN. ) SOLID_ANGLE_UNIT ( ) );
#10196 = ORIENTED_EDGE ( 'NONE', *, *, #9259, .F. ) ;
#10197 = CARTESIAN_POINT ( 'NONE',  ( 4.649999999999999467, 0.7249999999999999778, 2.000000000000000000 ) ) ;
#10198 = DIRECTION ( 'NONE',  ( 0.000000000000000000, 0.000000000000000000, 1.000000000000000000 ) ) ;
#10199 = ORIENTED_EDGE ( 'NONE', *, *, #9649, .T. ) ;
#10200 = ORIENTED_EDGE ( 'NONE', *, *, #7925, .T. ) ;
#10201 = EDGE_CURVE ( 'NONE', #9611, #6760, #8107, .T. ) ;
#10202 = AXIS2_PLACEMENT_3D ( 'NONE', #10087, #9506, #4543 ) ;
#10203 = PRESENTATION_LAYER_ASSIGNMENT (  '', '', ( #2782 ) ) ;
#10204 = VERTEX_POINT ( 'NONE', #2559 ) ;
#10205 = CARTESIAN_POINT ( 'NONE',  ( 2.969999999999999751, 0.6426742005207811692, 2.260000000000000231 ) ) ;
#10206 =( GEOMETRIC_REPRESENTATION_CONTEXT ( 3 ) GLOBAL_UNCERTAINTY_ASSIGNED_CONTEXT ( ( #1183 ) ) GLOBAL_UNIT_ASSIGNED_CONTEXT ( ( #1676, #4892, #3313 ) ) REPRESENTATION_CONTEXT ( 'NONE', 'WORKASPACE' ) );
#10207 = VECTOR ( 'NONE', #3374, 1000.000000000000000 ) ;
#10208 = EDGE_CURVE ( 'NONE', #1966, #6048, #1713, .T. ) ;
#10209 = DIRECTION ( 'NONE',  ( -0.000000000000000000, -1.000000000000000000, -0.000000000000000000 ) ) ;
#10210 = FILL_AREA_STYLE ('',( #1211 ) ) ;
#10211 = AXIS2_PLACEMENT_3D ( 'NONE', #5584, #4070, #2423 ) ;
#10212 = PLANE ( 'NONE',  #6469 ) ;
#10213 = ORIENTED_EDGE ( 'NONE', *, *, #1107, .F. ) ;
#10214 = VECTOR ( 'NONE', #1637, 1000.000000000000000 ) ;
#10215 =( NAMED_UNIT ( * ) PLANE_ANGLE_UNIT ( ) SI_UNIT ( $, .RADIAN. ) );
#10216 = STYLED_ITEM ( 'NONE', ( #649 ), #213 ) ;
#10217 = ORIENTED_EDGE ( 'NONE', *, *, #2341, .T. ) ;
#10218 = MECHANICAL_DESIGN_GEOMETRIC_PRESENTATION_REPRESENTATION (  '', ( #6142 ), #606 ) ;
#10219 = PRESENTATION_STYLE_ASSIGNMENT (( #6965 ) ) ;
#10220 = ORIENTED_EDGE ( 'NONE', *, *, #4100, .T. ) ;
#10221 = SURFACE_STYLE_USAGE ( .BOTH. , #1338 ) ;
#10222 = SURFACE_STYLE_FILL_AREA ( #3769 ) ;
#10223 = COLOUR_RGB ( '',0.7529411764705882248, 0.7529411764705882248, 0.7529411764705882248 ) ;
#10224 = CARTESIAN_POINT ( 'NONE',  ( 0.8399999999999996358, 0.1000000000000000056, -2.542325799479218773 ) ) ;
#10225 = VECTOR ( 'NONE', #4267, 1000.000000000000000 ) ;
#10226 = APPLICATION_CONTEXT ( 'automotive_design' ) ;
#10227 = CARTESIAN_POINT ( 'NONE',  ( 2.109999999999999432, 0.7249999999999998668, -2.177674200520781422 ) ) ;
#10228 = ORIENTED_EDGE ( 'NONE', *, *, #3508, .F. ) ;
#10229 = EDGE_CURVE ( 'NONE', #2239, #6302, #8949, .T. ) ;
#10230 =( NAMED_UNIT ( * ) SI_UNIT ( $, .STERADIAN. ) SOLID_ANGLE_UNIT ( ) );
#10231 = ORIENTED_EDGE ( 'NONE', *, *, #48, .T. ) ;
#10232 = AXIS2_PLACEMENT_3D ( 'NONE', #7147, #1473, #4691 ) ;
#10233 = FILL_AREA_STYLE_COLOUR ( '', #10114 ) ;
#10234 = ORIENTED_EDGE ( 'NONE', *, *, #7405, .F. ) ;
#10235 = VERTEX_POINT ( 'NONE', #9623 ) ;
#10236 = FILL_AREA_STYLE ('',( #569 ) ) ;
#10237 =( NAMED_UNIT ( * ) SI_UNIT ( $, .STERADIAN. ) SOLID_ANGLE_UNIT ( ) );
#10238 = CARTESIAN_POINT ( 'NONE',  ( -0.4300000000000007150, 0.6426742005207811692, -2.177674200520781422 ) ) ;
#10239 = EDGE_CURVE ( 'NONE', #380, #57, #10039, .T. ) ;
#10240 = DIRECTION ( 'NONE',  ( -1.000000000000000000, -0.000000000000000000, -0.000000000000000000 ) ) ;
#10241 = EDGE_LOOP ( 'NONE', ( #2937, #3223, #6631, #3839 ) ) ;
#10242 =( NAMED_UNIT ( * ) PLANE_ANGLE_UNIT ( ) SI_UNIT ( $, .RADIAN. ) );
#10243 = ORIENTED_EDGE ( 'NONE', *, *, #9097, .F. ) ;
#10244 = ORIENTED_EDGE ( 'NONE', *, *, #4373, .T. ) ;
#10245 = STYLED_ITEM ( 'NONE', ( #10316 ), #8153 ) ;
#10246 = CARTESIAN_POINT ( 'NONE',  ( -0.4300000000000007150, 0.7249999999999999778, -2.000000000000000000 ) ) ;
#10247 = DIRECTION ( 'NONE',  ( 0.000000000000000000, 1.000000000000000000, 0.000000000000000000 ) ) ;
#10248 = UNCERTAINTY_MEASURE_WITH_UNIT (LENGTH_MEASURE( 1.000000000000000082E-05 ), #7947, 'distance_accuracy_value', 'NONE');
#10249 = EDGE_CURVE ( 'NONE', #2248, #4960, #3347, .T. ) ;
#10250 = LINE ( 'NONE', #6945, #10168 ) ;
#10251 = ORIENTED_EDGE ( 'NONE', *, *, #1243, .T. ) ;
#10252 = MECHANICAL_DESIGN_GEOMETRIC_PRESENTATION_REPRESENTATION (  '', ( #166 ), #1829 ) ;
#10253 = LINE ( 'NONE', #2902, #4831 ) ;
#10254 = ORIENTED_EDGE ( 'NONE', *, *, #6446, .F. ) ;
#10255 = ORIENTED_EDGE ( 'NONE', *, *, #10135, .F. ) ;
#10256 = ORIENTED_EDGE ( 'NONE', *, *, #6379, .T. ) ;
#10257 = DIRECTION ( 'NONE',  ( -0.000000000000000000, -1.000000000000000000, -0.000000000000000000 ) ) ;
#10258 = CARTESIAN_POINT ( 'NONE',  ( -0.4300000000000007150, 0.7249999999999998668, 2.177674200520781422 ) ) ;
#10259 = CARTESIAN_POINT ( 'NONE',  ( 2.109999999999999432, 0.1823257994792188696, 2.259999999999999787 ) ) ;
#10260 = PRESENTATION_LAYER_ASSIGNMENT (  '', '', ( #4359 ) ) ;
#10261 = DIRECTION ( 'NONE',  ( 1.000000000000000000, 0.000000000000000000, 0.000000000000000000 ) ) ;
#10262 = CARTESIAN_POINT ( 'NONE',  ( -4.240000000000001101, 0.1000000000000000056, 3.000000000000000000 ) ) ;
#10263 = ADVANCED_FACE ( 'NONE', ( #5746 ), #772, .F. ) ;
#10264 = SURFACE_SIDE_STYLE ('',( #4558 ) ) ;
#10265 = EDGE_CURVE ( 'NONE', #4625, #3075, #9698, .T. ) ;
#10266 = ORIENTED_EDGE ( 'NONE', *, *, #2586, .F. ) ;
#10267 = VECTOR ( 'NONE', #303, 1000.000000000000000 ) ;
#10268 = ORIENTED_EDGE ( 'NONE', *, *, #7725, .F. ) ;
#10269 = FILL_AREA_STYLE ('',( #7018 ) ) ;
#10270 = VECTOR ( 'NONE', #7754, 1000.000000000000000 ) ;
#10271 = DIRECTION ( 'NONE',  ( 0.000000000000000000, 0.000000000000000000, 1.000000000000000000 ) ) ;
#10272 = ORIENTED_EDGE ( 'NONE', *, *, #9523, .T. ) ;
#10273 = CARTESIAN_POINT ( 'NONE',  ( -1.700000000000001066, 0.7249999999999999778, -2.000000000000000000 ) ) ;
#10274 =( NAMED_UNIT ( * ) PLANE_ANGLE_UNIT ( ) SI_UNIT ( $, .RADIAN. ) );
#10275 = AXIS2_PLACEMENT_3D ( 'NONE', #8359, #1015, #3562 ) ;
#10276 = PRESENTATION_STYLE_ASSIGNMENT (( #6969 ) ) ;
#10277 =( NAMED_UNIT ( * ) PLANE_ANGLE_UNIT ( ) SI_UNIT ( $, .RADIAN. ) );
#10278 =( GEOMETRIC_REPRESENTATION_CONTEXT ( 3 ) GLOBAL_UNCERTAINTY_ASSIGNED_CONTEXT ( ( #3875 ) ) GLOBAL_UNIT_ASSIGNED_CONTEXT ( ( #5465, #2310, #1461 ) ) REPRESENTATION_CONTEXT ( 'NONE', 'WORKASPACE' ) );
#10279 = PRESENTATION_LAYER_ASSIGNMENT (  '', '', ( #4375 ) ) ;
#10280 = DIRECTION ( 'NONE',  ( 0.000000000000000000, 0.000000000000000000, -1.000000000000000000 ) ) ;
#10281 = EDGE_CURVE ( 'NONE', #8548, #8907, #4879, .T. ) ;
#10282 = ORIENTED_EDGE ( 'NONE', *, *, #9663, .F. ) ;
#10283 = VERTEX_POINT ( 'NONE', #9674 ) ;
#10284 = VERTEX_POINT ( 'NONE', #2451 ) ;
#10285 = PRESENTATION_LAYER_ASSIGNMENT (  '', '', ( #5052 ) ) ;
#10286 = ORIENTED_EDGE ( 'NONE', *, *, #7757, .T. ) ;
#10287 = UNCERTAINTY_MEASURE_WITH_UNIT (LENGTH_MEASURE( 1.000000000000000082E-05 ), #4912, 'distance_accuracy_value', 'NONE');
#10288 = UNCERTAINTY_MEASURE_WITH_UNIT (LENGTH_MEASURE( 1.000000000000000082E-05 ), #5559, 'distance_accuracy_value', 'NONE');
#10289 = DIRECTION ( 'NONE',  ( 0.000000000000000000, 0.000000000000000000, -1.000000000000000000 ) ) ;
#10290 =( LENGTH_UNIT ( ) NAMED_UNIT ( * ) SI_UNIT ( .MILLI., .METRE. ) );
#10291 = CIRCLE ( 'NONE', #5892, 0.08232579947921878083 ) ;
#10292 =( NAMED_UNIT ( * ) PLANE_ANGLE_UNIT ( ) SI_UNIT ( $, .RADIAN. ) );
#10293 = CARTESIAN_POINT ( 'NONE',  ( 4.649999999999999467, 0.1000000000000000056, -2.542325799479218773 ) ) ;
#10294 = ORIENTED_EDGE ( 'NONE', *, *, #895, .F. ) ;
#10295 = VERTEX_POINT ( 'NONE', #8894 ) ;
#10296 = DIRECTION ( 'NONE',  ( -1.000000000000000000, -0.000000000000000000, -0.000000000000000000 ) ) ;
#10297 = EDGE_CURVE ( 'NONE', #7558, #1564, #2114, .T. ) ;
#10298 = AXIS2_PLACEMENT_3D ( 'NONE', #1919, #5126, #1267 ) ;
#10299 =( NAMED_UNIT ( * ) PLANE_ANGLE_UNIT ( ) SI_UNIT ( $, .RADIAN. ) );
#10300 = FILL_AREA_STYLE_COLOUR ( '', #5616 ) ;
#10301 = PLANE ( 'NONE',  #10202 ) ;
#10302 = DIRECTION ( 'NONE',  ( -1.000000000000000000, -0.000000000000000000, -0.000000000000000000 ) ) ;
#10303 =( LENGTH_UNIT ( ) NAMED_UNIT ( * ) SI_UNIT ( .MILLI., .METRE. ) );
#10304 = CARTESIAN_POINT ( 'NONE',  ( -1.700000000000001066, 0.7249999999999999778, 2.000000000000000000 ) ) ;
#10305 = VERTEX_POINT ( 'NONE', #3660 ) ;
#10306 = ORIENTED_EDGE ( 'NONE', *, *, #9073, .F. ) ;
#10307 = DIRECTION ( 'NONE',  ( 1.000000000000000000, 0.000000000000000000, -0.000000000000000000 ) ) ;
#10308 = EDGE_CURVE ( 'NONE', #10283, #3898, #5803, .T. ) ;
#10309 = SURFACE_SIDE_STYLE ('',( #1494 ) ) ;
#10310 = CARTESIAN_POINT ( 'NONE',  ( -2.970000000000000639, 0.6426742005207811692, -2.459999999999999964 ) ) ;
#10311 = FILL_AREA_STYLE_COLOUR ( '', #7541 ) ;
#10312 = UNCERTAINTY_MEASURE_WITH_UNIT (LENGTH_MEASURE( 1.000000000000000082E-05 ), #10067, 'distance_accuracy_value', 'NONE');
#10313 = CYLINDRICAL_SURFACE ( 'NONE', #6987, 0.08232579947921878083 ) ;
#10314 = DIRECTION ( 'NONE',  ( -1.000000000000000000, -0.000000000000000000, -0.000000000000000000 ) ) ;
#10315 = ORIENTED_EDGE ( 'NONE', *, *, #6226, .T. ) ;
#10316 = PRESENTATION_STYLE_ASSIGNMENT (( #5505 ) ) ;
#10317 = ORIENTED_EDGE ( 'NONE', *, *, #112, .T. ) ;
#10318 = SURFACE_STYLE_USAGE ( .BOTH. , #2191 ) ;
#10319 = ORIENTED_EDGE ( 'NONE', *, *, #7679, .T. ) ;
#10320 = EDGE_CURVE ( 'NONE', #7091, #6246, #1161, .T. ) ;
#10321 = CARTESIAN_POINT ( 'NONE',  ( -3.380000000000000338, -0.1000000000000000056, -2.542325799479218773 ) ) ;
#10322 = ADVANCED_FACE ( 'NONE', ( #9048 ), #2807, .F. ) ;
#10323 = DIRECTION ( 'NONE',  ( 0.000000000000000000, 0.000000000000000000, 1.000000000000000000 ) ) ;
#10324 =( NAMED_UNIT ( * ) PLANE_ANGLE_UNIT ( ) SI_UNIT ( $, .RADIAN. ) );
#10325 = CARTESIAN_POINT ( 'NONE',  ( -2.110000000000000764, 0.6426742005207811692, 2.459999999999999964 ) ) ;
#10326 = SURFACE_STYLE_FILL_AREA ( #2245 ) ;
#10327 = FILL_AREA_STYLE ('',( #1343 ) ) ;
#10328 = VERTEX_POINT ( 'NONE', #247 ) ;
#10329 = ORIENTED_EDGE ( 'NONE', *, *, #9860, .F. ) ;
#10330 = ADVANCED_FACE ( 'NONE', ( #6019 ), #6750, .T. ) ;
#10331 = COLOUR_RGB ( '',0.7529411764705882248, 0.7529411764705882248, 0.7529411764705882248 ) ;
#10332 = VERTEX_POINT ( 'NONE', #8413 ) ;
#10333 =( NAMED_UNIT ( * ) SI_UNIT ( $, .STERADIAN. ) SOLID_ANGLE_UNIT ( ) );
#10334 = PRESENTATION_LAYER_ASSIGNMENT (  '', '', ( #9324 ) ) ;
#10335 = EDGE_CURVE ( 'NONE', #7761, #5157, #2749, .T. ) ;
#10336 = AXIS2_PLACEMENT_3D ( 'NONE', #286, #4125, #5005 ) ;
#10337 = CARTESIAN_POINT ( 'NONE',  ( 0.8399999999999996358, 0.9250000000000000444, -2.000000000000000000 ) ) ;
#10338 = DIRECTION ( 'NONE',  ( 0.000000000000000000, -0.000000000000000000, -1.000000000000000000 ) ) ;
#10339 = LINE ( 'NONE', #8545, #4334 ) ;
#10340 = FILL_AREA_STYLE ('',( #2950 ) ) ;
#10341 = VECTOR ( 'NONE', #658, 1000.000000000000000 ) ;
#10342 = DIRECTION ( 'NONE',  ( 0.000000000000000000, -1.000000000000000000, 0.000000000000000000 ) ) ;
#10343 = UNCERTAINTY_MEASURE_WITH_UNIT (LENGTH_MEASURE( 1.000000000000000082E-05 ), #7084, 'distance_accuracy_value', 'NONE');
#10344 = CYLINDRICAL_SURFACE ( 'NONE', #5148, 0.08232579947921878083 ) ;
#10345 = DIRECTION ( 'NONE',  ( 0.000000000000000000, -1.000000000000000000, 0.000000000000000000 ) ) ;
#10346 = ADVANCED_FACE ( 'NONE', ( #1325 ), #500, .F. ) ;
#10347 = CARTESIAN_POINT ( 'NONE',  ( -3.380000000000000338, 0.9250000000000000444, -2.000000000000000000 ) ) ;
#10348 = AXIS2_PLACEMENT_3D ( 'NONE', #1426, #642, #4803 ) ;
#10349 = CARTESIAN_POINT ( 'NONE',  ( 1.699999999999999734, 0.7249999999999999778, -2.000000000000000000 ) ) ;
#10350 =( LENGTH_UNIT ( ) NAMED_UNIT ( * ) SI_UNIT ( .MILLI., .METRE. ) );
#10351 = DIRECTION ( 'NONE',  ( 0.000000000000000000, 0.000000000000000000, 1.000000000000000000 ) ) ;
#10352 = AXIS2_PLACEMENT_3D ( 'NONE', #9757, #5622, #838 ) ;
#10353 = VECTOR ( 'NONE', #4431, 1000.000000000000000 ) ;
#10354 = DIRECTION ( 'NONE',  ( -1.000000000000000000, -0.000000000000000000, -0.000000000000000000 ) ) ;
#10355 = EDGE_CURVE ( 'NONE', #3375, #5179, #7872, .T. ) ;
#10356 = CARTESIAN_POINT ( 'NONE',  ( -2.970000000000000639, 0.1823257994792188419, -2.542325799479218773 ) ) ;
#10357 = ORIENTED_EDGE ( 'NONE', *, *, #8516, .F. ) ;
#10358 = AXIS2_PLACEMENT_3D ( 'NONE', #2875, #1174, #7591 ) ;
#10359 = VERTEX_POINT ( 'NONE', #10205 ) ;
#10360 = DIRECTION ( 'NONE',  ( -1.000000000000000000, -0.000000000000000000, -0.000000000000000000 ) ) ;
#10361 = STYLED_ITEM ( 'NONE', ( #6745 ), #6491 ) ;
#10362 = LINE ( 'NONE', #3129, #7039 ) ;
#10363 = COLOUR_RGB ( '',0.7529411764705882248, 0.7529411764705882248, 0.7529411764705882248 ) ;
#10364 = CARTESIAN_POINT ( 'NONE',  ( 4.649999999999999467, 0.9250000000000000444, 2.000000000000000000 ) ) ;
#10365 = DIRECTION ( 'NONE',  ( -1.000000000000000000, -0.000000000000000000, -0.000000000000000000 ) ) ;
#10366 = LINE ( 'NONE', #7178, #9171 ) ;
#10367 = VERTEX_POINT ( 'NONE', #5277 ) ;
#10368 = SURFACE_STYLE_FILL_AREA ( #7115 ) ;
#10369 = VERTEX_POINT ( 'NONE', #6112 ) ;
#10370 = STYLED_ITEM ( 'NONE', ( #1784 ), #10005 ) ;
#10371 = LINE ( 'NONE', #2137, #8499 ) ;
#10372 = MECHANICAL_DESIGN_GEOMETRIC_PRESENTATION_REPRESENTATION (  '', ( #3119 ), #5305 ) ;
#10373 = EDGE_LOOP ( 'NONE', ( #10423, #171, #5451, #2806, #872, #10400, #5368, #8677, #5508, #2920, #2905, #4281 ) ) ;
#10374 = CARTESIAN_POINT ( 'NONE',  ( -4.240000000000001101, 0.9250000000000000444, -2.000000000000000000 ) ) ;
#10375 =( NAMED_UNIT ( * ) PLANE_ANGLE_UNIT ( ) SI_UNIT ( $, .RADIAN. ) );
#10376 = PLANE ( 'NONE',  #6720 ) ;
#10377 =( NAMED_UNIT ( * ) SI_UNIT ( $, .STERADIAN. ) SOLID_ANGLE_UNIT ( ) );
#10378 = MECHANICAL_DESIGN_GEOMETRIC_PRESENTATION_REPRESENTATION (  '', ( #2112 ), #6644 ) ;
#10379 = STYLED_ITEM ( 'NONE', ( #9134 ), #9876 ) ;
#10380 = LINE ( 'NONE', #8058, #2360 ) ;
#10381 = PRESENTATION_LAYER_ASSIGNMENT (  '', '', ( #6473 ) ) ;
#10382 = ADVANCED_FACE ( 'NONE', ( #4498 ), #4661, .T. ) ;
#10383 = FACE_OUTER_BOUND ( 'NONE', #3407, .T. ) ;
#10384 = VECTOR ( 'NONE', #10102, 1000.000000000000000 ) ;
#10385 = CARTESIAN_POINT ( 'NONE',  ( 2.969999999999999751, 0.1000000000000000056, -3.000000000000000000 ) ) ;
#10386 = VECTOR ( 'NONE', #3961, 1000.000000000000000 ) ;
#10387 = ORIENTED_EDGE ( 'NONE', *, *, #8449, .F. ) ;
#10388 =( GEOMETRIC_REPRESENTATION_CONTEXT ( 3 ) GLOBAL_UNCERTAINTY_ASSIGNED_CONTEXT ( ( #269 ) ) GLOBAL_UNIT_ASSIGNED_CONTEXT ( ( #7224, #3235, #9654 ) ) REPRESENTATION_CONTEXT ( 'NONE', 'WORKASPACE' ) );
#10389 = MECHANICAL_DESIGN_GEOMETRIC_PRESENTATION_REPRESENTATION (  '', ( #4489 ), #8874 ) ;
#10390 = UNCERTAINTY_MEASURE_WITH_UNIT (LENGTH_MEASURE( 1.000000000000000082E-05 ), #4579, 'distance_accuracy_value', 'NONE');
#10391 = SURFACE_STYLE_FILL_AREA ( #10236 ) ;
#10392 = UNCERTAINTY_MEASURE_WITH_UNIT (LENGTH_MEASURE( 1.000000000000000082E-05 ), #5012, 'distance_accuracy_value', 'NONE');
#10393 = STYLED_ITEM ( 'NONE', ( #89 ), #7418 ) ;
#10394 = EDGE_CURVE ( 'NONE', #2281, #7091, #8564, .T. ) ;
#10395 = VECTOR ( 'NONE', #4059, 1000.000000000000000 ) ;
#10396 = SURFACE_SIDE_STYLE ('',( #9455 ) ) ;
#10397 = DIRECTION ( 'NONE',  ( -1.000000000000000000, -0.000000000000000000, -0.000000000000000000 ) ) ;
#10398 = AXIS2_PLACEMENT_3D ( 'NONE', #2522, #5716, #7248 ) ;
#10399 = ORIENTED_EDGE ( 'NONE', *, *, #10412, .F. ) ;
#10400 = ORIENTED_EDGE ( 'NONE', *, *, #9226, .T. ) ;
#10401 = VERTEX_POINT ( 'NONE', #4710 ) ;
#10402 = CARTESIAN_POINT ( 'NONE',  ( -2.110000000000000764, 0.7249999999999999778, -2.000000000000000000 ) ) ;
#10403 =( GEOMETRIC_REPRESENTATION_CONTEXT ( 3 ) GLOBAL_UNCERTAINTY_ASSIGNED_CONTEXT ( ( #8798 ) ) GLOBAL_UNIT_ASSIGNED_CONTEXT ( ( #5611, #7193, #3312 ) ) REPRESENTATION_CONTEXT ( 'NONE', 'WORKASPACE' ) );
#10404 = FACE_OUTER_BOUND ( 'NONE', #5532, .T. ) ;
#10405 =( LENGTH_UNIT ( ) NAMED_UNIT ( * ) SI_UNIT ( .MILLI., .METRE. ) );
#10406 =( LENGTH_UNIT ( ) NAMED_UNIT ( * ) SI_UNIT ( .MILLI., .METRE. ) );
#10407 = FILL_AREA_STYLE_COLOUR ( '', #4844 ) ;
#10408 = CARTESIAN_POINT ( 'NONE',  ( 3.379999999999999449, 0.1000000000000000056, -3.000000000000000000 ) ) ;
#10409 = CARTESIAN_POINT ( 'NONE',  ( -1.700000000000001066, 0.1000000000000000056, -2.542325799479218773 ) ) ;
#10410 = DIRECTION ( 'NONE',  ( 0.000000000000000000, -1.000000000000000000, 0.000000000000000000 ) ) ;
#10411 = ORIENTED_EDGE ( 'NONE', *, *, #8455, .T. ) ;
#10412 = EDGE_CURVE ( 'NONE', #6760, #9560, #4597, .T. ) ;
#10413 = EDGE_CURVE ( 'NONE', #4624, #7558, #3817, .T. ) ;
#10414 = VERTEX_POINT ( 'NONE', #3025 ) ;
#10415 = ORIENTED_EDGE ( 'NONE', *, *, #5062, .F. ) ;
#10416 = DIRECTION ( 'NONE',  ( -1.000000000000000000, -0.000000000000000000, -0.000000000000000000 ) ) ;
#10417 = SURFACE_STYLE_USAGE ( .BOTH. , #3239 ) ;
#10418 = MECHANICAL_DESIGN_GEOMETRIC_PRESENTATION_REPRESENTATION (  '', ( #4506 ), #6336 ) ;
#10419 = VECTOR ( 'NONE', #1707, 1000.000000000000000 ) ;
#10420 = SURFACE_STYLE_USAGE ( .BOTH. , #656 ) ;
#10421 = PLANE ( 'NONE',  #6635 ) ;
#10422 = FACE_OUTER_BOUND ( 'NONE', #8563, .T. ) ;
#10423 = ORIENTED_EDGE ( 'NONE', *, *, #7331, .F. ) ;
#10424 = SURFACE_STYLE_FILL_AREA ( #8625 ) ;
#10425 = CARTESIAN_POINT ( 'NONE',  ( 4.999999999999999112, 0.000000000000000000, -1.876571113504073907 ) ) ;
#10426 = EDGE_LOOP ( 'NONE', ( #3758, #2494, #4103, #9549 ) ) ;
ENDSEC;
END-ISO-10303-21;
